param,index,value
kappa,0,0.03402413800358772
kappa,1,0.04498276114463806
kappa,2,0.04324641078710556
kappa,3,0.04020916670560837
kappa,4,0.04113638028502464
lengthscale,0,0.387472927570343
lengthscale,1,0.37226808071136475
lengthscale,2,0.38028550148010254
lengthscale,3,0.4025799632072449
lengthscale,4,0.39498966932296753
gp_latent_0,0,0.02853253297507763
gp_latent_0,1,-0.02487705834209919
gp_latent_0,2,0.009087635204195976
gp_latent_0,3,0.042100995779037476
gp_latent_0,4,0.03895413875579834
gp_latent_0,5,0.030780300498008728
gp_latent_0,6,0.0013445769436657429
gp_latent_0,7,-0.008612686768174171
gp_latent_0,8,0.012891148217022419
gp_latent_0,9,-0.05843790993094444
gp_latent_0,10,0.04081547632813454
gp_latent_0,11,0.010597949847579002
gp_latent_0,12,0.01248991023749113
gp_latent_0,13,0.012667178176343441
gp_latent_0,14,-0.00019249715842306614
gp_latent_0,15,0.006912971381098032
gp_latent_0,16,0.008109078742563725
gp_latent_0,17,-0.008576685562729836
gp_latent_0,18,-0.0534190870821476
gp_latent_0,19,0.02973185107111931
gp_latent_0,20,-0.02473313920199871
gp_latent_0,21,0.008979051373898983
gp_latent_0,22,0.011611143127083778
gp_latent_0,23,0.005225694738328457
gp_latent_0,24,0.02219354920089245
gp_latent_0,25,0.008134076371788979
gp_latent_0,26,0.058835577219724655
gp_latent_0,27,0.022792188450694084
gp_latent_0,28,-0.013487862423062325
gp_latent_0,29,-0.02794041484594345
gp_latent_0,30,-0.010829438455402851
gp_latent_0,31,0.005549903959035873
gp_latent_0,32,0.016032371670007706
gp_latent_0,33,-0.026509836316108704
gp_latent_0,34,0.01361222192645073
gp_latent_0,35,0.01711459271609783
gp_latent_0,36,0.015512865036725998
gp_latent_0,37,0.015158873982727528
gp_latent_0,38,-0.02561008930206299
gp_latent_0,39,-0.05267319083213806
gp_latent_0,40,0.0021890662610530853
gp_latent_0,41,0.011706948280334473
gp_latent_0,42,0.01846403442323208
gp_latent_0,43,0.025328276678919792
gp_latent_0,44,0.01763363555073738
gp_latent_0,45,-0.03956656903028488
gp_latent_0,46,0.011339826509356499
gp_latent_0,47,-0.0008147282060235739
gp_latent_0,48,0.011794567108154297
gp_latent_0,49,0.009567196480929852
gp_latent_0,50,-0.008460527285933495
gp_latent_0,51,-0.006163191515952349
gp_latent_0,52,0.05015404149889946
gp_latent_0,53,0.007590021938085556
gp_latent_0,54,-6.794976070523262e-05
gp_latent_0,55,-0.022434132173657417
gp_latent_0,56,-0.03548530489206314
gp_latent_0,57,0.011865968815982342
gp_latent_0,58,0.034081265330314636
gp_latent_0,59,-0.007778567261993885
gp_latent_0,60,0.016847774386405945
gp_latent_0,61,-0.01934237778186798
gp_latent_0,62,0.023211099207401276
gp_latent_0,63,-0.0331464484333992
gp_latent_0,64,-0.0022068023681640625
gp_latent_0,65,0.028695549815893173
gp_latent_0,66,-0.00886173453181982
gp_latent_0,67,0.0071236807852983475
gp_latent_0,68,-0.011940795928239822
gp_latent_0,69,0.01677940972149372
gp_latent_0,70,0.009694971144199371
gp_latent_0,71,-0.030929531902074814
gp_latent_0,72,-0.012884038500487804
gp_latent_0,73,-0.012838007882237434
gp_latent_0,74,-0.010097431018948555
gp_latent_0,75,-0.012413984164595604
gp_latent_0,76,-0.02043560892343521
gp_latent_0,77,-0.027510520070791245
gp_latent_0,78,-0.0029076223727315664
gp_latent_0,79,-0.0053080059587955475
gp_latent_0,80,-0.01497429609298706
gp_latent_0,81,0.002339104190468788
gp_latent_0,82,0.00025171833112835884
gp_latent_0,83,0.032880134880542755
gp_latent_0,84,0.009917974472045898
gp_latent_0,85,0.0018806946463882923
gp_latent_0,86,0.01752808876335621
gp_latent_0,87,0.019345106557011604
gp_latent_0,88,-0.018298719078302383
gp_latent_0,89,0.03850145637989044
gp_latent_0,90,0.0068189543671905994
gp_latent_0,91,0.013501007109880447
gp_latent_0,92,-0.033622533082962036
gp_latent_0,93,0.012232234701514244
gp_latent_0,94,-0.0010428030509501696
gp_latent_0,95,-0.012359504587948322
gp_latent_0,96,0.02334931306540966
gp_latent_0,97,0.014718513935804367
gp_latent_0,98,-0.008254701271653175
gp_latent_0,99,-0.01416006963700056
gp_latent_0,100,-0.003615539986640215
gp_latent_0,101,-0.04055897891521454
gp_latent_0,102,-0.0353095643222332
gp_latent_0,103,-0.00907269399613142
gp_latent_0,104,-0.02173052914440632
gp_latent_0,105,0.001839515520259738
gp_latent_0,106,-0.009688802063465118
gp_latent_0,107,0.0031169469002634287
gp_latent_0,108,0.0027633467689156532
gp_latent_0,109,-0.009267570450901985
gp_latent_0,110,-0.009771913290023804
gp_latent_0,111,-0.005542547907680273
gp_latent_0,112,-0.003141782246530056
gp_latent_0,113,-0.03488227352499962
gp_latent_0,114,-0.021225271746516228
gp_latent_0,115,0.020392008125782013
gp_latent_0,116,0.016300857067108154
gp_latent_0,117,-0.011896707117557526
gp_latent_0,118,-0.018154438585042953
gp_latent_0,119,0.009557508863508701
gp_latent_0,120,-0.03482262045145035
gp_latent_0,121,-0.014293519780039787
gp_latent_0,122,0.01677004247903824
gp_latent_0,123,-0.000638995785266161
gp_latent_0,124,-0.025017142295837402
gp_latent_0,125,0.0001959451474249363
gp_latent_0,126,-0.0039559644646942616
gp_latent_0,127,0.01539953425526619
gp_latent_0,128,0.0002423443365842104
gp_latent_0,129,0.011023810133337975
gp_latent_0,130,0.01150713674724102
gp_latent_0,131,0.010870722122490406
gp_latent_0,132,-0.002583657391369343
gp_latent_0,133,0.02468416467308998
gp_latent_0,134,0.02104783244431019
gp_latent_0,135,0.013317348435521126
gp_latent_0,136,0.0005285385996103287
gp_latent_0,137,-0.040149617940187454
gp_latent_0,138,-0.016583628952503204
gp_latent_0,139,-0.01528865098953247
gp_latent_0,140,0.009694120846688747
gp_latent_0,141,-0.031179480254650116
gp_latent_0,142,-0.0335308238863945
gp_latent_0,143,-0.009223094210028648
gp_latent_0,144,0.005750756245106459
gp_latent_0,145,-0.03280195966362953
gp_latent_0,146,-0.013647520914673805
gp_latent_0,147,0.0008868100121617317
gp_latent_0,148,0.02327403798699379
gp_latent_0,149,-0.0076950304210186005
gp_latent_0,150,-0.002618793398141861
gp_latent_0,151,-0.00037949439138174057
gp_latent_0,152,0.012158028781414032
gp_latent_0,153,-0.010848223231732845
gp_latent_0,154,-0.008498167619109154
gp_latent_0,155,0.0010022441856563091
gp_latent_0,156,0.020487112924456596
gp_latent_0,157,0.005461027845740318
gp_latent_0,158,0.013694729655981064
gp_latent_0,159,-0.010959209874272346
gp_latent_0,160,0.019143426790833473
gp_latent_0,161,-0.0003889068029820919
gp_latent_0,162,0.020135601982474327
gp_latent_0,163,0.00505231274291873
gp_latent_0,164,-0.0011440302478149533
gp_latent_0,165,-0.0018676534527912736
gp_latent_0,166,0.008135572075843811
gp_latent_0,167,0.010718662291765213
gp_latent_0,168,0.015231231227517128
gp_latent_0,169,0.00528723793104291
gp_latent_0,170,0.008059133775532246
gp_latent_0,171,-0.0022602365352213383
gp_latent_0,172,0.03837060555815697
gp_latent_0,173,-0.0019203061237931252
gp_latent_0,174,-0.03133111819624901
gp_latent_0,175,0.020959191024303436
gp_latent_0,176,-0.033374715596437454
gp_latent_0,177,0.006696806754916906
gp_latent_0,178,0.0020585092715919018
gp_latent_0,179,0.03599849343299866
gp_latent_0,180,-0.01218127366155386
gp_latent_0,181,0.007127593271434307
gp_latent_0,182,0.027689462527632713
gp_latent_0,183,0.02297947369515896
gp_latent_0,184,-0.015027761459350586
gp_latent_0,185,0.008078625425696373
gp_latent_0,186,0.036942046135663986
gp_latent_0,187,-0.03820110857486725
gp_latent_0,188,-0.002174997003749013
gp_latent_0,189,-0.011453898623585701
gp_latent_0,190,-0.008405845612287521
gp_latent_0,191,-0.05049234628677368
gp_latent_0,192,-0.034609634429216385
gp_latent_0,193,-0.02775607816874981
gp_latent_0,194,0.023773128166794777
gp_latent_0,195,0.0017737825401127338
gp_latent_0,196,0.020082978531718254
gp_latent_0,197,-0.01149551011621952
gp_latent_0,198,0.018535098060965538
gp_latent_0,199,-0.04698941111564636
gp_latent_0,200,-0.039397094398736954
gp_latent_0,201,0.01141231507062912
gp_latent_0,202,0.06137232482433319
gp_latent_0,203,0.008554174564778805
gp_latent_0,204,0.010558245703577995
gp_latent_0,205,-0.02466089464724064
gp_latent_0,206,0.05176924914121628
gp_latent_0,207,0.004510357975959778
gp_latent_0,208,0.01918446458876133
gp_latent_0,209,0.025214971974492073
gp_latent_0,210,-0.0054571013897657394
gp_latent_0,211,-0.033049326390028
gp_latent_0,212,0.02016298845410347
gp_latent_0,213,-0.004248771816492081
gp_latent_0,214,-0.01004626415669918
gp_latent_0,215,0.013385381549596786
gp_latent_0,216,0.004811888560652733
gp_latent_0,217,-0.041512999683618546
gp_latent_0,218,0.02519315481185913
gp_latent_0,219,-0.0021356127690523863
gp_latent_0,220,0.0004080921062268317
gp_latent_0,221,-0.011622251011431217
gp_latent_0,222,0.0041340067982673645
gp_latent_0,223,0.00642508827149868
gp_latent_0,224,0.0010236087255179882
gp_latent_0,225,-0.020633360370993614
gp_latent_0,226,-0.00978767964988947
gp_latent_0,227,0.002699771896004677
gp_latent_0,228,-0.005005562677979469
gp_latent_0,229,-0.009670048952102661
gp_latent_0,230,-0.015822092071175575
gp_latent_0,231,-0.027223853394389153
gp_latent_0,232,-0.03493373468518257
gp_latent_0,233,-0.041202615946531296
gp_latent_0,234,-0.03743909299373627
gp_latent_0,235,0.007488922215998173
gp_latent_0,236,0.013813554309308529
gp_latent_0,237,-0.0033994310069829226
gp_latent_0,238,-0.016151543706655502
gp_latent_0,239,-0.016863703727722168
gp_latent_0,240,-0.0005762209184467793
gp_latent_0,241,0.029895642772316933
gp_latent_0,242,0.017686741426587105
gp_latent_0,243,0.047839198261499405
gp_latent_0,244,0.06449098885059357
gp_latent_0,245,0.03294270485639572
gp_latent_0,246,-0.05169624462723732
gp_latent_0,247,-0.014703689143061638
gp_latent_0,248,-0.011191997677087784
gp_latent_0,249,-0.0044172098860144615
gp_latent_0,250,0.006475790403783321
gp_latent_0,251,-0.022746462374925613
gp_latent_0,252,0.03449258580803871
gp_latent_0,253,-0.014837078750133514
gp_latent_0,254,-0.0026996126398444176
gp_latent_0,255,-0.013460276648402214
gp_latent_0,256,-0.02059735357761383
gp_latent_0,257,-0.0019190928433090448
gp_latent_0,258,0.043039239943027496
gp_latent_0,259,0.003968947567045689
gp_latent_0,260,0.028737621381878853
gp_latent_0,261,0.0050824908539652824
gp_latent_0,262,-0.004640571773052216
gp_latent_0,263,-0.007866192609071732
gp_latent_0,264,-0.024798410013318062
gp_latent_0,265,-0.010712126269936562
gp_latent_0,266,0.00700981542468071
gp_latent_0,267,-0.00540319224819541
gp_latent_0,268,0.006336770951747894
gp_latent_0,269,0.03007666766643524
gp_latent_0,270,-0.013372618705034256
gp_latent_0,271,-0.011959701776504517
gp_latent_0,272,-0.007947655394673347
gp_latent_0,273,0.011079440824687481
gp_latent_0,274,0.023881036788225174
gp_latent_0,275,0.013632851652801037
gp_latent_0,276,0.0033477747347205877
gp_latent_0,277,0.020269889384508133
gp_latent_0,278,-0.011239426210522652
gp_latent_0,279,-0.03494612127542496
gp_latent_0,280,-0.0060286023654043674
gp_latent_0,281,0.03790498897433281
gp_latent_0,282,0.02584955468773842
gp_latent_0,283,0.0678044855594635
gp_latent_0,284,0.019171787425875664
gp_latent_0,285,-0.011456177569925785
gp_latent_0,286,0.0038083000108599663
gp_latent_0,287,-0.027131743729114532
gp_latent_0,288,-0.00928439386188984
gp_latent_0,289,0.00011295563308522105
gp_latent_0,290,0.021287186071276665
gp_latent_0,291,0.023385366424918175
gp_latent_0,292,0.008375161327421665
gp_latent_0,293,-0.00040763415745459497
gp_latent_0,294,0.012558986432850361
gp_latent_0,295,0.012986164540052414
gp_latent_0,296,0.010465297847986221
gp_latent_0,297,0.011539967730641365
gp_latent_0,298,0.021271921694278717
gp_latent_0,299,-0.009990242309868336
gp_latent_0,300,0.006731333211064339
gp_latent_0,301,-0.012649268843233585
gp_latent_0,302,-0.018554624170064926
gp_latent_0,303,-0.009464779868721962
gp_latent_0,304,0.02382909506559372
gp_latent_0,305,0.02876884862780571
gp_latent_0,306,0.030655520036816597
gp_latent_0,307,0.01952037587761879
gp_latent_0,308,-0.011920688673853874
gp_latent_0,309,-0.02226526290178299
gp_latent_0,310,0.015367954969406128
gp_latent_0,311,0.015268520452082157
gp_latent_0,312,-0.023379195481538773
gp_latent_0,313,-0.005403407849371433
gp_latent_0,314,0.028603387996554375
gp_latent_0,315,0.019184768199920654
gp_latent_0,316,-0.004281004425138235
gp_latent_0,317,-0.010860306210815907
gp_latent_0,318,0.021728111431002617
gp_latent_0,319,0.010999273508787155
gp_latent_0,320,-0.019968518987298012
gp_latent_0,321,0.00893055833876133
gp_latent_0,322,0.03195635601878166
gp_latent_0,323,-0.011150134727358818
gp_latent_0,324,0.011778226122260094
gp_latent_0,325,-0.007229871582239866
gp_latent_0,326,0.005149153061211109
gp_latent_0,327,0.0025072917342185974
gp_latent_0,328,-0.011487712152302265
gp_latent_0,329,-0.041702620685100555
gp_latent_0,330,-0.00646299310028553
gp_latent_0,331,0.013914325274527073
gp_latent_0,332,0.02332705445587635
gp_latent_0,333,0.021043773740530014
gp_latent_0,334,-0.014694740064442158
gp_latent_0,335,0.005698772147297859
gp_latent_0,336,-0.02416936121881008
gp_latent_0,337,0.028990723192691803
gp_latent_0,338,0.04932250455021858
gp_latent_0,339,0.05262032896280289
gp_latent_0,340,-0.01730162277817726
gp_latent_0,341,-0.002807309851050377
gp_latent_0,342,-0.03934182599186897
gp_latent_0,343,0.014933934435248375
gp_latent_0,344,0.00890251062810421
gp_latent_0,345,0.01845560595393181
gp_latent_0,346,0.007789652794599533
gp_latent_0,347,0.018722642213106155
gp_latent_0,348,0.04262854531407356
gp_latent_0,349,0.01222130749374628
gp_latent_0,350,0.018991757184267044
gp_latent_0,351,-0.0026836544275283813
gp_latent_0,352,0.05278630554676056
gp_latent_0,353,0.02016565576195717
gp_latent_0,354,0.043476033955812454
gp_latent_0,355,0.010382607579231262
gp_latent_0,356,-0.004786878824234009
gp_latent_0,357,-0.006579567678272724
gp_latent_0,358,0.0200949739664793
gp_latent_0,359,0.01013093814253807
gp_latent_0,360,0.03365044295787811
gp_latent_0,361,0.0007251047063618898
gp_latent_0,362,-0.0034318664111196995
gp_latent_0,363,0.026431594043970108
gp_latent_0,364,0.05460065230727196
gp_latent_0,365,0.004232540726661682
gp_latent_0,366,0.0016898217145353556
gp_latent_0,367,0.014380408450961113
gp_latent_0,368,0.020216749981045723
gp_latent_0,369,0.004491398576647043
gp_latent_0,370,0.011126642115414143
gp_latent_0,371,0.038337111473083496
gp_latent_0,372,-0.016316641122102737
gp_latent_0,373,0.009947115555405617
gp_latent_0,374,-0.02667832188308239
gp_latent_0,375,-0.03106735646724701
gp_latent_0,376,-0.04979068040847778
gp_latent_0,377,-0.02516770176589489
gp_latent_0,378,-0.020671166479587555
gp_latent_0,379,-0.04448283836245537
gp_latent_0,380,-0.014881109818816185
gp_latent_0,381,0.010427866131067276
gp_latent_0,382,0.0115080950781703
gp_latent_0,383,-0.006482016760855913
gp_latent_0,384,-0.02387782372534275
gp_latent_0,385,0.027659384533762932
gp_latent_0,386,-0.004618413280695677
gp_latent_0,387,0.010634894482791424
gp_latent_0,388,0.004695599898695946
gp_latent_0,389,0.009845943190157413
gp_latent_0,390,-0.007032089401036501
gp_latent_0,391,0.011700143106281757
gp_latent_0,392,0.005711797624826431
gp_latent_0,393,-0.03882275149226189
gp_latent_0,394,-0.03845349699258804
gp_latent_0,395,-0.010514500550925732
gp_latent_0,396,0.020351188257336617
gp_latent_0,397,0.020016755908727646
gp_latent_0,398,0.024650294333696365
gp_latent_0,399,0.030571380630135536
gp_latent_0,400,0.003562111407518387
gp_latent_0,401,-0.015426430851221085
gp_latent_0,402,-0.01519576646387577
gp_latent_0,403,0.03608330711722374
gp_latent_0,404,0.0017172722145915031
gp_latent_0,405,-0.0030196653679013252
gp_latent_0,406,-0.004899597726762295
gp_latent_0,407,-0.008766446262598038
gp_latent_0,408,0.007500004023313522
gp_latent_0,409,0.014618225395679474
gp_latent_0,410,0.0003160466440021992
gp_latent_0,411,-0.037741322070360184
gp_latent_0,412,0.00174655020236969
gp_latent_0,413,0.005387133918702602
gp_latent_0,414,0.018316006287932396
gp_latent_0,415,-0.003162916749715805
gp_latent_0,416,-0.026313114911317825
gp_latent_0,417,0.031851090490818024
gp_latent_0,418,0.0038654389791190624
gp_latent_0,419,-0.024744577705860138
gp_latent_0,420,0.01299246121197939
gp_latent_0,421,0.004739323165267706
gp_latent_0,422,-0.008108188398182392
gp_latent_0,423,0.002811630256474018
gp_latent_0,424,-0.01630731113255024
gp_latent_0,425,-0.005604421254247427
gp_latent_0,426,-0.017269205302000046
gp_latent_0,427,-0.003679352579638362
gp_latent_0,428,0.006582255009561777
gp_latent_0,429,0.032702069729566574
gp_latent_0,430,0.03279003128409386
gp_latent_0,431,-1.1187279596924782e-05
gp_latent_0,432,0.02364288456737995
gp_latent_0,433,0.010157177224755287
gp_latent_0,434,-0.04498347267508507
gp_latent_0,435,-0.04340309649705887
gp_latent_0,436,-0.011443153023719788
gp_latent_0,437,-0.02661936543881893
gp_latent_0,438,-0.014506729319691658
gp_latent_0,439,0.013916954398155212
gp_latent_0,440,0.015442411415278912
gp_latent_0,441,0.02521272748708725
gp_latent_0,442,0.029653143137693405
gp_latent_0,443,0.01997223310172558
gp_latent_0,444,0.029592350125312805
gp_latent_0,445,0.03293616697192192
gp_latent_0,446,0.010037986561655998
gp_latent_0,447,-0.05054901912808418
gp_latent_0,448,-0.044120967388153076
gp_latent_0,449,-0.05043153092265129
gp_latent_0,450,-0.035377610474824905
gp_latent_0,451,-0.01904461719095707
gp_latent_0,452,-0.002985126804560423
gp_latent_0,453,0.003872548695653677
gp_latent_0,454,0.0032720668241381645
gp_latent_0,455,-0.008890325203537941
gp_latent_0,456,-0.03973889350891113
gp_latent_0,457,-0.008503446355462074
gp_latent_0,458,-0.009776506572961807
gp_latent_0,459,-0.00931314006447792
gp_latent_0,460,-0.011276588775217533
gp_latent_0,461,-0.04701346158981323
gp_latent_0,462,0.041112035512924194
gp_latent_0,463,0.012557325884699821
gp_latent_0,464,0.03587882220745087
gp_latent_0,465,0.028631718829274178
gp_latent_0,466,-0.05086512118577957
gp_latent_0,467,-0.004332551266998053
gp_latent_0,468,-0.021148674190044403
gp_latent_0,469,0.01573377102613449
gp_latent_0,470,0.022407840937376022
gp_latent_0,471,-0.034123215824365616
gp_latent_0,472,0.02790903113782406
gp_latent_0,473,0.03967581316828728
gp_latent_0,474,0.003997557330876589
gp_latent_0,475,-0.007154474034905434
gp_latent_0,476,0.04699477180838585
gp_latent_0,477,0.04635613411664963
gp_latent_0,478,-0.03114508092403412
gp_latent_0,479,-0.04208414629101753
gp_latent_0,480,0.003037972142919898
gp_latent_0,481,0.04467979446053505
gp_latent_0,482,-0.02341355010867119
gp_latent_0,483,0.011884503066539764
gp_latent_0,484,0.023300040513277054
gp_latent_0,485,0.02627411112189293
gp_latent_0,486,0.010114835575222969
gp_latent_0,487,0.020215239375829697
gp_latent_0,488,0.02015547640621662
gp_latent_0,489,0.0023113354109227657
gp_latent_0,490,0.0030607227236032486
gp_latent_0,491,0.05017688497900963
gp_latent_0,492,-0.05264076963067055
gp_latent_0,493,-0.040760453790426254
gp_latent_0,494,-0.03522089868783951
gp_latent_0,495,-0.06726039946079254
gp_latent_0,496,-0.05242674797773361
gp_latent_0,497,-0.06105184182524681
gp_latent_0,498,-0.0548216812312603
gp_latent_0,499,-0.0502917617559433
gp_latent_0,500,0.07451450824737549
gp_latent_0,501,-0.008319505490362644
gp_latent_0,502,0.0026560742408037186
gp_latent_0,503,-0.005470219999551773
gp_latent_0,504,-0.025221720337867737
gp_latent_0,505,-0.01930489018559456
gp_latent_0,506,-0.014554351568222046
gp_latent_0,507,0.002518962137401104
gp_latent_0,508,0.00026824697852134705
gp_latent_0,509,-0.03704995661973953
gp_latent_0,510,0.03181689977645874
gp_latent_0,511,-0.010563474148511887
gp_latent_0,512,0.012357855215668678
gp_latent_0,513,-0.011945733800530434
gp_latent_0,514,-0.013717900961637497
gp_latent_0,515,0.011493630707263947
gp_latent_0,516,0.009026644751429558
gp_latent_0,517,-0.010137074626982212
gp_latent_0,518,0.013471309095621109
gp_latent_0,519,-0.021798906847834587
gp_latent_0,520,-0.026782186701893806
gp_latent_0,521,0.0059089623391628265
gp_latent_0,522,-0.0025088072288781404
gp_latent_0,523,-0.008493899367749691
gp_latent_0,524,-0.0034754369407892227
gp_latent_0,525,-0.03367697820067406
gp_latent_0,526,-0.030085284262895584
gp_latent_0,527,-0.02514372207224369
gp_latent_0,528,-0.049432672560214996
gp_latent_0,529,-0.030699962750077248
gp_latent_0,530,0.007014062721282244
gp_latent_0,531,-0.00974366720765829
gp_latent_0,532,-0.0030744464602321386
gp_latent_0,533,0.027830207720398903
gp_latent_0,534,0.014809960499405861
gp_latent_0,535,0.00839771144092083
gp_latent_0,536,0.004905157722532749
gp_latent_0,537,-0.05871974304318428
gp_latent_0,538,-0.003400993999093771
gp_latent_0,539,-0.005246815271675587
gp_latent_0,540,-0.03471922129392624
gp_latent_0,541,0.009282003156840801
gp_latent_0,542,0.02381639927625656
gp_latent_0,543,-0.00400792621076107
gp_latent_0,544,0.0027255783788859844
gp_latent_0,545,0.00793272815644741
gp_latent_0,546,0.017869913950562477
gp_latent_0,547,-0.0010233329376205802
gp_latent_0,548,0.023477688431739807
gp_latent_0,549,0.019097909331321716
gp_latent_0,550,0.013402298092842102
gp_latent_0,551,0.0027828263118863106
gp_latent_0,552,-0.02429356798529625
gp_latent_0,553,-0.023475652560591698
gp_latent_0,554,-0.017641736194491386
gp_latent_0,555,-0.03462681919336319
gp_latent_0,556,-0.04171600937843323
gp_latent_0,557,-0.03552332893013954
gp_latent_0,558,-0.02644113078713417
gp_latent_0,559,-0.047853123396635056
gp_latent_0,560,-0.03912590444087982
gp_latent_0,561,-0.032705437391996384
gp_latent_0,562,-0.027829131111502647
gp_latent_0,563,-0.038013048470020294
gp_latent_0,564,-0.014502359554171562
gp_latent_0,565,-0.022162703797221184
gp_latent_0,566,-0.03709539771080017
gp_latent_0,567,-0.045451924204826355
gp_latent_0,568,-0.03387238457798958
gp_latent_0,569,-0.04642625153064728
gp_latent_0,570,-0.04084379971027374
gp_latent_0,571,-0.018587719649076462
gp_latent_0,572,-0.05451543256640434
gp_latent_0,573,-0.018832555040717125
gp_latent_0,574,-0.04612340033054352
gp_latent_0,575,0.010644572786986828
gp_latent_0,576,-0.018505387008190155
gp_latent_0,577,0.006602207664400339
gp_latent_0,578,-0.008300213143229485
gp_latent_0,579,0.013477891683578491
gp_latent_0,580,-0.011308331042528152
gp_latent_0,581,0.032123129814863205
gp_latent_0,582,-0.02756350487470627
gp_latent_0,583,0.020612012594938278
gp_latent_0,584,0.02971542812883854
gp_latent_0,585,-0.02769182249903679
gp_latent_0,586,-0.03754528611898422
gp_latent_0,587,-0.032142989337444305
gp_latent_0,588,-0.03941553086042404
gp_latent_0,589,-0.0075545478612184525
gp_latent_0,590,0.006639017257839441
gp_latent_0,591,-0.024218516424298286
gp_latent_0,592,-0.006606358103454113
gp_latent_0,593,0.03781955689191818
gp_latent_0,594,-0.024629462510347366
gp_latent_0,595,-0.007562730927020311
gp_latent_0,596,-0.012695131823420525
gp_latent_0,597,0.005023487377911806
gp_latent_0,598,-0.025047145783901215
gp_latent_0,599,-0.0028535667806863785
gp_latent_0,600,0.015091972425580025
gp_latent_0,601,-0.008237618021667004
gp_latent_0,602,-0.01353134959936142
gp_latent_0,603,-0.02145407721400261
gp_latent_0,604,-0.0011447244323790073
gp_latent_0,605,0.003193996846675873
gp_latent_0,606,-0.014242477715015411
gp_latent_0,607,-0.005689840763807297
gp_latent_0,608,-0.01542156096547842
gp_latent_0,609,-0.0024127063807100058
gp_latent_0,610,-0.0006989831454120576
gp_latent_0,611,-0.0225432850420475
gp_latent_0,612,-0.031124785542488098
gp_latent_0,613,-0.0014322728384286165
gp_latent_0,614,0.0104233268648386
gp_latent_0,615,0.0008600708097219467
gp_latent_0,616,-0.009616216644644737
gp_latent_0,617,-0.009414676576852798
gp_latent_0,618,-0.053951412439346313
gp_latent_0,619,-0.06186063960194588
gp_latent_0,620,-0.058405570685863495
gp_latent_0,621,-0.04477277025580406
gp_latent_0,622,-0.021396579220891
gp_latent_0,623,-0.003935241140425205
gp_latent_0,624,0.0274437814950943
gp_latent_0,625,-0.003767462680116296
gp_latent_0,626,0.005085311830043793
gp_latent_0,627,-0.0017126748571172357
gp_latent_0,628,-0.023100025951862335
gp_latent_0,629,-0.054616861045360565
gp_latent_0,630,-0.06122121587395668
gp_latent_0,631,-0.042997293174266815
gp_latent_0,632,0.06573721766471863
gp_latent_0,633,-0.00565936928614974
gp_latent_0,634,0.02467486821115017
gp_latent_0,635,-0.04945098236203194
gp_latent_0,636,-0.025733869522809982
gp_latent_0,637,-0.03843894228339195
gp_latent_0,638,-0.008792903274297714
gp_latent_0,639,-0.0062711201608181
gp_latent_0,640,-0.02819334901869297
gp_latent_0,641,-0.012330502271652222
gp_latent_0,642,0.02832280471920967
gp_latent_0,643,-0.003226070897653699
gp_latent_0,644,-0.015005433931946754
gp_latent_0,645,0.01489655114710331
gp_latent_0,646,0.010815123096108437
gp_latent_0,647,0.026194019243121147
gp_latent_0,648,-0.004213337786495686
gp_latent_0,649,0.005765585694462061
gp_latent_0,650,-0.0012251166626811028
gp_latent_0,651,-0.015711817890405655
gp_latent_0,652,-0.0027621742337942123
gp_latent_0,653,-0.008710145018994808
gp_latent_0,654,-0.039667289704084396
gp_latent_0,655,-0.04236361384391785
gp_latent_0,656,0.00783454068005085
gp_latent_0,657,-0.00074343616142869
gp_latent_0,658,-0.0172081608325243
gp_latent_0,659,0.014713447540998459
gp_latent_0,660,0.011888150125741959
gp_latent_0,661,-0.004275008104741573
gp_latent_0,662,0.011650564149022102
gp_latent_0,663,0.025593271479010582
gp_latent_0,664,-0.026075784116983414
gp_latent_0,665,0.004494784399867058
gp_latent_0,666,0.004638089332729578
gp_latent_0,667,0.008748374879360199
gp_latent_0,668,-0.010206332430243492
gp_latent_0,669,-0.010194115340709686
gp_latent_0,670,-0.004715453367680311
gp_latent_0,671,0.0021810964681208134
gp_latent_0,672,-0.010815789923071861
gp_latent_0,673,-0.003868051804602146
gp_latent_0,674,0.016346663236618042
gp_latent_0,675,0.010259447619318962
gp_latent_0,676,-0.010642964392900467
gp_latent_0,677,0.031050436198711395
gp_latent_0,678,-0.028919214382767677
gp_latent_0,679,-0.041061412543058395
gp_latent_0,680,-0.032253772020339966
gp_latent_0,681,-0.04131665080785751
gp_latent_0,682,-0.03889399766921997
gp_latent_0,683,-0.04401121288537979
gp_latent_0,684,-0.03203399479389191
gp_latent_0,685,-0.03610565885901451
gp_latent_0,686,-0.03241375833749771
gp_latent_0,687,-0.02711079642176628
gp_latent_0,688,-0.04473064839839935
gp_latent_0,689,-0.042675524950027466
gp_latent_0,690,0.0007216791855171323
gp_latent_0,691,-0.03823206573724747
gp_latent_0,692,-0.017735006287693977
gp_latent_0,693,-0.005739962682127953
gp_latent_0,694,-0.02319178357720375
gp_latent_0,695,-0.0048519582487642765
gp_latent_0,696,-0.020985163748264313
gp_latent_0,697,-0.025079667568206787
gp_latent_0,698,-0.004622148349881172
gp_latent_0,699,0.005282368510961533
gp_latent_0,700,0.009541726671159267
gp_latent_0,701,0.0020601265132427216
gp_latent_0,702,0.01797976717352867
gp_latent_0,703,0.016551591455936432
gp_latent_0,704,-0.028040597215294838
gp_latent_0,705,-0.03800133615732193
gp_latent_0,706,-0.02548396587371826
gp_latent_0,707,-0.025560345500707626
gp_latent_0,708,-0.030486345291137695
gp_latent_0,709,-0.010587306693196297
gp_latent_0,710,-0.0074831899255514145
gp_latent_0,711,-0.015948884189128876
gp_latent_0,712,0.0030143409967422485
gp_latent_0,713,0.006659750826656818
gp_latent_0,714,-0.0007008076645433903
gp_latent_0,715,0.046907536685466766
gp_latent_0,716,0.0018407483585178852
gp_latent_0,717,-0.0049919793382287025
gp_latent_0,718,0.004746605642139912
gp_latent_0,719,0.013161927461624146
gp_latent_0,720,-0.014067485928535461
gp_latent_0,721,0.006328241433948278
gp_latent_0,722,-0.009972370229661465
gp_latent_0,723,-0.0032279430888593197
gp_latent_0,724,-0.0002398656215518713
gp_latent_0,725,-0.0509263351559639
gp_latent_0,726,-0.04413420334458351
gp_latent_0,727,-0.031439922749996185
gp_latent_0,728,-0.040139082819223404
gp_latent_0,729,0.016988061368465424
gp_latent_0,730,0.0108547518029809
gp_latent_0,731,-0.006579081527888775
gp_latent_0,732,-0.022581564262509346
gp_latent_0,733,-0.030825413763523102
gp_latent_0,734,-0.04178627207875252
gp_latent_0,735,0.016988057643175125
gp_latent_0,736,0.04954802989959717
gp_latent_0,737,-0.02479671686887741
gp_latent_0,738,-0.007706769276410341
gp_latent_0,739,0.026578152552247047
gp_latent_0,740,0.03785679489374161
gp_latent_0,741,-0.01841830462217331
gp_latent_0,742,-0.005444807931780815
gp_latent_0,743,-0.011536119505763054
gp_latent_0,744,0.024013368412852287
gp_latent_0,745,0.04820544272661209
gp_latent_0,746,0.04764355346560478
gp_latent_0,747,0.050653792917728424
gp_latent_0,748,0.010078663937747478
gp_latent_0,749,0.04921421408653259
gp_latent_0,750,-0.012902852147817612
gp_latent_0,751,0.02687481977045536
gp_latent_0,752,0.008087102323770523
gp_latent_0,753,-0.012768004089593887
gp_latent_0,754,0.018963104113936424
gp_latent_0,755,-0.00829168688505888
gp_latent_0,756,0.012523703277111053
gp_latent_0,757,-0.0755443200469017
gp_latent_0,758,-0.053256090730428696
gp_latent_0,759,-0.020361129194498062
gp_latent_0,760,0.023310396820306778
gp_latent_0,761,0.04961607605218887
gp_latent_0,762,0.001546524465084076
gp_latent_0,763,-0.06800154596567154
gp_latent_0,764,0.03283344954252243
gp_latent_0,765,0.013486708514392376
gp_latent_0,766,-0.0034144464880228043
gp_latent_0,767,-0.010997964069247246
gp_latent_0,768,0.02744797058403492
gp_latent_0,769,-0.025854304432868958
gp_latent_0,770,-0.007015423849225044
gp_latent_0,771,-0.030288513749837875
gp_latent_0,772,0.014745381660759449
gp_latent_0,773,0.016384143382310867
gp_latent_0,774,0.0007595173083245754
gp_latent_0,775,-0.005065033677965403
gp_latent_0,776,-0.04380665346980095
gp_latent_0,777,-0.010560881346464157
gp_latent_0,778,-0.011927928775548935
gp_latent_0,779,0.02070482447743416
gp_latent_0,780,0.06118619441986084
gp_latent_0,781,-0.027242206037044525
gp_latent_0,782,-0.0058471765369176865
gp_latent_0,783,0.0063381255604326725
gp_latent_0,784,-0.0031193559989333153
gp_latent_0,785,0.015097331255674362
gp_latent_0,786,0.011861062608659267
gp_latent_0,787,0.03010519966483116
gp_latent_0,788,0.05531148612499237
gp_latent_0,789,-0.023388810455799103
gp_latent_0,790,0.00915912538766861
gp_latent_0,791,0.008649153634905815
gp_latent_0,792,-1.2770527973771095e-05
gp_latent_0,793,-0.009235946461558342
gp_latent_0,794,0.042173415422439575
gp_latent_0,795,0.03368142992258072
gp_latent_0,796,0.0716298297047615
gp_latent_0,797,-0.018598241731524467
gp_latent_0,798,0.06303883343935013
gp_latent_0,799,0.017239850014448166
gp_latent_0,800,0.013421636074781418
gp_latent_0,801,-0.009007370099425316
gp_latent_0,802,0.019154172390699387
gp_latent_0,803,-0.0019423951162025332
gp_latent_0,804,-0.024565141648054123
gp_latent_0,805,0.057017792016267776
gp_latent_0,806,0.01069016382098198
gp_latent_0,807,0.024102279916405678
gp_latent_0,808,0.0011208299547433853
gp_latent_0,809,0.02220318093895912
gp_latent_0,810,-0.030674755573272705
gp_latent_0,811,0.0464743934571743
gp_latent_0,812,0.05409839004278183
gp_latent_0,813,0.01366938091814518
gp_latent_0,814,-0.028581421822309494
gp_latent_0,815,-0.022479739040136337
gp_latent_0,816,-0.030906030908226967
gp_latent_0,817,-0.028756309300661087
gp_latent_0,818,0.02361852489411831
gp_latent_0,819,0.01578829623758793
gp_latent_0,820,0.019836140796542168
gp_latent_0,821,-0.035871073603630066
gp_latent_0,822,-0.00404785480350256
gp_latent_0,823,0.05746585503220558
gp_latent_0,824,0.0063728694804012775
gp_latent_0,825,0.014883560128509998
gp_latent_0,826,-0.020787082612514496
gp_latent_0,827,0.015180449932813644
gp_latent_0,828,-0.02015448734164238
gp_latent_0,829,-0.01714980974793434
gp_latent_0,830,-0.002215838059782982
gp_latent_0,831,-0.013978544622659683
gp_latent_0,832,0.011530190706253052
gp_latent_0,833,0.02858363837003708
gp_latent_0,834,-0.00038615078665316105
gp_latent_0,835,0.018679935485124588
gp_latent_0,836,0.030714336782693863
gp_latent_0,837,-0.021412061527371407
gp_latent_0,838,0.04797188565135002
gp_latent_0,839,-0.0063558644615113735
gp_latent_0,840,0.01763302832841873
gp_latent_0,841,0.017980050295591354
gp_latent_0,842,0.06346175819635391
gp_latent_0,843,0.059408098459243774
gp_latent_0,844,-0.007506031543016434
gp_latent_0,845,0.027014881372451782
gp_latent_0,846,0.013396264985203743
gp_latent_0,847,-0.01338877622038126
gp_latent_0,848,0.00429170997813344
gp_latent_0,849,-0.04165595397353172
gp_latent_0,850,0.009937109425663948
gp_latent_0,851,-0.031651049852371216
gp_latent_0,852,0.0661870613694191
gp_latent_0,853,0.0271536186337471
gp_latent_0,854,0.008724692277610302
gp_latent_0,855,0.003948918543756008
gp_latent_0,856,-0.029920682311058044
gp_latent_0,857,0.0045435503125190735
gp_latent_0,858,-0.02620001509785652
gp_latent_0,859,-0.02191273123025894
gp_latent_0,860,0.010600071400403976
gp_latent_0,861,-0.010090974159538746
gp_latent_0,862,0.028408460319042206
gp_latent_0,863,0.03669154644012451
gp_latent_0,864,0.019612468779087067
gp_latent_0,865,-0.00112282729241997
gp_latent_0,866,0.04381776973605156
gp_latent_0,867,-0.021373512223362923
gp_latent_0,868,-0.004772993270307779
gp_latent_0,869,0.013045181520283222
gp_latent_0,870,0.04392087832093239
gp_latent_0,871,-0.007714672014117241
gp_latent_0,872,0.04371584951877594
gp_latent_0,873,0.05728843808174133
gp_latent_0,874,0.005999716930091381
gp_latent_0,875,-0.00396032864227891
gp_latent_0,876,0.04955853894352913
gp_latent_0,877,0.0016370777739211917
gp_latent_0,878,0.039517078548669815
gp_latent_0,879,0.04455746337771416
gp_latent_0,880,-0.015116947703063488
gp_latent_0,881,0.02116345427930355
gp_latent_0,882,0.03008037619292736
gp_latent_0,883,0.0034301565028727055
gp_latent_0,884,0.024298829957842827
gp_latent_0,885,-0.001653436804190278
gp_latent_0,886,-0.017875375226140022
gp_latent_0,887,-0.0010426724329590797
gp_latent_0,888,0.017484968528151512
gp_latent_0,889,0.02980705536901951
gp_latent_0,890,-0.02564810775220394
gp_latent_0,891,-0.037927526980638504
gp_latent_0,892,-0.04736843705177307
gp_latent_0,893,-0.05570088326931
gp_latent_0,894,-0.045464206486940384
gp_latent_0,895,0.020129092037677765
gp_latent_0,896,-0.018487175926566124
gp_latent_0,897,-0.03694047033786774
gp_latent_0,898,-0.00455078762024641
gp_latent_0,899,0.01803051494061947
gp_latent_0,900,0.04477641358971596
gp_latent_0,901,0.0044393520802259445
gp_latent_0,902,-0.011090124025940895
gp_latent_0,903,0.008996156975626945
gp_latent_0,904,0.0010480352211743593
gp_latent_0,905,-0.005094070918858051
gp_latent_0,906,-0.004249658435583115
gp_latent_0,907,0.0053344601765275
gp_latent_0,908,-0.031130202114582062
gp_latent_0,909,0.06942816823720932
gp_latent_0,910,0.07146535813808441
gp_latent_0,911,0.0368293821811676
gp_latent_0,912,0.01824284717440605
gp_latent_0,913,0.036189012229442596
gp_latent_0,914,0.010667692869901657
gp_latent_0,915,-0.05623725801706314
gp_latent_0,916,0.027898989617824554
gp_latent_0,917,-0.04951409995555878
gp_latent_0,918,0.005014255177229643
gp_latent_0,919,0.01314864493906498
gp_latent_0,920,0.022745847702026367
gp_latent_0,921,0.005614602938294411
gp_latent_0,922,-0.01714569702744484
gp_latent_0,923,-0.003946118056774139
gp_latent_0,924,-0.005055038258433342
gp_latent_0,925,0.054250191897153854
gp_latent_0,926,-0.022715065628290176
gp_latent_0,927,0.021255355328321457
gp_latent_0,928,0.007939405739307404
gp_latent_0,929,0.014807447791099548
gp_latent_0,930,-0.008652572520077229
gp_latent_0,931,0.013200161047279835
gp_latent_0,932,-0.030809547752141953
gp_latent_0,933,-0.006694581359624863
gp_latent_0,934,0.00719448272138834
gp_latent_0,935,-0.0048658642917871475
gp_latent_0,936,0.014244701713323593
gp_latent_0,937,0.015452234074473381
gp_latent_0,938,0.010514284484088421
gp_latent_0,939,0.010556790977716446
gp_latent_0,940,-0.0068430230021476746
gp_latent_0,941,-0.01448834128677845
gp_latent_0,942,0.019350675866007805
gp_latent_0,943,0.06419941782951355
gp_latent_0,944,0.02891238033771515
gp_latent_0,945,0.027019672095775604
gp_latent_0,946,-0.01946862041950226
gp_latent_0,947,0.00023249333025887609
gp_latent_0,948,0.027494825422763824
gp_latent_0,949,-0.020461156964302063
gp_latent_1,0,0.0024250014685094357
gp_latent_1,1,-0.01460361760109663
gp_latent_1,2,-0.046631719917058945
gp_latent_1,3,-0.01709728129208088
gp_latent_1,4,0.0064719985239207745
gp_latent_1,5,-0.033731017261743546
gp_latent_1,6,0.009335617534816265
gp_latent_1,7,0.005655234679579735
gp_latent_1,8,-0.05589650571346283
gp_latent_1,9,-0.01232113502919674
gp_latent_1,10,-0.03347035497426987
gp_latent_1,11,-0.015203392133116722
gp_latent_1,12,-0.07300672680139542
gp_latent_1,13,-0.044140707701444626
gp_latent_1,14,-0.058360371738672256
gp_latent_1,15,0.0487491600215435
gp_latent_1,16,0.08533202856779099
gp_latent_1,17,-0.01155432965606451
gp_latent_1,18,-0.009498919360339642
gp_latent_1,19,0.016553549095988274
gp_latent_1,20,0.022099480032920837
gp_latent_1,21,-0.05281349644064903
gp_latent_1,22,-0.023977896198630333
gp_latent_1,23,-0.001473784912377596
gp_latent_1,24,-0.06394650042057037
gp_latent_1,25,0.004516814835369587
gp_latent_1,26,-0.04201723635196686
gp_latent_1,27,-0.030273975804448128
gp_latent_1,28,0.02841743640601635
gp_latent_1,29,-0.01157180592417717
gp_latent_1,30,-0.04354880750179291
gp_latent_1,31,-0.007654794026166201
gp_latent_1,32,0.005546419881284237
gp_latent_1,33,0.06400749832391739
gp_latent_1,34,0.010433157905936241
gp_latent_1,35,-0.022989535704255104
gp_latent_1,36,0.026520315557718277
gp_latent_1,37,0.04660794511437416
gp_latent_1,38,0.0008736276067793369
gp_latent_1,39,0.006677618250250816
gp_latent_1,40,0.017339620739221573
gp_latent_1,41,-0.014679208397865295
gp_latent_1,42,-0.010642033070325851
gp_latent_1,43,0.03172565624117851
gp_latent_1,44,-0.02141866832971573
gp_latent_1,45,-0.028878604993224144
gp_latent_1,46,0.0242475476115942
gp_latent_1,47,0.0031347302719950676
gp_latent_1,48,0.016952017322182655
gp_latent_1,49,-0.029152505099773407
gp_latent_1,50,0.012790128588676453
gp_latent_1,51,-0.004884169902652502
gp_latent_1,52,-0.032425519078969955
gp_latent_1,53,0.031837813556194305
gp_latent_1,54,0.005949723068624735
gp_latent_1,55,0.023388495668768883
gp_latent_1,56,0.026936817914247513
gp_latent_1,57,-0.006391051225364208
gp_latent_1,58,-0.011423138901591301
gp_latent_1,59,-0.07776490598917007
gp_latent_1,60,0.005416428670287132
gp_latent_1,61,0.01741315983235836
gp_latent_1,62,-0.012341968715190887
gp_latent_1,63,0.0009055286645889282
gp_latent_1,64,-0.010866102762520313
gp_latent_1,65,-0.007060526870191097
gp_latent_1,66,-0.01255708560347557
gp_latent_1,67,0.019668741151690483
gp_latent_1,68,-0.00659197336062789
gp_latent_1,69,0.016165319830179214
gp_latent_1,70,-0.002668177941814065
gp_latent_1,71,-0.03230345621705055
gp_latent_1,72,0.01632918044924736
gp_latent_1,73,0.034694552421569824
gp_latent_1,74,-0.014399310573935509
gp_latent_1,75,-0.032915811985731125
gp_latent_1,76,-0.02332521788775921
gp_latent_1,77,-0.02789398655295372
gp_latent_1,78,-0.0048708925023674965
gp_latent_1,79,-0.024420566856861115
gp_latent_1,80,-0.029390286654233932
gp_latent_1,81,0.007501278538256884
gp_latent_1,82,-0.03177420049905777
gp_latent_1,83,0.00044240057468414307
gp_latent_1,84,-0.008975891396403313
gp_latent_1,85,-0.0026840355712920427
gp_latent_1,86,-0.01896563544869423
gp_latent_1,87,-0.039804019033908844
gp_latent_1,88,0.020128747448325157
gp_latent_1,89,0.02642439305782318
gp_latent_1,90,0.0012209396809339523
gp_latent_1,91,-0.006637413054704666
gp_latent_1,92,0.01745454967021942
gp_latent_1,93,-0.003054610686376691
gp_latent_1,94,-0.014920596033334732
gp_latent_1,95,0.006433638744056225
gp_latent_1,96,0.020282413810491562
gp_latent_1,97,-0.008461838588118553
gp_latent_1,98,-0.006717626005411148
gp_latent_1,99,-0.0024671610444784164
gp_latent_1,100,-0.02663765475153923
gp_latent_1,101,-0.09255959093570709
gp_latent_1,102,-0.08828360587358475
gp_latent_1,103,-0.015049150213599205
gp_latent_1,104,0.004324181471019983
gp_latent_1,105,-0.006250299513339996
gp_latent_1,106,0.010618159547448158
gp_latent_1,107,-0.02410472184419632
gp_latent_1,108,0.003369188867509365
gp_latent_1,109,0.003049352904781699
gp_latent_1,110,0.007618721574544907
gp_latent_1,111,0.017495766282081604
gp_latent_1,112,0.004965459927916527
gp_latent_1,113,0.003799316007643938
gp_latent_1,114,-0.019069340080022812
gp_latent_1,115,0.010153533890843391
gp_latent_1,116,0.0036806699354201555
gp_latent_1,117,0.0036374134942889214
gp_latent_1,118,-0.007699537090957165
gp_latent_1,119,-0.010899096727371216
gp_latent_1,120,0.013321524485945702
gp_latent_1,121,0.01289240550249815
gp_latent_1,122,-0.010507440194487572
gp_latent_1,123,0.010525953955948353
gp_latent_1,124,-0.03386731073260307
gp_latent_1,125,-0.009690603241324425
gp_latent_1,126,-0.008539397269487381
gp_latent_1,127,0.011368856765329838
gp_latent_1,128,-0.005596287082880735
gp_latent_1,129,-0.012339570559561253
gp_latent_1,130,-0.007455992512404919
gp_latent_1,131,-0.006049970630556345
gp_latent_1,132,-0.01771947555243969
gp_latent_1,133,-0.022348681464791298
gp_latent_1,134,-0.03025365248322487
gp_latent_1,135,-0.0036842082627117634
gp_latent_1,136,-0.015816055238246918
gp_latent_1,137,0.009936650283634663
gp_latent_1,138,0.015866797417402267
gp_latent_1,139,0.021238425746560097
gp_latent_1,140,0.029982944950461388
gp_latent_1,141,0.017624929547309875
gp_latent_1,142,-0.08288601785898209
gp_latent_1,143,-0.014822547324001789
gp_latent_1,144,-0.011352485045790672
gp_latent_1,145,0.02503519505262375
gp_latent_1,146,0.025552760809659958
gp_latent_1,147,0.020826758816838264
gp_latent_1,148,-0.01093336846679449
gp_latent_1,149,-0.005924473982304335
gp_latent_1,150,0.0226933341473341
gp_latent_1,151,-0.06489907950162888
gp_latent_1,152,0.01701854169368744
gp_latent_1,153,-0.0056015439331531525
gp_latent_1,154,-0.03606659546494484
gp_latent_1,155,-0.06196067854762077
gp_latent_1,156,-0.009366139769554138
gp_latent_1,157,-0.009981689974665642
gp_latent_1,158,0.01909443736076355
gp_latent_1,159,0.005659651942551136
gp_latent_1,160,0.008028967306017876
gp_latent_1,161,-0.0038667554035782814
gp_latent_1,162,-0.020420875400304794
gp_latent_1,163,-0.025876782834529877
gp_latent_1,164,0.04560013487935066
gp_latent_1,165,0.007122540846467018
gp_latent_1,166,0.012830957770347595
gp_latent_1,167,-0.013990757055580616
gp_latent_1,168,0.010596472769975662
gp_latent_1,169,0.02121107280254364
gp_latent_1,170,0.030701586976647377
gp_latent_1,171,0.02515597455203533
gp_latent_1,172,-0.04907611757516861
gp_latent_1,173,0.025432216003537178
gp_latent_1,174,-0.049611106514930725
gp_latent_1,175,-0.005918464157730341
gp_latent_1,176,0.008723584935069084
gp_latent_1,177,-0.015016989782452583
gp_latent_1,178,0.01428434532135725
gp_latent_1,179,0.03958312049508095
gp_latent_1,180,0.006522882729768753
gp_latent_1,181,-0.015000986866652966
gp_latent_1,182,-0.017407312989234924
gp_latent_1,183,-0.026311460882425308
gp_latent_1,184,0.00040517724119126797
gp_latent_1,185,-0.0039034278597682714
gp_latent_1,186,0.05293305963277817
gp_latent_1,187,0.10619548708200455
gp_latent_1,188,-0.006219829432666302
gp_latent_1,189,-0.004703796003013849
gp_latent_1,190,0.024344585835933685
gp_latent_1,191,0.009663842618465424
gp_latent_1,192,0.017807012423872948
gp_latent_1,193,0.007668503560125828
gp_latent_1,194,0.0002315308665856719
gp_latent_1,195,-0.06548593193292618
gp_latent_1,196,0.003283031051978469
gp_latent_1,197,0.003965952433645725
gp_latent_1,198,-0.008603940717875957
gp_latent_1,199,0.009879202581942081
gp_latent_1,200,0.10809513926506042
gp_latent_1,201,0.01204695738852024
gp_latent_1,202,0.03900079056620598
gp_latent_1,203,-0.008728519082069397
gp_latent_1,204,0.018883176147937775
gp_latent_1,205,-0.023746365681290627
gp_latent_1,206,0.06481161713600159
gp_latent_1,207,0.017019208520650864
gp_latent_1,208,0.020993584766983986
gp_latent_1,209,-0.0163775235414505
gp_latent_1,210,-0.012972606346011162
gp_latent_1,211,-0.009946112520992756
gp_latent_1,212,0.00755013432353735
gp_latent_1,213,-0.0024402830749750137
gp_latent_1,214,0.004070849157869816
gp_latent_1,215,0.008942825719714165
gp_latent_1,216,-0.012021171860396862
gp_latent_1,217,0.14011205732822418
gp_latent_1,218,0.012144485488533974
gp_latent_1,219,0.016775283962488174
gp_latent_1,220,0.021581806242465973
gp_latent_1,221,-0.05082407221198082
gp_latent_1,222,0.008713903836905956
gp_latent_1,223,-0.00514918752014637
gp_latent_1,224,-0.006923015229403973
gp_latent_1,225,-0.015490078367292881
gp_latent_1,226,-0.03758107125759125
gp_latent_1,227,0.001823984901420772
gp_latent_1,228,-0.006229698657989502
gp_latent_1,229,0.01570437289774418
gp_latent_1,230,-0.01658216118812561
gp_latent_1,231,-0.009124412201344967
gp_latent_1,232,-0.0210867989808321
gp_latent_1,233,0.0009384118020534515
gp_latent_1,234,0.051446884870529175
gp_latent_1,235,-0.03220903128385544
gp_latent_1,236,-0.029197050258517265
gp_latent_1,237,-0.022802580147981644
gp_latent_1,238,-0.03106139972805977
gp_latent_1,239,0.0012189468834549189
gp_latent_1,240,0.010654967278242111
gp_latent_1,241,-0.005939879920333624
gp_latent_1,242,-0.05389828607439995
gp_latent_1,243,-0.007478758692741394
gp_latent_1,244,-0.02115470916032791
gp_latent_1,245,-0.012112761847674847
gp_latent_1,246,0.009595485404133797
gp_latent_1,247,-0.04717396944761276
gp_latent_1,248,-0.03983140364289284
gp_latent_1,249,-0.008787408471107483
gp_latent_1,250,0.004085932858288288
gp_latent_1,251,0.000580043881200254
gp_latent_1,252,0.011754748411476612
gp_latent_1,253,0.004764187149703503
gp_latent_1,254,0.04015430063009262
gp_latent_1,255,-0.0015821121633052826
gp_latent_1,256,0.02093404345214367
gp_latent_1,257,-0.019324317574501038
gp_latent_1,258,-0.0013116792542859912
gp_latent_1,259,0.013299969956278801
gp_latent_1,260,0.02233629673719406
gp_latent_1,261,0.005025820806622505
gp_latent_1,262,0.005133155267685652
gp_latent_1,263,0.016084210947155952
gp_latent_1,264,0.005525234621018171
gp_latent_1,265,-0.06199285760521889
gp_latent_1,266,-0.008814973756670952
gp_latent_1,267,-0.052611831575632095
gp_latent_1,268,0.013720870018005371
gp_latent_1,269,-0.03512359783053398
gp_latent_1,270,-0.019032124429941177
gp_latent_1,271,0.017352493479847908
gp_latent_1,272,-0.007673965767025948
gp_latent_1,273,-0.05818329378962517
gp_latent_1,274,-0.004314568359404802
gp_latent_1,275,-0.00377468578517437
gp_latent_1,276,0.005468711722642183
gp_latent_1,277,-0.007890806533396244
gp_latent_1,278,0.0021216056775301695
gp_latent_1,279,-0.0018435982055962086
gp_latent_1,280,0.06870591640472412
gp_latent_1,281,-0.020353591069579124
gp_latent_1,282,-0.005204030312597752
gp_latent_1,283,-0.051275454461574554
gp_latent_1,284,-0.03208325803279877
gp_latent_1,285,-0.043578390032052994
gp_latent_1,286,-0.004516868852078915
gp_latent_1,287,-0.03217737004160881
gp_latent_1,288,-0.002420996781438589
gp_latent_1,289,-0.012438856065273285
gp_latent_1,290,0.008310409262776375
gp_latent_1,291,0.019944943487644196
gp_latent_1,292,0.013826628215610981
gp_latent_1,293,-0.014178113080561161
gp_latent_1,294,-0.0018021292053163052
gp_latent_1,295,-0.000949908047914505
gp_latent_1,296,0.0036803181283175945
gp_latent_1,297,8.109956979751587e-06
gp_latent_1,298,-0.017941292375326157
gp_latent_1,299,-0.009891444817185402
gp_latent_1,300,-0.02286120131611824
gp_latent_1,301,-0.016286512836813927
gp_latent_1,302,-0.03264207765460014
gp_latent_1,303,0.02204538881778717
gp_latent_1,304,-0.0014142607105895877
gp_latent_1,305,-0.057281289249658585
gp_latent_1,306,0.03737881779670715
gp_latent_1,307,-0.002098992932587862
gp_latent_1,308,-0.026654690504074097
gp_latent_1,309,-0.0017574478406459093
gp_latent_1,310,-0.050397712737321854
gp_latent_1,311,0.004635581746697426
gp_latent_1,312,0.03680878132581711
gp_latent_1,313,-0.005234497599303722
gp_latent_1,314,-0.027507763355970383
gp_latent_1,315,-0.044594548642635345
gp_latent_1,316,-0.01219016220420599
gp_latent_1,317,-0.015580913051962852
gp_latent_1,318,0.057748619467020035
gp_latent_1,319,-0.05685517191886902
gp_latent_1,320,-0.027217498049139977
gp_latent_1,321,0.02429344318807125
gp_latent_1,322,0.00539778545498848
gp_latent_1,323,0.0060456786304712296
gp_latent_1,324,-0.02658776007592678
gp_latent_1,325,-0.026079462841153145
gp_latent_1,326,-0.0097762830555439
gp_latent_1,327,-0.01285674050450325
gp_latent_1,328,-0.002543220529332757
gp_latent_1,329,0.0037736953236162663
gp_latent_1,330,0.009230528958141804
gp_latent_1,331,0.002532207639887929
gp_latent_1,332,-0.0196426622569561
gp_latent_1,333,-0.028876954689621925
gp_latent_1,334,0.01379312202334404
gp_latent_1,335,-0.010192287154495716
gp_latent_1,336,0.0025494706351310015
gp_latent_1,337,-0.011915144510567188
gp_latent_1,338,-0.016865551471710205
gp_latent_1,339,0.02409292384982109
gp_latent_1,340,0.00012734252959489822
gp_latent_1,341,0.03145295009016991
gp_latent_1,342,-0.026570331305265427
gp_latent_1,343,0.01308846939355135
gp_latent_1,344,-0.04906667396426201
gp_latent_1,345,-0.010345088317990303
gp_latent_1,346,-0.00020088069140911102
gp_latent_1,347,0.004166650585830212
gp_latent_1,348,-0.01394389383494854
gp_latent_1,349,0.032907843589782715
gp_latent_1,350,-0.06958634406328201
gp_latent_1,351,-0.07157666236162186
gp_latent_1,352,-0.04900331050157547
gp_latent_1,353,0.03653603047132492
gp_latent_1,354,0.024379150941967964
gp_latent_1,355,0.034686557948589325
gp_latent_1,356,-0.014988553710281849
gp_latent_1,357,-0.006468180567026138
gp_latent_1,358,0.076454296708107
gp_latent_1,359,0.07743984460830688
gp_latent_1,360,-0.012562267482280731
gp_latent_1,361,0.009498740546405315
gp_latent_1,362,-0.03494231030344963
gp_latent_1,363,0.0031800027936697006
gp_latent_1,364,-0.042014118283987045
gp_latent_1,365,-0.053832799196243286
gp_latent_1,366,0.013029911555349827
gp_latent_1,367,-0.016119197010993958
gp_latent_1,368,-0.036067016422748566
gp_latent_1,369,0.05591024458408356
gp_latent_1,370,-0.016771478578448296
gp_latent_1,371,-0.008691877126693726
gp_latent_1,372,-0.021740125492215157
gp_latent_1,373,-0.02994306944310665
gp_latent_1,374,0.026826664805412292
gp_latent_1,375,0.051082491874694824
gp_latent_1,376,0.003416689345613122
gp_latent_1,377,0.03989166021347046
gp_latent_1,378,0.017150521278381348
gp_latent_1,379,0.04653339460492134
gp_latent_1,380,0.04194588214159012
gp_latent_1,381,0.056033164262771606
gp_latent_1,382,0.062315430492162704
gp_latent_1,383,0.024422163143754005
gp_latent_1,384,0.0487554594874382
gp_latent_1,385,-0.03359726071357727
gp_latent_1,386,0.032062795013189316
gp_latent_1,387,0.06538907438516617
gp_latent_1,388,0.03401463106274605
gp_latent_1,389,-0.006190079730004072
gp_latent_1,390,0.005819631740450859
gp_latent_1,391,0.06051737815141678
gp_latent_1,392,0.03954068943858147
gp_latent_1,393,0.021953945979475975
gp_latent_1,394,0.02499859407544136
gp_latent_1,395,0.05763813480734825
gp_latent_1,396,0.015098506584763527
gp_latent_1,397,-0.06144338846206665
gp_latent_1,398,-0.00026042095851153135
gp_latent_1,399,-0.05315189063549042
gp_latent_1,400,0.06089039519429207
gp_latent_1,401,0.007472046185284853
gp_latent_1,402,0.0522523857653141
gp_latent_1,403,0.030118929222226143
gp_latent_1,404,0.009288991801440716
gp_latent_1,405,0.057344503700733185
gp_latent_1,406,-0.0007034420850686729
gp_latent_1,407,5.983281880617142e-05
gp_latent_1,408,-0.003486333414912224
gp_latent_1,409,0.0010329103097319603
gp_latent_1,410,0.004377164412289858
gp_latent_1,411,0.0027256659232079983
gp_latent_1,412,0.002177187241613865
gp_latent_1,413,0.028755847364664078
gp_latent_1,414,0.006564171984791756
gp_latent_1,415,0.030434168875217438
gp_latent_1,416,0.014060896821320057
gp_latent_1,417,0.009461021050810814
gp_latent_1,418,-0.027707058936357498
gp_latent_1,419,-0.00026166182942688465
gp_latent_1,420,-0.023552436381578445
gp_latent_1,421,0.0014371657744050026
gp_latent_1,422,0.0033313024323433638
gp_latent_1,423,0.002379796002060175
gp_latent_1,424,-0.05628976598381996
gp_latent_1,425,-0.011569859459996223
gp_latent_1,426,0.04052514210343361
gp_latent_1,427,0.02556888945400715
gp_latent_1,428,0.021040406078100204
gp_latent_1,429,0.008171875961124897
gp_latent_1,430,-0.028273701667785645
gp_latent_1,431,0.035300932824611664
gp_latent_1,432,-0.013606390915811062
gp_latent_1,433,0.0020333402790129185
gp_latent_1,434,0.1179945319890976
gp_latent_1,435,0.11788678914308548
gp_latent_1,436,-0.01184316910803318
gp_latent_1,437,-0.0068087028339505196
gp_latent_1,438,0.017172876745462418
gp_latent_1,439,-0.03231830894947052
gp_latent_1,440,-0.03235190734267235
gp_latent_1,441,0.05328306555747986
gp_latent_1,442,0.05013730004429817
gp_latent_1,443,0.032787952572107315
gp_latent_1,444,-0.021794328466057777
gp_latent_1,445,-0.03965909779071808
gp_latent_1,446,0.03818466514348984
gp_latent_1,447,0.12950292229652405
gp_latent_1,448,0.1145859882235527
gp_latent_1,449,0.1283249408006668
gp_latent_1,450,0.10815752297639847
gp_latent_1,451,0.04536137729883194
gp_latent_1,452,0.03795764595270157
gp_latent_1,453,0.03581376373767853
gp_latent_1,454,-0.03024888224899769
gp_latent_1,455,-0.022625036537647247
gp_latent_1,456,0.10493186116218567
gp_latent_1,457,0.04005753993988037
gp_latent_1,458,-0.015376461669802666
gp_latent_1,459,-0.042720116674900055
gp_latent_1,460,-0.015408424660563469
gp_latent_1,461,0.012278981506824493
gp_latent_1,462,0.00250970758497715
gp_latent_1,463,-0.0032266308553516865
gp_latent_1,464,0.0165188480168581
gp_latent_1,465,0.04073841869831085
gp_latent_1,466,0.11586654186248779
gp_latent_1,467,-0.0007489218842238188
gp_latent_1,468,0.010379241779446602
gp_latent_1,469,0.019274024292826653
gp_latent_1,470,-0.0023269052617251873
gp_latent_1,471,-0.026900775730609894
gp_latent_1,472,-0.002882667351514101
gp_latent_1,473,-0.027201633900403976
gp_latent_1,474,0.016375873237848282
gp_latent_1,475,0.04662471264600754
gp_latent_1,476,-0.0004721148870885372
gp_latent_1,477,0.05837642028927803
gp_latent_1,478,0.0004865762311965227
gp_latent_1,479,0.128656268119812
gp_latent_1,480,0.005331502761691809
gp_latent_1,481,0.0611085407435894
gp_latent_1,482,0.03940477594733238
gp_latent_1,483,-0.030337071046233177
gp_latent_1,484,-0.023378778249025345
gp_latent_1,485,-0.01955409161746502
gp_latent_1,486,0.03014945611357689
gp_latent_1,487,0.013867707923054695
gp_latent_1,488,0.03161498159170151
gp_latent_1,489,0.04719742015004158
gp_latent_1,490,0.029908446595072746
gp_latent_1,491,0.003930933773517609
gp_latent_1,492,0.11103106290102005
gp_latent_1,493,0.12254371494054794
gp_latent_1,494,0.12455587089061737
gp_latent_1,495,0.1122620478272438
gp_latent_1,496,0.10298776626586914
gp_latent_1,497,0.11713101714849472
gp_latent_1,498,0.12338317185640335
gp_latent_1,499,0.14081734418869019
gp_latent_1,500,0.058015018701553345
gp_latent_1,501,0.04050799459218979
gp_latent_1,502,0.034421518445014954
gp_latent_1,503,0.035778798162937164
gp_latent_1,504,-0.0358453132212162
gp_latent_1,505,-0.03258465975522995
gp_latent_1,506,-0.04475925862789154
gp_latent_1,507,-0.023992396891117096
gp_latent_1,508,0.011429415084421635
gp_latent_1,509,0.015319121070206165
gp_latent_1,510,-0.00012180209159851074
gp_latent_1,511,-0.006426643580198288
gp_latent_1,512,0.022555774077773094
gp_latent_1,513,-0.009648367762565613
gp_latent_1,514,0.059617191553115845
gp_latent_1,515,-0.011150095611810684
gp_latent_1,516,-0.012341774068772793
gp_latent_1,517,-0.02140689268708229
gp_latent_1,518,-0.0010808664374053478
gp_latent_1,519,-0.016243454068899155
gp_latent_1,520,0.023208731785416603
gp_latent_1,521,0.009666791185736656
gp_latent_1,522,-0.02338435687124729
gp_latent_1,523,0.012672873213887215
gp_latent_1,524,0.0175558403134346
gp_latent_1,525,0.0758405402302742
gp_latent_1,526,0.07551833987236023
gp_latent_1,527,-0.08809088915586472
gp_latent_1,528,-0.08553829789161682
gp_latent_1,529,0.033400360494852066
gp_latent_1,530,0.043061885982751846
gp_latent_1,531,0.04154713824391365
gp_latent_1,532,0.06383318454027176
gp_latent_1,533,-0.007629925385117531
gp_latent_1,534,-0.0003348535974510014
gp_latent_1,535,-0.03999563679099083
gp_latent_1,536,-0.047806866466999054
gp_latent_1,537,0.07736528664827347
gp_latent_1,538,-0.0024446994066238403
gp_latent_1,539,-0.014853930100798607
gp_latent_1,540,0.07966362684965134
gp_latent_1,541,0.022565826773643494
gp_latent_1,542,0.011207962408661842
gp_latent_1,543,0.02584098093211651
gp_latent_1,544,-0.030751630663871765
gp_latent_1,545,-0.008132359012961388
gp_latent_1,546,-0.017016097903251648
gp_latent_1,547,-0.01601315289735794
gp_latent_1,548,-0.016939718276262283
gp_latent_1,549,-0.03452812880277634
gp_latent_1,550,-0.026506362482905388
gp_latent_1,551,-0.037515927106142044
gp_latent_1,552,0.06481610238552094
gp_latent_1,553,0.06376754492521286
gp_latent_1,554,-0.09444647282361984
gp_latent_1,555,-0.071754090487957
gp_latent_1,556,-0.11513053625822067
gp_latent_1,557,-0.10273300856351852
gp_latent_1,558,-0.10704358667135239
gp_latent_1,559,-0.09140557050704956
gp_latent_1,560,-0.07542824745178223
gp_latent_1,561,-0.09717775136232376
gp_latent_1,562,-0.08509858697652817
gp_latent_1,563,-0.08075447380542755
gp_latent_1,564,-0.09846598654985428
gp_latent_1,565,-0.08834895491600037
gp_latent_1,566,-0.0969356819987297
gp_latent_1,567,-0.09720799326896667
gp_latent_1,568,-0.10296448320150375
gp_latent_1,569,-0.10297378152608871
gp_latent_1,570,-0.11081448197364807
gp_latent_1,571,-0.08791108429431915
gp_latent_1,572,-0.07509205490350723
gp_latent_1,573,-0.06963730603456497
gp_latent_1,574,-0.10469896346330643
gp_latent_1,575,0.04979676753282547
gp_latent_1,576,0.05346236377954483
gp_latent_1,577,0.05583881586790085
gp_latent_1,578,0.04319502040743828
gp_latent_1,579,0.05710092559456825
gp_latent_1,580,0.059719402343034744
gp_latent_1,581,0.005959374364465475
gp_latent_1,582,-0.03859401494264603
gp_latent_1,583,-0.02994644269347191
gp_latent_1,584,-0.03190015256404877
gp_latent_1,585,0.059290047734975815
gp_latent_1,586,-0.0720333606004715
gp_latent_1,587,-0.11036349833011627
gp_latent_1,588,-0.0891617089509964
gp_latent_1,589,-0.022314533591270447
gp_latent_1,590,0.055928390473127365
gp_latent_1,591,-0.09760988503694534
gp_latent_1,592,0.07144992053508759
gp_latent_1,593,-0.025786036625504494
gp_latent_1,594,-0.09879535436630249
gp_latent_1,595,0.008369462564587593
gp_latent_1,596,-0.021082626655697823
gp_latent_1,597,-0.04198494553565979
gp_latent_1,598,-0.045344278216362
gp_latent_1,599,-0.05318504944443703
gp_latent_1,600,-0.07589885592460632
gp_latent_1,601,-0.05346815288066864
gp_latent_1,602,-0.01691541261970997
gp_latent_1,603,-0.048165395855903625
gp_latent_1,604,-0.035899028182029724
gp_latent_1,605,-0.04390634596347809
gp_latent_1,606,-0.03223039582371712
gp_latent_1,607,-0.03750027343630791
gp_latent_1,608,-0.03902112692594528
gp_latent_1,609,-0.043555621057748795
gp_latent_1,610,-0.03257626295089722
gp_latent_1,611,-0.049496494233608246
gp_latent_1,612,-0.030051063746213913
gp_latent_1,613,-0.05781656876206398
gp_latent_1,614,-0.05052865669131279
gp_latent_1,615,-0.05761342495679855
gp_latent_1,616,-0.047346606850624084
gp_latent_1,617,-0.07614993304014206
gp_latent_1,618,0.08281030505895615
gp_latent_1,619,0.07212313264608383
gp_latent_1,620,0.08160775154829025
gp_latent_1,621,0.08510822057723999
gp_latent_1,622,0.007681787945330143
gp_latent_1,623,0.019472163170576096
gp_latent_1,624,-0.0564202181994915
gp_latent_1,625,-0.020717546343803406
gp_latent_1,626,-0.0288986898958683
gp_latent_1,627,-0.04852331802248955
gp_latent_1,628,-0.003612303175032139
gp_latent_1,629,0.08875459432601929
gp_latent_1,630,0.09075373411178589
gp_latent_1,631,0.08638080954551697
gp_latent_1,632,-0.06971269845962524
gp_latent_1,633,0.007257654797285795
gp_latent_1,634,-0.029144104570150375
gp_latent_1,635,-0.09586772322654724
gp_latent_1,636,-0.0901162251830101
gp_latent_1,637,-0.0796850174665451
gp_latent_1,638,0.02115386351943016
gp_latent_1,639,0.007266630884259939
gp_latent_1,640,-0.09519126266241074
gp_latent_1,641,0.028832441195845604
gp_latent_1,642,-0.008301065303385258
gp_latent_1,643,-0.015774188563227654
gp_latent_1,644,-0.04078920930624008
gp_latent_1,645,0.007991258054971695
gp_latent_1,646,-0.06420937925577164
gp_latent_1,647,-0.0452570840716362
gp_latent_1,648,-0.03205828368663788
gp_latent_1,649,-0.021192658692598343
gp_latent_1,650,-0.040311116725206375
gp_latent_1,651,-0.029789965599775314
gp_latent_1,652,-0.04970212280750275
gp_latent_1,653,-0.03748398646712303
gp_latent_1,654,0.07708420604467392
gp_latent_1,655,0.08132757991552353
gp_latent_1,656,-0.03213943913578987
gp_latent_1,657,-0.061805374920368195
gp_latent_1,658,-0.0072664739564061165
gp_latent_1,659,0.006377586629241705
gp_latent_1,660,0.01906093768775463
gp_latent_1,661,0.010252390056848526
gp_latent_1,662,-0.017385175451636314
gp_latent_1,663,-0.023716865107417107
gp_latent_1,664,0.06944812834262848
gp_latent_1,665,-0.01610877737402916
gp_latent_1,666,0.012412900105118752
gp_latent_1,667,-0.015357058495283127
gp_latent_1,668,-0.01612873375415802
gp_latent_1,669,-0.0290069542825222
gp_latent_1,670,-0.019041236490011215
gp_latent_1,671,0.015339639037847519
gp_latent_1,672,0.03472970426082611
gp_latent_1,673,0.027136173099279404
gp_latent_1,674,-0.026501547545194626
gp_latent_1,675,-0.012670433148741722
gp_latent_1,676,-0.019817542284727097
gp_latent_1,677,-0.01820429600775242
gp_latent_1,678,0.0815950557589531
gp_latent_1,679,-0.08780013024806976
gp_latent_1,680,-0.0815170407295227
gp_latent_1,681,-0.08772840350866318
gp_latent_1,682,-0.09300325810909271
gp_latent_1,683,-0.08278446644544601
gp_latent_1,684,-0.0901796817779541
gp_latent_1,685,-0.08692791312932968
gp_latent_1,686,-0.07958929985761642
gp_latent_1,687,-0.09174696356058121
gp_latent_1,688,-0.10186443477869034
gp_latent_1,689,-0.10589171946048737
gp_latent_1,690,0.050894755870103836
gp_latent_1,691,-0.013925439678132534
gp_latent_1,692,-0.00408960459753871
gp_latent_1,693,0.05215027555823326
gp_latent_1,694,0.061717767268419266
gp_latent_1,695,0.05602695047855377
gp_latent_1,696,0.045317232608795166
gp_latent_1,697,0.0505300834774971
gp_latent_1,698,0.05623258650302887
gp_latent_1,699,0.06320744007825851
gp_latent_1,700,0.057288724929094315
gp_latent_1,701,0.0560026578605175
gp_latent_1,702,0.01959538646042347
gp_latent_1,703,-0.024700777605175972
gp_latent_1,704,-0.08148504048585892
gp_latent_1,705,-0.0828792005777359
gp_latent_1,706,-0.09973064810037613
gp_latent_1,707,-0.07737204432487488
gp_latent_1,708,-0.0806419849395752
gp_latent_1,709,-0.06601079553365707
gp_latent_1,710,-0.03743723779916763
gp_latent_1,711,0.012238931842148304
gp_latent_1,712,0.014901083894073963
gp_latent_1,713,0.005951391067355871
gp_latent_1,714,0.00031697284430265427
gp_latent_1,715,-0.06520116329193115
gp_latent_1,716,-0.058408111333847046
gp_latent_1,717,-0.017697395756840706
gp_latent_1,718,-0.03096943348646164
gp_latent_1,719,-0.041166868060827255
gp_latent_1,720,-0.03767842799425125
gp_latent_1,721,-0.02366868406534195
gp_latent_1,722,-0.04247227683663368
gp_latent_1,723,-0.026013433933258057
gp_latent_1,724,-0.04561801254749298
gp_latent_1,725,0.09526624530553818
gp_latent_1,726,0.06805787235498428
gp_latent_1,727,0.062468480318784714
gp_latent_1,728,0.08149556815624237
gp_latent_1,729,-0.04285169020295143
gp_latent_1,730,-0.038281187415122986
gp_latent_1,731,-0.045764390379190445
gp_latent_1,732,0.06264220178127289
gp_latent_1,733,-0.10054007172584534
gp_latent_1,734,-0.08282598108053207
gp_latent_1,735,0.044996846467256546
gp_latent_1,736,-0.053644511848688126
gp_latent_1,737,-0.02322600781917572
gp_latent_1,738,0.006145126651972532
gp_latent_1,739,0.016576731577515602
gp_latent_1,740,-0.02954714000225067
gp_latent_1,741,0.020962700247764587
gp_latent_1,742,0.01554838102310896
gp_latent_1,743,0.03882903978228569
gp_latent_1,744,0.0795041099190712
gp_latent_1,745,0.0688234493136406
gp_latent_1,746,0.06389021128416061
gp_latent_1,747,0.06664252281188965
gp_latent_1,748,0.02676919288933277
gp_latent_1,749,0.020517071709036827
gp_latent_1,750,0.00236983853392303
gp_latent_1,751,0.06102034077048302
gp_latent_1,752,0.02313522808253765
gp_latent_1,753,0.029721098020672798
gp_latent_1,754,-0.02219265326857567
gp_latent_1,755,0.015701718628406525
gp_latent_1,756,0.0427124947309494
gp_latent_1,757,0.03684885427355766
gp_latent_1,758,0.005440220702439547
gp_latent_1,759,0.002081566024571657
gp_latent_1,760,-0.0027199313044548035
gp_latent_1,761,0.021581009030342102
gp_latent_1,762,-0.0022716927342116833
gp_latent_1,763,0.0182955302298069
gp_latent_1,764,0.09161732345819473
gp_latent_1,765,0.012912319973111153
gp_latent_1,766,-0.002049473114311695
gp_latent_1,767,-0.015278526581823826
gp_latent_1,768,0.017527585849165916
gp_latent_1,769,-0.013480538502335548
gp_latent_1,770,-0.016841264441609383
gp_latent_1,771,0.0013828398659825325
gp_latent_1,772,0.019898725673556328
gp_latent_1,773,-0.019930392503738403
gp_latent_1,774,0.024131551384925842
gp_latent_1,775,0.02521360293030739
gp_latent_1,776,-0.023882072418928146
gp_latent_1,777,-0.012731625698506832
gp_latent_1,778,-0.0045497906394302845
gp_latent_1,779,0.009133657440543175
gp_latent_1,780,-0.005556150339543819
gp_latent_1,781,0.023270605131983757
gp_latent_1,782,0.023702295497059822
gp_latent_1,783,-0.00029420608188956976
gp_latent_1,784,0.019573625177145004
gp_latent_1,785,0.003223663428798318
gp_latent_1,786,0.0030210944823920727
gp_latent_1,787,-0.021978791803121567
gp_latent_1,788,-0.037233419716358185
gp_latent_1,789,0.010108474642038345
gp_latent_1,790,0.01394597627222538
gp_latent_1,791,0.011966140940785408
gp_latent_1,792,0.006158375181257725
gp_latent_1,793,-0.03177954629063606
gp_latent_1,794,-0.04123755544424057
gp_latent_1,795,0.012856077402830124
gp_latent_1,796,0.04253939911723137
gp_latent_1,797,0.001825683400966227
gp_latent_1,798,0.06722089648246765
gp_latent_1,799,-0.022241875529289246
gp_latent_1,800,0.018334008753299713
gp_latent_1,801,-0.010930757969617844
gp_latent_1,802,0.003769063390791416
gp_latent_1,803,0.014377029612660408
gp_latent_1,804,0.019417649134993553
gp_latent_1,805,0.07391439378261566
gp_latent_1,806,-0.0011037378571927547
gp_latent_1,807,0.011560637503862381
gp_latent_1,808,0.015863914042711258
gp_latent_1,809,0.057450734078884125
gp_latent_1,810,0.03880154341459274
gp_latent_1,811,0.05176590383052826
gp_latent_1,812,0.05342741310596466
gp_latent_1,813,-0.00635454710572958
gp_latent_1,814,0.0059870583936572075
gp_latent_1,815,0.014166092500090599
gp_latent_1,816,0.009704824537038803
gp_latent_1,817,0.013827988877892494
gp_latent_1,818,0.003484872169792652
gp_latent_1,819,0.06158269941806793
gp_latent_1,820,0.07257980108261108
gp_latent_1,821,0.02883441187441349
gp_latent_1,822,0.04242921993136406
gp_latent_1,823,0.07125339657068253
gp_latent_1,824,0.013949329033493996
gp_latent_1,825,0.007698568981140852
gp_latent_1,826,0.03307295963168144
gp_latent_1,827,-0.000550262164324522
gp_latent_1,828,0.017948057502508163
gp_latent_1,829,0.005258428864181042
gp_latent_1,830,-0.007428278680890799
gp_latent_1,831,-0.004306612070649862
gp_latent_1,832,0.0008298109751194715
gp_latent_1,833,0.034265145659446716
gp_latent_1,834,-0.011978904716670513
gp_latent_1,835,-0.016955764964222908
gp_latent_1,836,0.026667626574635506
gp_latent_1,837,0.0342608317732811
gp_latent_1,838,0.09571321308612823
gp_latent_1,839,-0.003838722826912999
gp_latent_1,840,0.02027980051934719
gp_latent_1,841,0.0006277007050812244
gp_latent_1,842,0.035806506872177124
gp_latent_1,843,0.053099554032087326
gp_latent_1,844,-0.005786679685115814
gp_latent_1,845,-0.0041550700552761555
gp_latent_1,846,0.01881653629243374
gp_latent_1,847,0.007817008532583714
gp_latent_1,848,-0.010317734442651272
gp_latent_1,849,0.03629729896783829
gp_latent_1,850,-0.01700626127421856
gp_latent_1,851,-0.004914471879601479
gp_latent_1,852,0.06754753738641739
gp_latent_1,853,0.015564033761620522
gp_latent_1,854,-0.015235275961458683
gp_latent_1,855,-0.03729274496436119
gp_latent_1,856,-0.0019793417304754257
gp_latent_1,857,0.009633523412048817
gp_latent_1,858,-0.022795071825385094
gp_latent_1,859,0.021388955414295197
gp_latent_1,860,-0.0010299449786543846
gp_latent_1,861,0.00526930158957839
gp_latent_1,862,-0.022358408197760582
gp_latent_1,863,-0.00016540568321943283
gp_latent_1,864,-0.014639502391219139
gp_latent_1,865,0.0036691203713417053
gp_latent_1,866,0.029208915308117867
gp_latent_1,867,0.00034486688673496246
gp_latent_1,868,-0.004563060123473406
gp_latent_1,869,0.00014024274423718452
gp_latent_1,870,-0.06737437844276428
gp_latent_1,871,0.016954418271780014
gp_latent_1,872,0.03285742923617363
gp_latent_1,873,0.05643609166145325
gp_latent_1,874,-0.017444556578993797
gp_latent_1,875,0.019234206527471542
gp_latent_1,876,0.004493328742682934
gp_latent_1,877,0.03469688445329666
gp_latent_1,878,0.023175541311502457
gp_latent_1,879,0.06897573918104172
gp_latent_1,880,0.023839712142944336
gp_latent_1,881,-0.008394106291234493
gp_latent_1,882,-0.030249040573835373
gp_latent_1,883,-0.01508464477956295
gp_latent_1,884,0.057302944362163544
gp_latent_1,885,0.038349758833646774
gp_latent_1,886,-0.0025829304940998554
gp_latent_1,887,0.05030065402388573
gp_latent_1,888,-0.027283048257231712
gp_latent_1,889,0.008446095511317253
gp_latent_1,890,0.01952359825372696
gp_latent_1,891,0.00448599923402071
gp_latent_1,892,-0.002251120749861002
gp_latent_1,893,-0.015228954143822193
gp_latent_1,894,-0.004184863995760679
gp_latent_1,895,-0.009015426971018314
gp_latent_1,896,0.09448103606700897
gp_latent_1,897,0.010878382250666618
gp_latent_1,898,-0.021817678585648537
gp_latent_1,899,-0.06007465347647667
gp_latent_1,900,-0.04373364523053169
gp_latent_1,901,-0.02701563760638237
gp_latent_1,902,0.003918602131307125
gp_latent_1,903,-0.013257451355457306
gp_latent_1,904,0.03700166568160057
gp_latent_1,905,0.026837823912501335
gp_latent_1,906,0.04595555365085602
gp_latent_1,907,0.039254672825336456
gp_latent_1,908,0.11925239115953445
gp_latent_1,909,-0.040423519909381866
gp_latent_1,910,-0.047960683703422546
gp_latent_1,911,-0.023330051451921463
gp_latent_1,912,-0.04117734730243683
gp_latent_1,913,-0.024935469031333923
gp_latent_1,914,0.00899381935596466
gp_latent_1,915,-0.0021656120661646128
gp_latent_1,916,-0.02627541497349739
gp_latent_1,917,0.00032181059941649437
gp_latent_1,918,0.0072167059406638145
gp_latent_1,919,0.06652426719665527
gp_latent_1,920,-0.02195035107433796
gp_latent_1,921,0.009138766676187515
gp_latent_1,922,0.017486372962594032
gp_latent_1,923,0.03582758456468582
gp_latent_1,924,0.060942407697439194
gp_latent_1,925,-0.04278834909200668
gp_latent_1,926,0.008755257353186607
gp_latent_1,927,0.0503368116915226
gp_latent_1,928,-0.009111564606428146
gp_latent_1,929,-0.01586616411805153
gp_latent_1,930,-0.035911429673433304
gp_latent_1,931,-0.0055243270471692085
gp_latent_1,932,0.09006018191576004
gp_latent_1,933,0.07079163193702698
gp_latent_1,934,0.08051953464746475
gp_latent_1,935,0.03561076521873474
gp_latent_1,936,-0.04285738617181778
gp_latent_1,937,-0.04206861928105354
gp_latent_1,938,0.0675603449344635
gp_latent_1,939,-0.039456043392419815
gp_latent_1,940,0.029604937881231308
gp_latent_1,941,0.01858815923333168
gp_latent_1,942,0.01679352857172489
gp_latent_1,943,-0.019124798476696014
gp_latent_1,944,-0.03176864609122276
gp_latent_1,945,-0.051707297563552856
gp_latent_1,946,-0.0014993231743574142
gp_latent_1,947,-0.019467061385512352
gp_latent_1,948,-0.04725198820233345
gp_latent_1,949,0.012008018791675568
gp_latent_2,0,0.04878859966993332
gp_latent_2,1,-0.04468430578708649
gp_latent_2,2,0.015241323970258236
gp_latent_2,3,0.00021958292927592993
gp_latent_2,4,0.004059577360749245
gp_latent_2,5,-0.03722860664129257
gp_latent_2,6,0.0157195795327425
gp_latent_2,7,-0.014313910156488419
gp_latent_2,8,0.00023538299137726426
gp_latent_2,9,-0.04778951406478882
gp_latent_2,10,-0.030571816489100456
gp_latent_2,11,-0.016990309581160545
gp_latent_2,12,0.033336225897073746
gp_latent_2,13,0.022894660010933876
gp_latent_2,14,0.001804680097848177
gp_latent_2,15,-0.020215561613440514
gp_latent_2,16,-0.06667215377092361
gp_latent_2,17,-0.022247524932026863
gp_latent_2,18,-0.05339780077338219
gp_latent_2,19,-0.01996533013880253
gp_latent_2,20,-0.025648141279816628
gp_latent_2,21,0.0076117184944450855
gp_latent_2,22,-0.009212263859808445
gp_latent_2,23,0.003457606304436922
gp_latent_2,24,0.0035643386654555798
gp_latent_2,25,-0.010138347744941711
gp_latent_2,26,-0.010610843077301979
gp_latent_2,27,0.01861938275396824
gp_latent_2,28,-0.0224495567381382
gp_latent_2,29,-0.06868067383766174
gp_latent_2,30,-0.0022293194197118282
gp_latent_2,31,-0.03030329756438732
gp_latent_2,32,-0.005046646576374769
gp_latent_2,33,0.021672921255230904
gp_latent_2,34,0.007206371985375881
gp_latent_2,35,-0.01552517805248499
gp_latent_2,36,0.009004836902022362
gp_latent_2,37,0.008420969359576702
gp_latent_2,38,0.034478913992643356
gp_latent_2,39,0.005163319408893585
gp_latent_2,40,-0.011065861210227013
gp_latent_2,41,0.01033025048673153
gp_latent_2,42,-0.004175175912678242
gp_latent_2,43,-0.0053034876473248005
gp_latent_2,44,-0.012041866779327393
gp_latent_2,45,-0.0012425199383869767
gp_latent_2,46,-0.014892165549099445
gp_latent_2,47,-0.002002741675823927
gp_latent_2,48,-0.01232943870127201
gp_latent_2,49,0.0024421592243015766
gp_latent_2,50,0.021521471440792084
gp_latent_2,51,0.0005573001690208912
gp_latent_2,52,0.00281925848685205
gp_latent_2,53,-0.0011580893769860268
gp_latent_2,54,-0.003962440881878138
gp_latent_2,55,-0.025258176028728485
gp_latent_2,56,-0.010878105647861958
gp_latent_2,57,-0.008947504684329033
gp_latent_2,58,0.030220599845051765
gp_latent_2,59,0.0012885709293186665
gp_latent_2,60,-0.08619410544633865
gp_latent_2,61,-0.004863540641963482
gp_latent_2,62,-0.030304640531539917
gp_latent_2,63,0.008536770939826965
gp_latent_2,64,0.0037024840712547302
gp_latent_2,65,-0.06833367794752121
gp_latent_2,66,0.060405246913433075
gp_latent_2,67,0.008319849148392677
gp_latent_2,68,0.006049749441444874
gp_latent_2,69,-0.08722842484712601
gp_latent_2,70,-0.08605261147022247
gp_latent_2,71,0.03154350072145462
gp_latent_2,72,0.03510290011763573
gp_latent_2,73,0.0019221985712647438
gp_latent_2,74,-0.03818874806165695
gp_latent_2,75,0.026221245527267456
gp_latent_2,76,0.03368788957595825
gp_latent_2,77,0.036749474704265594
gp_latent_2,78,0.02546996809542179
gp_latent_2,79,-0.005461409687995911
gp_latent_2,80,0.03376295045018196
gp_latent_2,81,0.01976935751736164
gp_latent_2,82,0.003206638852134347
gp_latent_2,83,-0.012007951736450195
gp_latent_2,84,-0.0941980630159378
gp_latent_2,85,-0.005541318561881781
gp_latent_2,86,0.007899169810116291
gp_latent_2,87,-0.03714648634195328
gp_latent_2,88,0.023716019466519356
gp_latent_2,89,0.011517941951751709
gp_latent_2,90,0.014589748345315456
gp_latent_2,91,0.006054166704416275
gp_latent_2,92,0.07720416784286499
gp_latent_2,93,-0.01283884048461914
gp_latent_2,94,0.00457925908267498
gp_latent_2,95,0.007446271367371082
gp_latent_2,96,-0.009913897141814232
gp_latent_2,97,0.00865364633500576
gp_latent_2,98,-0.041988305747509
gp_latent_2,99,-0.02074764296412468
gp_latent_2,100,0.0019572731107473373
gp_latent_2,101,-0.04791540652513504
gp_latent_2,102,-0.07054843008518219
gp_latent_2,103,-0.045817695558071136
gp_latent_2,104,-0.02454995922744274
gp_latent_2,105,0.004696646239608526
gp_latent_2,106,-0.002279601525515318
gp_latent_2,107,0.008477024734020233
gp_latent_2,108,0.036897651851177216
gp_latent_2,109,0.04789049178361893
gp_latent_2,110,0.038416776806116104
gp_latent_2,111,0.05144968256354332
gp_latent_2,112,0.0455077700316906
gp_latent_2,113,-0.01267537847161293
gp_latent_2,114,0.00557336863130331
gp_latent_2,115,0.017322897911071777
gp_latent_2,116,-0.018897347152233124
gp_latent_2,117,0.019165627658367157
gp_latent_2,118,-0.004941956140100956
gp_latent_2,119,0.0033758452627807856
gp_latent_2,120,-0.057894837111234665
gp_latent_2,121,-0.01232127659022808
gp_latent_2,122,-0.004299475811421871
gp_latent_2,123,0.04960533231496811
gp_latent_2,124,-0.0009115777793340385
gp_latent_2,125,0.032997120171785355
gp_latent_2,126,0.011830911040306091
gp_latent_2,127,-0.00710693933069706
gp_latent_2,128,0.0027179550379514694
gp_latent_2,129,-0.030607575550675392
gp_latent_2,130,0.018734220415353775
gp_latent_2,131,0.006650327704846859
gp_latent_2,132,-0.002814458915963769
gp_latent_2,133,-0.019849352538585663
gp_latent_2,134,-0.024522798135876656
gp_latent_2,135,-0.043690912425518036
gp_latent_2,136,0.001837337389588356
gp_latent_2,137,0.06498740613460541
gp_latent_2,138,0.060575827956199646
gp_latent_2,139,0.06595250219106674
gp_latent_2,140,0.013990240171551704
gp_latent_2,141,0.02669227123260498
gp_latent_2,142,-0.04013596847653389
gp_latent_2,143,-0.012294179759919643
gp_latent_2,144,-0.024301687255501747
gp_latent_2,145,0.03620525449514389
gp_latent_2,146,0.03386280685663223
gp_latent_2,147,0.0023860957007855177
gp_latent_2,148,0.0037489142268896103
gp_latent_2,149,0.008478161878883839
gp_latent_2,150,-0.020096469670534134
gp_latent_2,151,-0.02334173023700714
gp_latent_2,152,-0.00799768976867199
gp_latent_2,153,0.018368707969784737
gp_latent_2,154,-0.04906345531344414
gp_latent_2,155,-0.03932525962591171
gp_latent_2,156,-0.02372366562485695
gp_latent_2,157,0.02535955049097538
gp_latent_2,158,0.010231640189886093
gp_latent_2,159,0.010212861932814121
gp_latent_2,160,0.005790666677057743
gp_latent_2,161,0.011501503176987171
gp_latent_2,162,0.01912791281938553
gp_latent_2,163,0.014967063441872597
gp_latent_2,164,-0.007722744718194008
gp_latent_2,165,0.0041629960760474205
gp_latent_2,166,0.005767335649579763
gp_latent_2,167,0.031574368476867676
gp_latent_2,168,0.009867649525403976
gp_latent_2,169,-0.03213628754019737
gp_latent_2,170,-0.023784136399626732
gp_latent_2,171,0.005641823634505272
gp_latent_2,172,-0.024468962103128433
gp_latent_2,173,0.007670813240110874
gp_latent_2,174,-0.039956074208021164
gp_latent_2,175,0.03556693345308304
gp_latent_2,176,0.012026380747556686
gp_latent_2,177,0.0039047985337674618
gp_latent_2,178,0.0026183996815234423
gp_latent_2,179,-0.029088016599416733
gp_latent_2,180,0.018735965713858604
gp_latent_2,181,-0.017684025689959526
gp_latent_2,182,-0.027140606194734573
gp_latent_2,183,-0.02881713956594467
gp_latent_2,184,-0.00542144849896431
gp_latent_2,185,-0.00128073466476053
gp_latent_2,186,0.0033731881994754076
gp_latent_2,187,-0.013255794532597065
gp_latent_2,188,0.0068802060559391975
gp_latent_2,189,0.0012419673148542643
gp_latent_2,190,-0.053110502660274506
gp_latent_2,191,-0.017504043877124786
gp_latent_2,192,-0.002018982544541359
gp_latent_2,193,-0.0018804213032126427
gp_latent_2,194,0.0006503938930109143
gp_latent_2,195,-0.0012369322357699275
gp_latent_2,196,-0.004005425609648228
gp_latent_2,197,-0.01930353417992592
gp_latent_2,198,-0.024600153788924217
gp_latent_2,199,-0.0005272496491670609
gp_latent_2,200,-0.01097428984940052
gp_latent_2,201,-0.023478902876377106
gp_latent_2,202,-0.04069393128156662
gp_latent_2,203,0.00964599009603262
gp_latent_2,204,0.01108810305595398
gp_latent_2,205,0.056855447590351105
gp_latent_2,206,-0.03426622599363327
gp_latent_2,207,-0.02523406222462654
gp_latent_2,208,-0.002048091497272253
gp_latent_2,209,0.009341374970972538
gp_latent_2,210,0.003516322933137417
gp_latent_2,211,-0.01725582405924797
gp_latent_2,212,-0.006143670529127121
gp_latent_2,213,-0.007719964720308781
gp_latent_2,214,0.015737328678369522
gp_latent_2,215,-0.0029211249202489853
gp_latent_2,216,0.0011958819814026356
gp_latent_2,217,-0.019862741231918335
gp_latent_2,218,-0.002130194567143917
gp_latent_2,219,-0.01616041362285614
gp_latent_2,220,0.007167346775531769
gp_latent_2,221,0.0061767613515257835
gp_latent_2,222,-0.04261696711182594
gp_latent_2,223,-0.0017311439150944352
gp_latent_2,224,-0.0426890105009079
gp_latent_2,225,-0.004710552282631397
gp_latent_2,226,0.0516761839389801
gp_latent_2,227,0.009781068190932274
gp_latent_2,228,0.00421511847525835
gp_latent_2,229,0.013953041285276413
gp_latent_2,230,-0.02722271904349327
gp_latent_2,231,-0.009880783036351204
gp_latent_2,232,0.00823945738375187
gp_latent_2,233,-0.009938523173332214
gp_latent_2,234,0.029017280787229538
gp_latent_2,235,-0.011310342699289322
gp_latent_2,236,0.017575737088918686
gp_latent_2,237,-0.025042666122317314
gp_latent_2,238,-0.03094811551272869
gp_latent_2,239,-0.01368185505270958
gp_latent_2,240,-0.03555893898010254
gp_latent_2,241,-0.018664684146642685
gp_latent_2,242,0.0012567456578835845
gp_latent_2,243,0.03180563449859619
gp_latent_2,244,0.04481518641114235
gp_latent_2,245,0.042372867465019226
gp_latent_2,246,-0.020624978467822075
gp_latent_2,247,-0.018433984369039536
gp_latent_2,248,-0.012987516820430756
gp_latent_2,249,-0.010635076090693474
gp_latent_2,250,-0.01075283344835043
gp_latent_2,251,0.0078051225282251835
gp_latent_2,252,0.004469607956707478
gp_latent_2,253,-0.05165452882647514
gp_latent_2,254,0.023713942617177963
gp_latent_2,255,-0.020269133150577545
gp_latent_2,256,-0.0013064844533801079
gp_latent_2,257,0.007986431941390038
gp_latent_2,258,-0.02827996015548706
gp_latent_2,259,-0.05158654972910881
gp_latent_2,260,-0.015040130354464054
gp_latent_2,261,0.02450835518538952
gp_latent_2,262,-0.000499726680573076
gp_latent_2,263,0.011822993867099285
gp_latent_2,264,0.029211336746811867
gp_latent_2,265,0.00973131600767374
gp_latent_2,266,-0.04057280719280243
gp_latent_2,267,-0.02810770832002163
gp_latent_2,268,-0.01027605775743723
gp_latent_2,269,0.031237922608852386
gp_latent_2,270,-0.040694065392017365
gp_latent_2,271,-0.03923942148685455
gp_latent_2,272,0.02734076976776123
gp_latent_2,273,0.06030167639255524
gp_latent_2,274,-0.019734835252165794
gp_latent_2,275,0.007706432603299618
gp_latent_2,276,0.0016749212518334389
gp_latent_2,277,-9.72207635641098e-05
gp_latent_2,278,-0.011553858406841755
gp_latent_2,279,-0.026625923812389374
gp_latent_2,280,-0.005314551293849945
gp_latent_2,281,-0.03335517272353172
gp_latent_2,282,-0.002984218765050173
gp_latent_2,283,-0.010992970317602158
gp_latent_2,284,-0.010631021112203598
gp_latent_2,285,0.005763734690845013
gp_latent_2,286,-0.01078259851783514
gp_latent_2,287,0.008950667455792427
gp_latent_2,288,0.019337985664606094
gp_latent_2,289,-0.0004852358251810074
gp_latent_2,290,0.0009954795241355896
gp_latent_2,291,-0.020212214440107346
gp_latent_2,292,-0.024199536070227623
gp_latent_2,293,-0.052304934710264206
gp_latent_2,294,-0.003707870375365019
gp_latent_2,295,0.018974628299474716
gp_latent_2,296,-0.0257696732878685
gp_latent_2,297,-0.01920471340417862
gp_latent_2,298,-0.04261675849556923
gp_latent_2,299,0.015691354870796204
gp_latent_2,300,-0.05812907591462135
gp_latent_2,301,-0.06975547969341278
gp_latent_2,302,-0.04676882177591324
gp_latent_2,303,0.005278398282825947
gp_latent_2,304,0.006769407540559769
gp_latent_2,305,0.017645519226789474
gp_latent_2,306,0.003191803116351366
gp_latent_2,307,-0.08004140108823776
gp_latent_2,308,-0.04321669042110443
gp_latent_2,309,0.005878289230167866
gp_latent_2,310,0.04393372684717178
gp_latent_2,311,0.011333854869008064
gp_latent_2,312,0.05237249657511711
gp_latent_2,313,-0.043814852833747864
gp_latent_2,314,0.053532689809799194
gp_latent_2,315,-0.012393686920404434
gp_latent_2,316,0.015919405966997147
gp_latent_2,317,-0.03874463215470314
gp_latent_2,318,-0.023627648130059242
gp_latent_2,319,-0.035640545189380646
gp_latent_2,320,-0.011199780739843845
gp_latent_2,321,-0.000986649189144373
gp_latent_2,322,-0.0863477885723114
gp_latent_2,323,0.06671350449323654
gp_latent_2,324,0.02953212335705757
gp_latent_2,325,-0.03801894187927246
gp_latent_2,326,0.03727002441883087
gp_latent_2,327,-0.017492884770035744
gp_latent_2,328,0.006025029346346855
gp_latent_2,329,0.04616352170705795
gp_latent_2,330,-0.0023221676237881184
gp_latent_2,331,-0.02155640348792076
gp_latent_2,332,0.008679560385644436
gp_latent_2,333,0.01615527644753456
gp_latent_2,334,-0.005328180734068155
gp_latent_2,335,-0.011548362672328949
gp_latent_2,336,0.02027282677590847
gp_latent_2,337,0.02393650822341442
gp_latent_2,338,0.05963693559169769
gp_latent_2,339,-0.02509596385061741
gp_latent_2,340,0.019850943237543106
gp_latent_2,341,0.019772963598370552
gp_latent_2,342,0.020363902673125267
gp_latent_2,343,-0.015475641004741192
gp_latent_2,344,-0.03372611105442047
gp_latent_2,345,0.010377767495810986
gp_latent_2,346,0.0027559930458664894
gp_latent_2,347,-0.007683048956096172
gp_latent_2,348,0.0507812425494194
gp_latent_2,349,-0.047451045364141464
gp_latent_2,350,0.02196633629500866
gp_latent_2,351,0.016558727249503136
gp_latent_2,352,-0.04688402637839317
gp_latent_2,353,-0.02812054380774498
gp_latent_2,354,0.014562143944203854
gp_latent_2,355,-0.02281932719051838
gp_latent_2,356,0.00034156086621806026
gp_latent_2,357,0.0054291533306241035
gp_latent_2,358,-0.08060560375452042
gp_latent_2,359,-0.06207464262843132
gp_latent_2,360,0.01515958271920681
gp_latent_2,361,0.016547800973057747
gp_latent_2,362,-0.025446109473705292
gp_latent_2,363,0.012609928846359253
gp_latent_2,364,-0.014318438246846199
gp_latent_2,365,-0.0007123902905732393
gp_latent_2,366,-0.0067353630438447
gp_latent_2,367,-0.017213696613907814
gp_latent_2,368,-0.011467861011624336
gp_latent_2,369,-0.08280640095472336
gp_latent_2,370,-0.004966307897120714
gp_latent_2,371,0.07315332442522049
gp_latent_2,372,-0.006016469560563564
gp_latent_2,373,0.00651905033737421
gp_latent_2,374,0.04296413064002991
gp_latent_2,375,-0.05973770096898079
gp_latent_2,376,0.013376819901168346
gp_latent_2,377,-0.012960327789187431
gp_latent_2,378,-0.05151483416557312
gp_latent_2,379,0.024713236838579178
gp_latent_2,380,-0.04189325124025345
gp_latent_2,381,-0.0013787910575047135
gp_latent_2,382,-0.023142093792557716
gp_latent_2,383,-0.003748926566913724
gp_latent_2,384,-0.05849545821547508
gp_latent_2,385,-0.0802602544426918
gp_latent_2,386,-6.920890882611275e-07
gp_latent_2,387,-0.025032613426446915
gp_latent_2,388,-0.007267678156495094
gp_latent_2,389,-0.08299123495817184
gp_latent_2,390,-0.01923556812107563
gp_latent_2,391,-0.005383800715208054
gp_latent_2,392,-0.015210176818072796
gp_latent_2,393,-0.033488769084215164
gp_latent_2,394,-0.010543808341026306
gp_latent_2,395,0.003262285375967622
gp_latent_2,396,0.0034605064429342747
gp_latent_2,397,-0.017970621585845947
gp_latent_2,398,-0.0803232416510582
gp_latent_2,399,-0.00806407444179058
gp_latent_2,400,0.0006070033414289355
gp_latent_2,401,0.02351377345621586
gp_latent_2,402,-0.017886660993099213
gp_latent_2,403,-0.04340106248855591
gp_latent_2,404,-0.007335534319281578
gp_latent_2,405,0.03753498196601868
gp_latent_2,406,0.02507590502500534
gp_latent_2,407,0.0005761866923421621
gp_latent_2,408,0.005292072892189026
gp_latent_2,409,0.008405612781643867
gp_latent_2,410,0.017542216926813126
gp_latent_2,411,-0.02822633646428585
gp_latent_2,412,0.03455156087875366
gp_latent_2,413,0.040718477219343185
gp_latent_2,414,0.012725148350000381
gp_latent_2,415,0.019051864743232727
gp_latent_2,416,0.047701481729745865
gp_latent_2,417,0.021639322862029076
gp_latent_2,418,0.014246063306927681
gp_latent_2,419,0.0022405963391065598
gp_latent_2,420,0.001926531782373786
gp_latent_2,421,-0.0009555458091199398
gp_latent_2,422,-0.0037363823503255844
gp_latent_2,423,-0.0023540451657027006
gp_latent_2,424,-0.04714666306972504
gp_latent_2,425,-0.010726425796747208
gp_latent_2,426,-0.03902643918991089
gp_latent_2,427,-0.03973187133669853
gp_latent_2,428,-0.030285846441984177
gp_latent_2,429,-0.02894953079521656
gp_latent_2,430,-0.0031088520772755146
gp_latent_2,431,-0.012130722403526306
gp_latent_2,432,-0.0291849784553051
gp_latent_2,433,-0.006056596990674734
gp_latent_2,434,-0.029961153864860535
gp_latent_2,435,-0.029507121071219444
gp_latent_2,436,-0.01082102581858635
gp_latent_2,437,0.03745272010564804
gp_latent_2,438,0.02346782013773918
gp_latent_2,439,-0.021613052114844322
gp_latent_2,440,-0.015136651694774628
gp_latent_2,441,-0.012814345769584179
gp_latent_2,442,-0.01526197325438261
gp_latent_2,443,-0.04407482221722603
gp_latent_2,444,-0.0194532610476017
gp_latent_2,445,-0.003066727891564369
gp_latent_2,446,-0.024586882442235947
gp_latent_2,447,-0.013866710476577282
gp_latent_2,448,-0.006247947458177805
gp_latent_2,449,-0.010919107124209404
gp_latent_2,450,-6.57942146062851e-05
gp_latent_2,451,-0.034348636865615845
gp_latent_2,452,-0.06511726975440979
gp_latent_2,453,-0.05835183709859848
gp_latent_2,454,-0.004320025444030762
gp_latent_2,455,-0.017716648057103157
gp_latent_2,456,-0.021887991577386856
gp_latent_2,457,-0.05950545892119408
gp_latent_2,458,0.06936593353748322
gp_latent_2,459,-0.028367752209305763
gp_latent_2,460,0.025776879861950874
gp_latent_2,461,0.026580210775136948
gp_latent_2,462,-0.025519749149680138
gp_latent_2,463,-0.009949859231710434
gp_latent_2,464,0.04398450627923012
gp_latent_2,465,-0.043313078582286835
gp_latent_2,466,-0.023020531982183456
gp_latent_2,467,0.010190301574766636
gp_latent_2,468,-0.01275827270001173
gp_latent_2,469,-0.04043738543987274
gp_latent_2,470,0.029297277331352234
gp_latent_2,471,-0.018948988988995552
gp_latent_2,472,-0.024188218638300896
gp_latent_2,473,-0.00039125781040638685
gp_latent_2,474,-0.021957190707325935
gp_latent_2,475,-0.04583985358476639
gp_latent_2,476,-0.0031065468210726976
gp_latent_2,477,-0.03657982870936394
gp_latent_2,478,-0.017629345878958702
gp_latent_2,479,-0.03156654164195061
gp_latent_2,480,0.012544986791908741
gp_latent_2,481,-0.04248151183128357
gp_latent_2,482,-0.06382840871810913
gp_latent_2,483,-0.011314613744616508
gp_latent_2,484,-0.01793055422604084
gp_latent_2,485,-0.0013892719289287925
gp_latent_2,486,-0.03018767386674881
gp_latent_2,487,-0.01716899313032627
gp_latent_2,488,0.018251588568091393
gp_latent_2,489,-0.04325810447335243
gp_latent_2,490,-0.040014300495386124
gp_latent_2,491,0.0028274492360651493
gp_latent_2,492,-0.0004478498303797096
gp_latent_2,493,-0.0175812728703022
gp_latent_2,494,-0.023775894194841385
gp_latent_2,495,-0.006649332586675882
gp_latent_2,496,-0.024194128811359406
gp_latent_2,497,-0.03050513006746769
gp_latent_2,498,-0.018653787672519684
gp_latent_2,499,-0.009748095646500587
gp_latent_2,500,-0.04261041060090065
gp_latent_2,501,-0.053496550768613815
gp_latent_2,502,-0.05466296151280403
gp_latent_2,503,-0.034320324659347534
gp_latent_2,504,0.06531120836734772
gp_latent_2,505,-0.03316257521510124
gp_latent_2,506,-0.041053395718336105
gp_latent_2,507,-0.0182578656822443
gp_latent_2,508,0.017231976613402367
gp_latent_2,509,0.006235046312212944
gp_latent_2,510,-0.031112506985664368
gp_latent_2,511,0.0008912206394597888
gp_latent_2,512,-0.009365369565784931
gp_latent_2,513,0.02165921963751316
gp_latent_2,514,-0.04061010479927063
gp_latent_2,515,-0.009035324677824974
gp_latent_2,516,0.002453054767102003
gp_latent_2,517,0.022618256509304047
gp_latent_2,518,0.022366123273968697
gp_latent_2,519,0.012416353449225426
gp_latent_2,520,-0.05333857983350754
gp_latent_2,521,-0.02764606848359108
gp_latent_2,522,0.012980525381863117
gp_latent_2,523,0.0012880610302090645
gp_latent_2,524,-0.005955422297120094
gp_latent_2,525,-0.04478871449828148
gp_latent_2,526,-0.05486512929201126
gp_latent_2,527,-0.030673278495669365
gp_latent_2,528,-0.01796976663172245
gp_latent_2,529,-0.018244996666908264
gp_latent_2,530,0.0325741209089756
gp_latent_2,531,0.0450664646923542
gp_latent_2,532,0.05456407740712166
gp_latent_2,533,0.0059341550804674625
gp_latent_2,534,-0.011098272167146206
gp_latent_2,535,0.04903528094291687
gp_latent_2,536,-0.07133214920759201
gp_latent_2,537,0.031567420810461044
gp_latent_2,538,-0.0009065759368240833
gp_latent_2,539,-0.0033619182649999857
gp_latent_2,540,0.016201019287109375
gp_latent_2,541,0.00018023040320258588
gp_latent_2,542,0.012496746145188808
gp_latent_2,543,0.007089687045663595
gp_latent_2,544,-0.039122726768255234
gp_latent_2,545,-0.040093254297971725
gp_latent_2,546,-0.031203556805849075
gp_latent_2,547,-0.013110391795635223
gp_latent_2,548,-0.03879883140325546
gp_latent_2,549,-0.012861901894211769
gp_latent_2,550,-0.05339512601494789
gp_latent_2,551,0.015519519336521626
gp_latent_2,552,-0.04601004719734192
gp_latent_2,553,-0.049096304923295975
gp_latent_2,554,-0.0579863078892231
gp_latent_2,555,-0.023405835032463074
gp_latent_2,556,-0.015158476307988167
gp_latent_2,557,-0.03087250329554081
gp_latent_2,558,-0.019815821200609207
gp_latent_2,559,-0.03748664632439613
gp_latent_2,560,-0.022071853280067444
gp_latent_2,561,-0.033157676458358765
gp_latent_2,562,-0.04020458087325096
gp_latent_2,563,-0.03204650059342384
gp_latent_2,564,-0.02485649660229683
gp_latent_2,565,-0.03460165858268738
gp_latent_2,566,-0.033600371330976486
gp_latent_2,567,-0.03637778386473656
gp_latent_2,568,-0.048330049961805344
gp_latent_2,569,-0.029128551483154297
gp_latent_2,570,-0.03989589959383011
gp_latent_2,571,-0.030329257249832153
gp_latent_2,572,-0.013978386297821999
gp_latent_2,573,-0.018667617812752724
gp_latent_2,574,-0.03386443853378296
gp_latent_2,575,0.046514082700014114
gp_latent_2,576,0.056476905941963196
gp_latent_2,577,0.026846760883927345
gp_latent_2,578,0.03841805085539818
gp_latent_2,579,0.042946524918079376
gp_latent_2,580,0.038848042488098145
gp_latent_2,581,0.004532437771558762
gp_latent_2,582,-0.040245767682790756
gp_latent_2,583,-0.04061080887913704
gp_latent_2,584,-0.03163360059261322
gp_latent_2,585,-0.02578621357679367
gp_latent_2,586,-0.017280464991927147
gp_latent_2,587,-0.022461434826254845
gp_latent_2,588,-0.033394716680049896
gp_latent_2,589,-0.0032629375346004963
gp_latent_2,590,0.05321740359067917
gp_latent_2,591,-0.03685910999774933
gp_latent_2,592,0.061688512563705444
gp_latent_2,593,-0.03482724726200104
gp_latent_2,594,-0.01449308730661869
gp_latent_2,595,-0.015360367484390736
gp_latent_2,596,-0.04583217203617096
gp_latent_2,597,-0.05882183462381363
gp_latent_2,598,-0.07002313435077667
gp_latent_2,599,0.046282000839710236
gp_latent_2,600,0.05889442563056946
gp_latent_2,601,0.050679318606853485
gp_latent_2,602,-0.009637739509344101
gp_latent_2,603,-0.01290423609316349
gp_latent_2,604,-0.018167439848184586
gp_latent_2,605,-0.007690775208175182
gp_latent_2,606,-0.016717953607439995
gp_latent_2,607,-0.011139515787363052
gp_latent_2,608,0.0028612541500478983
gp_latent_2,609,-0.02045504003763199
gp_latent_2,610,-0.03981343284249306
gp_latent_2,611,-0.007952999323606491
gp_latent_2,612,-0.022071002051234245
gp_latent_2,613,-0.0927797183394432
gp_latent_2,614,-0.0692768320441246
gp_latent_2,615,-0.09403046220541
gp_latent_2,616,-0.08393964171409607
gp_latent_2,617,-0.06815051287412643
gp_latent_2,618,0.023073600605130196
gp_latent_2,619,-0.0005408414290286601
gp_latent_2,620,0.022853052243590355
gp_latent_2,621,0.007534542120993137
gp_latent_2,622,-0.026779621839523315
gp_latent_2,623,-0.03556681051850319
gp_latent_2,624,0.03899398818612099
gp_latent_2,625,-0.008758318610489368
gp_latent_2,626,-0.010318792425096035
gp_latent_2,627,-0.007828086614608765
gp_latent_2,628,-0.0160689577460289
gp_latent_2,629,0.012078557163476944
gp_latent_2,630,0.018841572105884552
gp_latent_2,631,0.033879976719617844
gp_latent_2,632,-0.02324948087334633
gp_latent_2,633,0.013191735371947289
gp_latent_2,634,-0.05019497126340866
gp_latent_2,635,-0.04777590185403824
gp_latent_2,636,-0.022844068706035614
gp_latent_2,637,-0.016698626801371574
gp_latent_2,638,-0.014251502230763435
gp_latent_2,639,-0.0003308227751404047
gp_latent_2,640,-0.002965115010738373
gp_latent_2,641,0.046035122126340866
gp_latent_2,642,0.031708523631095886
gp_latent_2,643,-0.058679867535829544
gp_latent_2,644,-0.052535105496644974
gp_latent_2,645,-0.010850585997104645
gp_latent_2,646,0.0487014539539814
gp_latent_2,647,0.07656203210353851
gp_latent_2,648,0.010350527241826057
gp_latent_2,649,-0.023986246436834335
gp_latent_2,650,-0.021293358877301216
gp_latent_2,651,-0.007749621756374836
gp_latent_2,652,-0.016368292272090912
gp_latent_2,653,-0.017218586057424545
gp_latent_2,654,0.02258143201470375
gp_latent_2,655,0.039489105343818665
gp_latent_2,656,-0.011440614238381386
gp_latent_2,657,0.004277805332094431
gp_latent_2,658,0.03541399538516998
gp_latent_2,659,0.01679428294301033
gp_latent_2,660,-0.02991674281656742
gp_latent_2,661,-0.03856683522462845
gp_latent_2,662,0.019855942577123642
gp_latent_2,663,0.006808715872466564
gp_latent_2,664,-0.022840391844511032
gp_latent_2,665,-0.033734776079654694
gp_latent_2,666,-0.035204462707042694
gp_latent_2,667,-0.00274112937040627
gp_latent_2,668,-0.01933397352695465
gp_latent_2,669,-0.048168353736400604
gp_latent_2,670,-0.012855274602770805
gp_latent_2,671,0.021840710192918777
gp_latent_2,672,0.01670536771416664
gp_latent_2,673,0.015105120837688446
gp_latent_2,674,-0.04513462632894516
gp_latent_2,675,-0.03389018401503563
gp_latent_2,676,-0.027700772508978844
gp_latent_2,677,-0.017630869522690773
gp_latent_2,678,-0.05178828909993172
gp_latent_2,679,-0.02674642577767372
gp_latent_2,680,-0.045673202723264694
gp_latent_2,681,-0.020229889079928398
gp_latent_2,682,-0.017542757093906403
gp_latent_2,683,-0.030998889356851578
gp_latent_2,684,-0.031417857855558395
gp_latent_2,685,-0.030164891853928566
gp_latent_2,686,-0.03134431689977646
gp_latent_2,687,-0.024922015145421028
gp_latent_2,688,-0.033228494226932526
gp_latent_2,689,-0.016203930601477623
gp_latent_2,690,0.020704247057437897
gp_latent_2,691,0.011322587728500366
gp_latent_2,692,-0.015023103915154934
gp_latent_2,693,0.04332735016942024
gp_latent_2,694,0.02220604568719864
gp_latent_2,695,0.05472910404205322
gp_latent_2,696,0.03963615372776985
gp_latent_2,697,0.04345620796084404
gp_latent_2,698,0.0479089617729187
gp_latent_2,699,0.04970709607005119
gp_latent_2,700,0.03924005851149559
gp_latent_2,701,0.043700575828552246
gp_latent_2,702,0.016490818932652473
gp_latent_2,703,-0.027910487726330757
gp_latent_2,704,-0.02930900640785694
gp_latent_2,705,-0.03739573061466217
gp_latent_2,706,-0.011305643245577812
gp_latent_2,707,-0.013348124921321869
gp_latent_2,708,-0.033873315900564194
gp_latent_2,709,-0.05379166081547737
gp_latent_2,710,-0.04437753185629845
gp_latent_2,711,-0.031073404476046562
gp_latent_2,712,-0.03388676419854164
gp_latent_2,713,-0.05177167057991028
gp_latent_2,714,-0.03928107023239136
gp_latent_2,715,-0.011444897390902042
gp_latent_2,716,0.044099822640419006
gp_latent_2,717,-0.021979453042149544
gp_latent_2,718,-0.012027047574520111
gp_latent_2,719,-0.03656292334198952
gp_latent_2,720,0.002611850155517459
gp_latent_2,721,-0.007433416321873665
gp_latent_2,722,-0.008809993043541908
gp_latent_2,723,0.003289300249889493
gp_latent_2,724,-0.08137332648038864
gp_latent_2,725,0.013567686080932617
gp_latent_2,726,0.0313357338309288
gp_latent_2,727,0.016648784279823303
gp_latent_2,728,0.015656201168894768
gp_latent_2,729,0.062447916716337204
gp_latent_2,730,-0.011628911830484867
gp_latent_2,731,-0.07305952906608582
gp_latent_2,732,-0.03164022043347359
gp_latent_2,733,-0.02654349058866501
gp_latent_2,734,-0.026167867705225945
gp_latent_2,735,0.021238718181848526
gp_latent_2,736,-0.05706072598695755
gp_latent_2,737,-0.030760817229747772
gp_latent_2,738,-0.046657443046569824
gp_latent_2,739,0.0170309916138649
gp_latent_2,740,0.001660564448684454
gp_latent_2,741,0.011196613311767578
gp_latent_2,742,0.012274946086108685
gp_latent_2,743,0.02159346640110016
gp_latent_2,744,0.0505748987197876
gp_latent_2,745,-0.04055185243487358
gp_latent_2,746,-0.025015125051140785
gp_latent_2,747,-0.0322096012532711
gp_latent_2,748,0.018108442425727844
gp_latent_2,749,-0.012419250793755054
gp_latent_2,750,0.002380888909101486
gp_latent_2,751,0.02765057235956192
gp_latent_2,752,0.009993823245167732
gp_latent_2,753,0.02385793626308441
gp_latent_2,754,-0.008006609976291656
gp_latent_2,755,-0.0039405315183103085
gp_latent_2,756,-0.013238429091870785
gp_latent_2,757,0.06883092224597931
gp_latent_2,758,0.0228441022336483
gp_latent_2,759,0.022658023983240128
gp_latent_2,760,0.027361968532204628
gp_latent_2,761,0.010795747861266136
gp_latent_2,762,-0.05016765743494034
gp_latent_2,763,0.03939887136220932
gp_latent_2,764,0.03088568150997162
gp_latent_2,765,0.011941449716687202
gp_latent_2,766,0.038522254675626755
gp_latent_2,767,0.03176122158765793
gp_latent_2,768,0.010375572368502617
gp_latent_2,769,0.013700034469366074
gp_latent_2,770,0.025368671864271164
gp_latent_2,771,-0.06093093007802963
gp_latent_2,772,-0.03561845421791077
gp_latent_2,773,-0.003160121850669384
gp_latent_2,774,0.0010263215517625213
gp_latent_2,775,0.005160896573215723
gp_latent_2,776,0.0006511787651106715
gp_latent_2,777,0.009276110678911209
gp_latent_2,778,0.0281103253364563
gp_latent_2,779,0.011097959242761135
gp_latent_2,780,-0.012524587102234364
gp_latent_2,781,-0.039633315056562424
gp_latent_2,782,-0.025531906634569168
gp_latent_2,783,-0.027253059670329094
gp_latent_2,784,-0.018306704238057137
gp_latent_2,785,-0.06091843917965889
gp_latent_2,786,-0.04986833035945892
gp_latent_2,787,0.0011633298126980662
gp_latent_2,788,-0.017305415123701096
gp_latent_2,789,-0.004495183937251568
gp_latent_2,790,-0.00048800953663885593
gp_latent_2,791,-0.001150757074356079
gp_latent_2,792,-0.0016700298292562366
gp_latent_2,793,-0.05141103267669678
gp_latent_2,794,-8.213170804083347e-05
gp_latent_2,795,-0.057218533009290695
gp_latent_2,796,-0.0010744892060756683
gp_latent_2,797,-0.036637965589761734
gp_latent_2,798,-0.023600351065397263
gp_latent_2,799,0.02940194681286812
gp_latent_2,800,-0.05052223056554794
gp_latent_2,801,0.00987154059112072
gp_latent_2,802,-0.04733309894800186
gp_latent_2,803,0.02213853783905506
gp_latent_2,804,-0.006380760110914707
gp_latent_2,805,-0.05733805149793625
gp_latent_2,806,0.005277913063764572
gp_latent_2,807,-0.04724841192364693
gp_latent_2,808,0.002737693954259157
gp_latent_2,809,0.0448278933763504
gp_latent_2,810,0.033201221376657486
gp_latent_2,811,-0.04580150917172432
gp_latent_2,812,-0.04146213084459305
gp_latent_2,813,-0.017704112455248833
gp_latent_2,814,-0.050900015980005264
gp_latent_2,815,-0.043963972479104996
gp_latent_2,816,-0.015395741909742355
gp_latent_2,817,-0.021022528409957886
gp_latent_2,818,0.011945446953177452
gp_latent_2,819,0.0344974659383297
gp_latent_2,820,0.023744231089949608
gp_latent_2,821,-0.0017027624417096376
gp_latent_2,822,0.0014168251072987914
gp_latent_2,823,-0.05611063539981842
gp_latent_2,824,-0.015236010774970055
gp_latent_2,825,-0.007843228057026863
gp_latent_2,826,-0.03532680124044418
gp_latent_2,827,-0.05642182007431984
gp_latent_2,828,-0.02167765609920025
gp_latent_2,829,-0.028956076130270958
gp_latent_2,830,0.015342071652412415
gp_latent_2,831,0.03753616660833359
gp_latent_2,832,-0.06680423766374588
gp_latent_2,833,0.0017409659922122955
gp_latent_2,834,0.009798786602914333
gp_latent_2,835,0.020938247442245483
gp_latent_2,836,0.010648302733898163
gp_latent_2,837,-0.0035938755609095097
gp_latent_2,838,0.02574896439909935
gp_latent_2,839,0.01553269848227501
gp_latent_2,840,0.023919515311717987
gp_latent_2,841,0.00969409104436636
gp_latent_2,842,0.010157683864235878
gp_latent_2,843,-0.014054680243134499
gp_latent_2,844,0.015801530331373215
gp_latent_2,845,-0.050686296075582504
gp_latent_2,846,-0.011045794934034348
gp_latent_2,847,0.01717478781938553
gp_latent_2,848,0.022032564505934715
gp_latent_2,849,-0.006678613368421793
gp_latent_2,850,0.014772886410355568
gp_latent_2,851,0.025420866906642914
gp_latent_2,852,0.00829404592514038
gp_latent_2,853,0.035235725343227386
gp_latent_2,854,0.04971073567867279
gp_latent_2,855,0.04059004783630371
gp_latent_2,856,-0.039982616901397705
gp_latent_2,857,-0.026484059169888496
gp_latent_2,858,-0.03804905340075493
gp_latent_2,859,0.01917799934744835
gp_latent_2,860,0.007028698921203613
gp_latent_2,861,0.0023055109195411205
gp_latent_2,862,-0.07458890229463577
gp_latent_2,863,-0.06155025586485863
gp_latent_2,864,0.009346735663712025
gp_latent_2,865,0.02314210869371891
gp_latent_2,866,-0.0009470987133681774
gp_latent_2,867,-0.03786478936672211
gp_latent_2,868,0.002095138654112816
gp_latent_2,869,-0.05634712427854538
gp_latent_2,870,0.0026935082860291004
gp_latent_2,871,0.002439966192469001
gp_latent_2,872,-0.010235298424959183
gp_latent_2,873,0.0140974847599864
gp_latent_2,874,0.04194347560405731
gp_latent_2,875,-0.022175971418619156
gp_latent_2,876,-0.06912218779325485
gp_latent_2,877,-0.02524915337562561
gp_latent_2,878,0.007778812199831009
gp_latent_2,879,-0.03508668392896652
gp_latent_2,880,-0.021577661857008934
gp_latent_2,881,-0.04244331642985344
gp_latent_2,882,0.0659424215555191
gp_latent_2,883,0.013692107051610947
gp_latent_2,884,0.03309013321995735
gp_latent_2,885,-0.048618633300065994
gp_latent_2,886,0.0030581378377974033
gp_latent_2,887,0.02969992533326149
gp_latent_2,888,-0.07311549037694931
gp_latent_2,889,0.0050712754018604755
gp_latent_2,890,0.0006976792355999351
gp_latent_2,891,-0.004621005617082119
gp_latent_2,892,-0.035486288368701935
gp_latent_2,893,-0.04330587014555931
gp_latent_2,894,-0.05770457163453102
gp_latent_2,895,-0.04503008350729942
gp_latent_2,896,-0.002827923046424985
gp_latent_2,897,-0.01332219410687685
gp_latent_2,898,0.041211165487766266
gp_latent_2,899,-0.039312928915023804
gp_latent_2,900,-0.05402207374572754
gp_latent_2,901,-0.0541650615632534
gp_latent_2,902,0.012793293222784996
gp_latent_2,903,-0.01364948321133852
gp_latent_2,904,0.06931048631668091
gp_latent_2,905,0.047329746186733246
gp_latent_2,906,0.06719247996807098
gp_latent_2,907,0.04683445394039154
gp_latent_2,908,0.0037895620334893465
gp_latent_2,909,0.0009470989461988211
gp_latent_2,910,-0.039321813732385635
gp_latent_2,911,-0.04299762099981308
gp_latent_2,912,-0.04612770676612854
gp_latent_2,913,-0.04887131229043007
gp_latent_2,914,-0.05263562500476837
gp_latent_2,915,-0.0397849977016449
gp_latent_2,916,-0.04454994574189186
gp_latent_2,917,-0.03428011015057564
gp_latent_2,918,0.002512112958356738
gp_latent_2,919,0.03262055292725563
gp_latent_2,920,-0.06204468384385109
gp_latent_2,921,-0.03690655902028084
gp_latent_2,922,0.02596762590110302
gp_latent_2,923,-0.03923216462135315
gp_latent_2,924,0.0052294060587882996
gp_latent_2,925,-0.0039045079611241817
gp_latent_2,926,0.05165180563926697
gp_latent_2,927,-0.0155596062541008
gp_latent_2,928,0.0011581917060539126
gp_latent_2,929,0.054059356451034546
gp_latent_2,930,0.019354263320565224
gp_latent_2,931,-0.00475684879347682
gp_latent_2,932,0.019127916544675827
gp_latent_2,933,0.009555026888847351
gp_latent_2,934,-0.0279371477663517
gp_latent_2,935,-0.011204320006072521
gp_latent_2,936,-0.06455492228269577
gp_latent_2,937,-0.045835867524147034
gp_latent_2,938,-0.04322165623307228
gp_latent_2,939,-0.0458008237183094
gp_latent_2,940,0.07007711380720139
gp_latent_2,941,0.005341377109289169
gp_latent_2,942,-0.040534332394599915
gp_latent_2,943,-0.024958791211247444
gp_latent_2,944,-0.047628678381443024
gp_latent_2,945,-0.04692836478352547
gp_latent_2,946,-0.017593547701835632
gp_latent_2,947,0.04859171807765961
gp_latent_2,948,-0.04338916763663292
gp_latent_2,949,0.013673900626599789
gp_latent_3,0,0.003989104647189379
gp_latent_3,1,0.004135657101869583
gp_latent_3,2,-0.06380010396242142
gp_latent_3,3,-0.0038325595669448376
gp_latent_3,4,0.004762664437294006
gp_latent_3,5,0.036346208304166794
gp_latent_3,6,-0.0056711831130087376
gp_latent_3,7,0.0023644166067242622
gp_latent_3,8,-0.05811886861920357
gp_latent_3,9,-0.0014115117955952883
gp_latent_3,10,0.04767182096838951
gp_latent_3,11,-0.0029529291205108166
gp_latent_3,12,0.009979617781937122
gp_latent_3,13,-0.0027473177760839462
gp_latent_3,14,0.03976773843169212
gp_latent_3,15,0.004342110361903906
gp_latent_3,16,-0.0007515633478760719
gp_latent_3,17,0.008730107918381691
gp_latent_3,18,-0.01259944960474968
gp_latent_3,19,0.00033713525044731796
gp_latent_3,20,-0.005649613216519356
gp_latent_3,21,-0.049739427864551544
gp_latent_3,22,-0.009166749194264412
gp_latent_3,23,0.026830049231648445
gp_latent_3,24,-0.051806624978780746
gp_latent_3,25,-0.010735288262367249
gp_latent_3,26,0.054542116820812225
gp_latent_3,27,-0.059210214763879776
gp_latent_3,28,-0.0045693619176745415
gp_latent_3,29,-0.01502113789319992
gp_latent_3,30,-0.0276251919567585
gp_latent_3,31,0.01565410941839218
gp_latent_3,32,-0.0013781692832708359
gp_latent_3,33,-0.007554738782346249
gp_latent_3,34,-0.04318356513977051
gp_latent_3,35,-0.03744715452194214
gp_latent_3,36,0.040639251470565796
gp_latent_3,37,-0.006595461629331112
gp_latent_3,38,-0.03529889136552811
gp_latent_3,39,0.005059456918388605
gp_latent_3,40,0.02331964299082756
gp_latent_3,41,0.022220134735107422
gp_latent_3,42,-0.045866433531045914
gp_latent_3,43,0.008562766015529633
gp_latent_3,44,0.02032117173075676
gp_latent_3,45,0.0044424221850931644
gp_latent_3,46,0.0005653849802911282
gp_latent_3,47,-0.025958504527807236
gp_latent_3,48,0.010815753601491451
gp_latent_3,49,0.017255999147892
gp_latent_3,50,0.009238449856638908
gp_latent_3,51,-0.009353287518024445
gp_latent_3,52,-0.016139840707182884
gp_latent_3,53,0.027784395962953568
gp_latent_3,54,-0.020612429827451706
gp_latent_3,55,0.0021835272200405598
gp_latent_3,56,0.01034617144614458
gp_latent_3,57,-0.020100360736250877
gp_latent_3,58,-0.0148371122777462
gp_latent_3,59,0.005354281980544329
gp_latent_3,60,0.050650205463171005
gp_latent_3,61,-0.019335979595780373
gp_latent_3,62,0.001512779388576746
gp_latent_3,63,0.02452109195291996
gp_latent_3,64,0.006698078941553831
gp_latent_3,65,0.020004380494356155
gp_latent_3,66,0.006236450746655464
gp_latent_3,67,-0.004650720860809088
gp_latent_3,68,0.0018976680003106594
gp_latent_3,69,0.03647877275943756
gp_latent_3,70,0.026472490280866623
gp_latent_3,71,-0.009270372800529003
gp_latent_3,72,0.046518728137016296
gp_latent_3,73,0.04170801490545273
gp_latent_3,74,0.009654035791754723
gp_latent_3,75,0.014637184329330921
gp_latent_3,76,0.005391225218772888
gp_latent_3,77,0.0018812227062880993
gp_latent_3,78,0.02077621780335903
gp_latent_3,79,0.02612832747399807
gp_latent_3,80,-0.0029641659930348396
gp_latent_3,81,0.023163173347711563
gp_latent_3,82,0.02142992615699768
gp_latent_3,83,-0.02170836552977562
gp_latent_3,84,0.02479671500623226
gp_latent_3,85,-0.001843085279688239
gp_latent_3,86,0.006414430681616068
gp_latent_3,87,-0.003842988284304738
gp_latent_3,88,0.055186379700899124
gp_latent_3,89,-0.042736753821372986
gp_latent_3,90,-0.0033475710079073906
gp_latent_3,91,0.0061799306422472
gp_latent_3,92,-0.022595606744289398
gp_latent_3,93,-0.013180826790630817
gp_latent_3,94,0.005615745205432177
gp_latent_3,95,0.012655433267354965
gp_latent_3,96,0.010778779163956642
gp_latent_3,97,0.005844849161803722
gp_latent_3,98,-0.0033090212382376194
gp_latent_3,99,0.005262468010187149
gp_latent_3,100,0.0068076252937316895
gp_latent_3,101,-0.0006429865024983883
gp_latent_3,102,-0.0018036256078630686
gp_latent_3,103,-0.019372280687093735
gp_latent_3,104,-0.015189838595688343
gp_latent_3,105,-0.006097250618040562
gp_latent_3,106,0.007770762778818607
gp_latent_3,107,-0.0027513375971466303
gp_latent_3,108,-0.039564818143844604
gp_latent_3,109,-0.04619090259075165
gp_latent_3,110,-0.02996848151087761
gp_latent_3,111,-0.047100357711315155
gp_latent_3,112,-0.03559546545147896
gp_latent_3,113,-0.0021666178945451975
gp_latent_3,114,0.0003449033247306943
gp_latent_3,115,0.008528552949428558
gp_latent_3,116,-0.010315006598830223
gp_latent_3,117,-0.007947908714413643
gp_latent_3,118,-0.006527560763061047
gp_latent_3,119,0.013558858074247837
gp_latent_3,120,0.01022200658917427
gp_latent_3,121,-0.009442085400223732
gp_latent_3,122,-0.007217607460916042
gp_latent_3,123,-0.032539837062358856
gp_latent_3,124,0.023875830695033073
gp_latent_3,125,-0.06353425979614258
gp_latent_3,126,-0.01626175083220005
gp_latent_3,127,-0.0170864500105381
gp_latent_3,128,-0.007782113738358021
gp_latent_3,129,0.03614545613527298
gp_latent_3,130,-0.03183583542704582
gp_latent_3,131,-0.004432779736816883
gp_latent_3,132,-0.009892658330500126
gp_latent_3,133,-0.0022080647759139538
gp_latent_3,134,-0.000801953487098217
gp_latent_3,135,-0.00386454607360065
gp_latent_3,136,-0.04145791009068489
gp_latent_3,137,-0.055441033095121384
gp_latent_3,138,-0.05180691182613373
gp_latent_3,139,-0.04553583636879921
gp_latent_3,140,-0.02137899212539196
gp_latent_3,141,0.041931502521038055
gp_latent_3,142,-0.003665725700557232
gp_latent_3,143,0.0049792323261499405
gp_latent_3,144,0.0029797889292240143
gp_latent_3,145,0.04983895644545555
gp_latent_3,146,0.04200885444879532
gp_latent_3,147,-0.00015379441902041435
gp_latent_3,148,-0.019890790805220604
gp_latent_3,149,-0.004315548110753298
gp_latent_3,150,0.029224012047052383
gp_latent_3,151,0.02677985467016697
gp_latent_3,152,0.0017805140232667327
gp_latent_3,153,-0.0021834224462509155
gp_latent_3,154,0.021829620003700256
gp_latent_3,155,0.022476529702544212
gp_latent_3,156,0.00813070684671402
gp_latent_3,157,-0.016749611124396324
gp_latent_3,158,0.03325522691011429
gp_latent_3,159,0.015355275012552738
gp_latent_3,160,-0.017149262130260468
gp_latent_3,161,-0.007802687585353851
gp_latent_3,162,0.0024694628082215786
gp_latent_3,163,0.015052669681608677
gp_latent_3,164,-0.005014745052903891
gp_latent_3,165,0.0029445665422827005
gp_latent_3,166,0.013939585536718369
gp_latent_3,167,0.008098259568214417
gp_latent_3,168,-0.0163264237344265
gp_latent_3,169,-0.03518993780016899
gp_latent_3,170,0.004809942562133074
gp_latent_3,171,0.02318154089152813
gp_latent_3,172,-0.021565016359090805
gp_latent_3,173,-0.01399158127605915
gp_latent_3,174,0.03152437508106232
gp_latent_3,175,0.0014310597907751799
gp_latent_3,176,0.032241977751255035
gp_latent_3,177,0.004725014790892601
gp_latent_3,178,0.008386459201574326
gp_latent_3,179,0.011550575494766235
gp_latent_3,180,0.022612204775214195
gp_latent_3,181,-0.03768014907836914
gp_latent_3,182,-0.02935001812875271
gp_latent_3,183,-0.03481675684452057
gp_latent_3,184,-0.005273045971989632
gp_latent_3,185,-0.015633797273039818
gp_latent_3,186,-0.01139669306576252
gp_latent_3,187,0.061052702367305756
gp_latent_3,188,-0.0002670737449079752
gp_latent_3,189,-0.018940594047307968
gp_latent_3,190,-0.047117963433265686
gp_latent_3,191,0.019100883975625038
gp_latent_3,192,-0.0008141649886965752
gp_latent_3,193,-0.007750397548079491
gp_latent_3,194,-0.03460494801402092
gp_latent_3,195,-0.0057074930518865585
gp_latent_3,196,-0.01205253042280674
gp_latent_3,197,0.0037682410329580307
gp_latent_3,198,-0.027906494215130806
gp_latent_3,199,0.007281559053808451
gp_latent_3,200,0.04643082246184349
gp_latent_3,201,0.010281667113304138
gp_latent_3,202,0.03348411247134209
gp_latent_3,203,0.0014054742641746998
gp_latent_3,204,0.009676607325673103
gp_latent_3,205,0.00800400786101818
gp_latent_3,206,0.03286801278591156
gp_latent_3,207,0.051685187965631485
gp_latent_3,208,-0.0038134772330522537
gp_latent_3,209,0.01649031974375248
gp_latent_3,210,0.011439019814133644
gp_latent_3,211,-0.012614057399332523
gp_latent_3,212,-0.0020266694482415915
gp_latent_3,213,-0.01653221994638443
gp_latent_3,214,-0.019005317240953445
gp_latent_3,215,-0.07546599954366684
gp_latent_3,216,-0.0014177781995385885
gp_latent_3,217,0.06417243182659149
gp_latent_3,218,0.007895241491496563
gp_latent_3,219,0.00871981494128704
gp_latent_3,220,-0.08222410082817078
gp_latent_3,221,-0.016548357903957367
gp_latent_3,222,0.023413756862282753
gp_latent_3,223,0.0005981087451800704
gp_latent_3,224,-0.006854713428765535
gp_latent_3,225,-0.01634194143116474
gp_latent_3,226,-0.0434531643986702
gp_latent_3,227,0.04702712967991829
gp_latent_3,228,-0.00010287482291460037
gp_latent_3,229,0.011329221539199352
gp_latent_3,230,-0.05071704089641571
gp_latent_3,231,-0.06716523319482803
gp_latent_3,232,-0.0010308024939149618
gp_latent_3,233,-0.026632484048604965
gp_latent_3,234,0.0007261279970407486
gp_latent_3,235,0.0034491107799112797
gp_latent_3,236,0.006110199727118015
gp_latent_3,237,0.007332678884267807
gp_latent_3,238,-0.014019472524523735
gp_latent_3,239,0.023690607398748398
gp_latent_3,240,0.06670210510492325
gp_latent_3,241,0.05695217102766037
gp_latent_3,242,-0.028677038848400116
gp_latent_3,243,0.032900623977184296
gp_latent_3,244,0.010220339521765709
gp_latent_3,245,0.05644620954990387
gp_latent_3,246,0.010121090337634087
gp_latent_3,247,0.011714478023350239
gp_latent_3,248,0.02686387673020363
gp_latent_3,249,0.016285128891468048
gp_latent_3,250,0.014046252705156803
gp_latent_3,251,0.005351989530026913
gp_latent_3,252,-0.0032443783711642027
gp_latent_3,253,0.009153787977993488
gp_latent_3,254,-0.003372606821358204
gp_latent_3,255,0.006725865416228771
gp_latent_3,256,-0.0012079431908205152
gp_latent_3,257,-0.021113155409693718
gp_latent_3,258,0.07772918045520782
gp_latent_3,259,0.0711437538266182
gp_latent_3,260,0.0679464191198349
gp_latent_3,261,-0.0013991703744977713
gp_latent_3,262,-0.04085952416062355
gp_latent_3,263,-0.06631623953580856
gp_latent_3,264,-0.01117996871471405
gp_latent_3,265,-0.0019612517207860947
gp_latent_3,266,-0.02922452986240387
gp_latent_3,267,0.008309758268296719
gp_latent_3,268,0.019330911338329315
gp_latent_3,269,0.045785047113895416
gp_latent_3,270,-0.03866422921419144
gp_latent_3,271,-0.02186741679906845
gp_latent_3,272,-0.015881158411502838
gp_latent_3,273,0.006095226854085922
gp_latent_3,274,0.021260738372802734
gp_latent_3,275,-0.0052666254341602325
gp_latent_3,276,0.0010234194342046976
gp_latent_3,277,0.016149140894412994
gp_latent_3,278,0.009996838867664337
gp_latent_3,279,-0.005408929660916328
gp_latent_3,280,0.03150754049420357
gp_latent_3,281,-0.021684208884835243
gp_latent_3,282,-0.007169310934841633
gp_latent_3,283,-0.0011431388556957245
gp_latent_3,284,0.04889480024576187
gp_latent_3,285,0.04734098166227341
gp_latent_3,286,0.005406124051660299
gp_latent_3,287,-0.022766558453440666
gp_latent_3,288,-0.018723515793681145
gp_latent_3,289,-0.00899449922144413
gp_latent_3,290,0.023390907794237137
gp_latent_3,291,-0.04102068021893501
gp_latent_3,292,-0.054418742656707764
gp_latent_3,293,-0.044855572283267975
gp_latent_3,294,-0.001066469238139689
gp_latent_3,295,-0.005729408003389835
gp_latent_3,296,-0.02942991815507412
gp_latent_3,297,-0.031203461810946465
gp_latent_3,298,-0.006134124007076025
gp_latent_3,299,-0.0013362363679334521
gp_latent_3,300,-0.024248328059911728
gp_latent_3,301,-0.049229297786951065
gp_latent_3,302,-0.05434567481279373
gp_latent_3,303,-0.011290987022221088
gp_latent_3,304,-0.04135001823306084
gp_latent_3,305,0.00020520109683275223
gp_latent_3,306,0.028337987139821053
gp_latent_3,307,0.020556842908263206
gp_latent_3,308,-0.065773144364357
gp_latent_3,309,-0.007383998949080706
gp_latent_3,310,0.010446196421980858
gp_latent_3,311,-0.006169330794364214
gp_latent_3,312,-0.017458202317357063
gp_latent_3,313,0.03352917358279228
gp_latent_3,314,-0.025422099977731705
gp_latent_3,315,-0.04837595671415329
gp_latent_3,316,0.0010051373392343521
gp_latent_3,317,-0.009278344921767712
gp_latent_3,318,-0.02786724455654621
gp_latent_3,319,-0.004037213511765003
gp_latent_3,320,0.0031519283074885607
gp_latent_3,321,-0.0014811952132731676
gp_latent_3,322,0.03238699957728386
gp_latent_3,323,-0.00863729976117611
gp_latent_3,324,-0.012917200103402138
gp_latent_3,325,-0.048364803194999695
gp_latent_3,326,-0.017963720485568047
gp_latent_3,327,-0.002991132903844118
gp_latent_3,328,0.02044685371220112
gp_latent_3,329,-0.01060570403933525
gp_latent_3,330,0.014432767406105995
gp_latent_3,331,0.019830435514450073
gp_latent_3,332,0.019884278997778893
gp_latent_3,333,0.024843307211995125
gp_latent_3,334,-0.005202418193221092
gp_latent_3,335,-0.05760397017002106
gp_latent_3,336,-0.0014889506855979562
gp_latent_3,337,-0.005093632731586695
gp_latent_3,338,0.025100551545619965
gp_latent_3,339,0.0640745609998703
gp_latent_3,340,0.0007829119567759335
gp_latent_3,341,0.005769398063421249
gp_latent_3,342,-0.024260258302092552
gp_latent_3,343,0.004870487842708826
gp_latent_3,344,0.014222443103790283
gp_latent_3,345,0.047820717096328735
gp_latent_3,346,0.016208549961447716
gp_latent_3,347,-0.02928219921886921
gp_latent_3,348,0.03423371538519859
gp_latent_3,349,0.0002669852692633867
gp_latent_3,350,-0.04099687188863754
gp_latent_3,351,-0.047703374177217484
gp_latent_3,352,0.04029817134141922
gp_latent_3,353,0.011195354163646698
gp_latent_3,354,-0.004840650130063295
gp_latent_3,355,0.012176239863038063
gp_latent_3,356,0.024746963754296303
gp_latent_3,357,-0.003348377300426364
gp_latent_3,358,0.009008953347802162
gp_latent_3,359,0.013135910965502262
gp_latent_3,360,0.029223987832665443
gp_latent_3,361,0.016330476850271225
gp_latent_3,362,0.017683425918221474
gp_latent_3,363,0.009471212513744831
gp_latent_3,364,0.06256259232759476
gp_latent_3,365,0.003055713837966323
gp_latent_3,366,-0.003698562504723668
gp_latent_3,367,0.012125837616622448
gp_latent_3,368,0.021973682567477226
gp_latent_3,369,0.013002291321754456
gp_latent_3,370,0.0058364467695355415
gp_latent_3,371,0.030139511451125145
gp_latent_3,372,0.03864054009318352
gp_latent_3,373,-0.03251912444829941
gp_latent_3,374,0.04895852133631706
gp_latent_3,375,0.013427520170807838
gp_latent_3,376,0.021312426775693893
gp_latent_3,377,0.023769905790686607
gp_latent_3,378,0.013522827066481113
gp_latent_3,379,0.01963021606206894
gp_latent_3,380,0.05054992064833641
gp_latent_3,381,0.0725959986448288
gp_latent_3,382,0.07388074696063995
gp_latent_3,383,0.02132466435432434
gp_latent_3,384,0.017819279804825783
gp_latent_3,385,0.041630249470472336
gp_latent_3,386,0.06337902694940567
gp_latent_3,387,0.09751341491937637
gp_latent_3,388,0.07663791626691818
gp_latent_3,389,0.026078561320900917
gp_latent_3,390,0.0021778959780931473
gp_latent_3,391,0.07012009620666504
gp_latent_3,392,0.06685187667608261
gp_latent_3,393,0.017879923805594444
gp_latent_3,394,0.027093060314655304
gp_latent_3,395,0.08447450399398804
gp_latent_3,396,0.031991083174943924
gp_latent_3,397,0.002847872208803892
gp_latent_3,398,0.026714090257883072
gp_latent_3,399,0.013853698968887329
gp_latent_3,400,0.06732314825057983
gp_latent_3,401,0.04617562144994736
gp_latent_3,402,0.06500226259231567
gp_latent_3,403,0.001024793367832899
gp_latent_3,404,-0.01575024612247944
gp_latent_3,405,0.011624526232481003
gp_latent_3,406,-0.005283710081130266
gp_latent_3,407,0.0027097053825855255
gp_latent_3,408,0.019906416535377502
gp_latent_3,409,-0.00926943402737379
gp_latent_3,410,-0.0001613609492778778
gp_latent_3,411,-0.015948012471199036
gp_latent_3,412,-0.02772851660847664
gp_latent_3,413,0.068424291908741
gp_latent_3,414,-0.01391635276377201
gp_latent_3,415,0.035538945347070694
gp_latent_3,416,-0.03431399166584015
gp_latent_3,417,-0.02368262968957424
gp_latent_3,418,-0.00804688036441803
gp_latent_3,419,0.0020733748096972704
gp_latent_3,420,-0.008825013414025307
gp_latent_3,421,0.02258373238146305
gp_latent_3,422,0.04808597266674042
gp_latent_3,423,-0.0023922414984554052
gp_latent_3,424,-0.0070640770718455315
gp_latent_3,425,0.003334585577249527
gp_latent_3,426,0.024443771690130234
gp_latent_3,427,0.02556220442056656
gp_latent_3,428,0.06259144842624664
gp_latent_3,429,0.05979572981595993
gp_latent_3,430,0.01757478341460228
gp_latent_3,431,0.00381888123229146
gp_latent_3,432,-0.00968238152563572
gp_latent_3,433,0.00029279873706400394
gp_latent_3,434,0.04062092676758766
gp_latent_3,435,0.02855973318219185
gp_latent_3,436,0.0041702850721776485
gp_latent_3,437,0.0007270682835951447
gp_latent_3,438,0.030748276039958
gp_latent_3,439,0.048671361058950424
gp_latent_3,440,0.03702232986688614
gp_latent_3,441,-0.04904462397098541
gp_latent_3,442,-0.029753848910331726
gp_latent_3,443,0.02325771376490593
gp_latent_3,444,0.06507981568574905
gp_latent_3,445,0.0428084097802639
gp_latent_3,446,-0.055170588195323944
gp_latent_3,447,0.05172339826822281
gp_latent_3,448,0.07226881384849548
gp_latent_3,449,0.05443434789776802
gp_latent_3,450,0.033562254160642624
gp_latent_3,451,-0.05042148754000664
gp_latent_3,452,-0.05860457196831703
gp_latent_3,453,-0.05970155447721481
gp_latent_3,454,0.0009060935117304325
gp_latent_3,455,0.0466349720954895
gp_latent_3,456,0.04343964904546738
gp_latent_3,457,-0.07084297388792038
gp_latent_3,458,0.004318542778491974
gp_latent_3,459,0.04492790624499321
gp_latent_3,460,0.021835336461663246
gp_latent_3,461,0.007224500644952059
gp_latent_3,462,-0.03417757526040077
gp_latent_3,463,0.0506330244243145
gp_latent_3,464,-0.005922397598624229
gp_latent_3,465,0.006474019028246403
gp_latent_3,466,0.034340325742959976
gp_latent_3,467,-0.015046783722937107
gp_latent_3,468,-0.04964451119303703
gp_latent_3,469,0.04883980005979538
gp_latent_3,470,0.025963108986616135
gp_latent_3,471,-0.05565721541643143
gp_latent_3,472,0.04005233198404312
gp_latent_3,473,0.03420543670654297
gp_latent_3,474,0.05975161865353584
gp_latent_3,475,0.024016957730054855
gp_latent_3,476,0.027231842279434204
gp_latent_3,477,-0.005830144975334406
gp_latent_3,478,-0.0066060214303433895
gp_latent_3,479,0.056548554450273514
gp_latent_3,480,-0.0012044071918353438
gp_latent_3,481,0.04730139672756195
gp_latent_3,482,-0.05075083673000336
gp_latent_3,483,0.04751598834991455
gp_latent_3,484,0.03706894814968109
gp_latent_3,485,0.0287807434797287
gp_latent_3,486,-0.04864432290196419
gp_latent_3,487,-0.05378962308168411
gp_latent_3,488,0.0002229679375886917
gp_latent_3,489,0.016979344189167023
gp_latent_3,490,0.01847628504037857
gp_latent_3,491,0.05245528370141983
gp_latent_3,492,0.06110605597496033
gp_latent_3,493,0.04967827349901199
gp_latent_3,494,0.0558723583817482
gp_latent_3,495,0.08267562091350555
gp_latent_3,496,0.050654392689466476
gp_latent_3,497,0.05366889387369156
gp_latent_3,498,0.055351100862026215
gp_latent_3,499,0.06281008571386337
gp_latent_3,500,0.006165786180645227
gp_latent_3,501,-0.04423912987112999
gp_latent_3,502,-0.047607336193323135
gp_latent_3,503,-0.04466444253921509
gp_latent_3,504,-0.007672079838812351
gp_latent_3,505,0.03200468793511391
gp_latent_3,506,0.045241110026836395
gp_latent_3,507,0.03157510980963707
gp_latent_3,508,0.00031400343868881464
gp_latent_3,509,0.00890229269862175
gp_latent_3,510,0.06427548825740814
gp_latent_3,511,0.029911426827311516
gp_latent_3,512,0.01460398267954588
gp_latent_3,513,-0.020544786006212234
gp_latent_3,514,-0.06427088379859924
gp_latent_3,515,-0.02469496987760067
gp_latent_3,516,-0.04586229473352432
gp_latent_3,517,-0.03401251137256622
gp_latent_3,518,-0.04184930399060249
gp_latent_3,519,-0.0195056963711977
gp_latent_3,520,0.017489347606897354
gp_latent_3,521,-0.013185746036469936
gp_latent_3,522,-0.03873567283153534
gp_latent_3,523,0.0038843979127705097
gp_latent_3,524,0.019027143716812134
gp_latent_3,525,-0.06176786869764328
gp_latent_3,526,-0.07206325978040695
gp_latent_3,527,0.048612844198942184
gp_latent_3,528,0.010594677180051804
gp_latent_3,529,-0.006167437881231308
gp_latent_3,530,-0.02140314318239689
gp_latent_3,531,-0.02842586115002632
gp_latent_3,532,-0.031025918200612068
gp_latent_3,533,0.027217598631978035
gp_latent_3,534,-0.007269698195159435
gp_latent_3,535,-0.003960206173360348
gp_latent_3,536,-0.019045328721404076
gp_latent_3,537,-0.03448266535997391
gp_latent_3,538,-0.01392539031803608
gp_latent_3,539,0.07175447791814804
gp_latent_3,540,-0.016944576054811478
gp_latent_3,541,-0.010078856721520424
gp_latent_3,542,0.019403187558054924
gp_latent_3,543,-0.00489464495331049
gp_latent_3,544,0.06524743139743805
gp_latent_3,545,0.058676302433013916
gp_latent_3,546,0.06376767158508301
gp_latent_3,547,0.04396400600671768
gp_latent_3,548,0.07646781206130981
gp_latent_3,549,0.05680234730243683
gp_latent_3,550,0.06565730273723602
gp_latent_3,551,0.013809578493237495
gp_latent_3,552,-0.04394066333770752
gp_latent_3,553,-0.049624454230070114
gp_latent_3,554,0.02944686822593212
gp_latent_3,555,0.012953794561326504
gp_latent_3,556,0.028153181076049805
gp_latent_3,557,0.01422546524554491
gp_latent_3,558,0.026644932106137276
gp_latent_3,559,0.012841886840760708
gp_latent_3,560,0.03577041998505592
gp_latent_3,561,0.006387586705386639
gp_latent_3,562,-0.0024028460029512644
gp_latent_3,563,0.009916000999510288
gp_latent_3,564,0.01827586069703102
gp_latent_3,565,0.011756855063140392
gp_latent_3,566,0.02116764895617962
gp_latent_3,567,0.03513740375638008
gp_latent_3,568,0.029422970488667488
gp_latent_3,569,0.022123441100120544
gp_latent_3,570,0.017611509189009666
gp_latent_3,571,0.023870499804615974
gp_latent_3,572,0.03125765919685364
gp_latent_3,573,0.0223357193171978
gp_latent_3,574,0.0174719151109457
gp_latent_3,575,-0.027535254135727882
gp_latent_3,576,-0.02502983808517456
gp_latent_3,577,-0.022060371935367584
gp_latent_3,578,-0.016660397872328758
gp_latent_3,579,-0.028955398127436638
gp_latent_3,580,-0.00900786742568016
gp_latent_3,581,0.040602754801511765
gp_latent_3,582,-0.02576119638979435
gp_latent_3,583,0.04818573221564293
gp_latent_3,584,0.0709720179438591
gp_latent_3,585,-0.039945535361766815
gp_latent_3,586,0.025445491075515747
gp_latent_3,587,0.02610614523291588
gp_latent_3,588,0.04265211895108223
gp_latent_3,589,0.015207215212285519
gp_latent_3,590,-0.014003866352140903
gp_latent_3,591,0.036747876554727554
gp_latent_3,592,-0.029689190909266472
gp_latent_3,593,0.05496556684374809
gp_latent_3,594,0.03550991415977478
gp_latent_3,595,-0.01042747963219881
gp_latent_3,596,-0.05069020763039589
gp_latent_3,597,-0.05196809396147728
gp_latent_3,598,-0.052885204553604126
gp_latent_3,599,0.017842013388872147
gp_latent_3,600,-0.0035927826538681984
gp_latent_3,601,0.025815505534410477
gp_latent_3,602,0.046836476773023605
gp_latent_3,603,0.05283622071146965
gp_latent_3,604,0.04267670214176178
gp_latent_3,605,0.06010004132986069
gp_latent_3,606,0.030073104426264763
gp_latent_3,607,0.05804359167814255
gp_latent_3,608,0.05246853083372116
gp_latent_3,609,0.037565674632787704
gp_latent_3,610,0.05560704320669174
gp_latent_3,611,0.04991334676742554
gp_latent_3,612,0.01605134643614292
gp_latent_3,613,-0.008291809819638729
gp_latent_3,614,-0.008124209009110928
gp_latent_3,615,-0.006337013561278582
gp_latent_3,616,-0.023497696965932846
gp_latent_3,617,-0.02838444896042347
gp_latent_3,618,-0.027816064655780792
gp_latent_3,619,-0.03913651779294014
gp_latent_3,620,-0.015729622915387154
gp_latent_3,621,-0.01572670228779316
gp_latent_3,622,-0.03308064863085747
gp_latent_3,623,-0.018998004496097565
gp_latent_3,624,0.01855330355465412
gp_latent_3,625,0.0366445891559124
gp_latent_3,626,0.06710654497146606
gp_latent_3,627,0.058297235518693924
gp_latent_3,628,0.010818066075444221
gp_latent_3,629,-0.04685612767934799
gp_latent_3,630,-0.022988874465227127
gp_latent_3,631,-0.022657349705696106
gp_latent_3,632,-0.0030815559439361095
gp_latent_3,633,-0.022254958748817444
gp_latent_3,634,0.06266717612743378
gp_latent_3,635,0.03622811287641525
gp_latent_3,636,0.02864902652800083
gp_latent_3,637,0.016911059617996216
gp_latent_3,638,-0.026970013976097107
gp_latent_3,639,-0.024203458800911903
gp_latent_3,640,0.011394650675356388
gp_latent_3,641,-0.012753059156239033
gp_latent_3,642,0.04448401927947998
gp_latent_3,643,-0.03591185435652733
gp_latent_3,644,-0.04873679578304291
gp_latent_3,645,-0.012135302647948265
gp_latent_3,646,0.016872551292181015
gp_latent_3,647,0.02475881762802601
gp_latent_3,648,0.051502399146556854
gp_latent_3,649,0.055956996977329254
gp_latent_3,650,0.04334953427314758
gp_latent_3,651,0.044723622500896454
gp_latent_3,652,0.0477006733417511
gp_latent_3,653,0.05960562080144882
gp_latent_3,654,-0.02917507290840149
gp_latent_3,655,-0.014151417650282383
gp_latent_3,656,0.0429307259619236
gp_latent_3,657,0.07172161340713501
gp_latent_3,658,-0.020908962935209274
gp_latent_3,659,-0.030426079407334328
gp_latent_3,660,0.007492909207940102
gp_latent_3,661,0.003045673482120037
gp_latent_3,662,-0.03628748655319214
gp_latent_3,663,0.045826785266399384
gp_latent_3,664,-0.051566511392593384
gp_latent_3,665,0.062417563050985336
gp_latent_3,666,0.008665066212415695
gp_latent_3,667,0.05208737403154373
gp_latent_3,668,0.048033054918050766
gp_latent_3,669,-0.047365911304950714
gp_latent_3,670,-0.019217796623706818
gp_latent_3,671,-0.005945682059973478
gp_latent_3,672,-0.0024334550835192204
gp_latent_3,673,0.010804997757077217
gp_latent_3,674,0.02588261477649212
gp_latent_3,675,0.07590167969465256
gp_latent_3,676,0.06603771448135376
gp_latent_3,677,0.05755680799484253
gp_latent_3,678,-0.040218859910964966
gp_latent_3,679,0.03062470629811287
gp_latent_3,680,0.02266218326985836
gp_latent_3,681,0.021657316014170647
gp_latent_3,682,0.015360367484390736
gp_latent_3,683,0.028650600463151932
gp_latent_3,684,0.013662191107869148
gp_latent_3,685,0.005470870062708855
gp_latent_3,686,0.03295958414673805
gp_latent_3,687,0.018963515758514404
gp_latent_3,688,0.032037124037742615
gp_latent_3,689,0.022844159975647926
gp_latent_3,690,0.014243084006011486
gp_latent_3,691,-0.03320947289466858
gp_latent_3,692,-0.012137964367866516
gp_latent_3,693,-0.02968635968863964
gp_latent_3,694,-0.024309098720550537
gp_latent_3,695,-0.02566809579730034
gp_latent_3,696,-0.020035436376929283
gp_latent_3,697,-0.03425069898366928
gp_latent_3,698,-0.023733116686344147
gp_latent_3,699,-0.019218046218156815
gp_latent_3,700,-0.026609845459461212
gp_latent_3,701,-0.016016174107789993
gp_latent_3,702,0.0009357332019135356
gp_latent_3,703,0.0626283809542656
gp_latent_3,704,0.026438605040311813
gp_latent_3,705,0.02903193235397339
gp_latent_3,706,-0.00011704722419381142
gp_latent_3,707,0.021220069378614426
gp_latent_3,708,0.024788161739706993
gp_latent_3,709,-0.027244027704000473
gp_latent_3,710,-0.05187693238258362
gp_latent_3,711,-0.029588213190436363
gp_latent_3,712,-0.0009393647778779268
gp_latent_3,713,0.004388174507766962
gp_latent_3,714,-0.0117349186912179
gp_latent_3,715,0.02038515917956829
gp_latent_3,716,0.022429272532463074
gp_latent_3,717,0.0553542897105217
gp_latent_3,718,0.0406835712492466
gp_latent_3,719,0.034807004034519196
gp_latent_3,720,0.03845375031232834
gp_latent_3,721,0.06776904314756393
gp_latent_3,722,0.06134212017059326
gp_latent_3,723,0.04380577802658081
gp_latent_3,724,-0.015827622264623642
gp_latent_3,725,-0.028483575209975243
gp_latent_3,726,-0.039062272757291794
gp_latent_3,727,-0.02231130748987198
gp_latent_3,728,-0.022194121032953262
gp_latent_3,729,0.005115543492138386
gp_latent_3,730,0.05378134921193123
gp_latent_3,731,-0.026216378435492516
gp_latent_3,732,-0.05447308346629143
gp_latent_3,733,0.03804920241236687
gp_latent_3,734,0.03248186409473419
gp_latent_3,735,-0.020955882966518402
gp_latent_3,736,-0.006566510535776615
gp_latent_3,737,0.06668666750192642
gp_latent_3,738,-0.02088175341486931
gp_latent_3,739,-0.001548038562759757
gp_latent_3,740,0.08147494494915009
gp_latent_3,741,0.012541074305772781
gp_latent_3,742,0.011366171762347221
gp_latent_3,743,0.0202008169144392
gp_latent_3,744,0.03193480521440506
gp_latent_3,745,-0.05241287127137184
gp_latent_3,746,-0.04289238154888153
gp_latent_3,747,-0.04844234883785248
gp_latent_3,748,0.018632780760526657
gp_latent_3,749,0.016953615471720695
gp_latent_3,750,-0.010888805612921715
gp_latent_3,751,0.03512979671359062
gp_latent_3,752,0.003958812914788723
gp_latent_3,753,0.023523975163698196
gp_latent_3,754,0.014023328199982643
gp_latent_3,755,0.013332109898328781
gp_latent_3,756,0.005533304065465927
gp_latent_3,757,0.003343799617141485
gp_latent_3,758,-0.013744596391916275
gp_latent_3,759,-0.01816726103425026
gp_latent_3,760,-0.012127787806093693
gp_latent_3,761,0.031865280121564865
gp_latent_3,762,0.023523597046732903
gp_latent_3,763,-0.014051206409931183
gp_latent_3,764,0.020523613318800926
gp_latent_3,765,0.015173407271504402
gp_latent_3,766,0.023402584716677666
gp_latent_3,767,0.03305206075310707
gp_latent_3,768,-0.000797620159573853
gp_latent_3,769,-0.028362590819597244
gp_latent_3,770,-0.002920824568718672
gp_latent_3,771,-0.019529586657881737
gp_latent_3,772,-0.034038200974464417
gp_latent_3,773,0.018478114157915115
gp_latent_3,774,0.03426949307322502
gp_latent_3,775,0.049000173807144165
gp_latent_3,776,-1.707347109913826e-05
gp_latent_3,777,-0.00764561677351594
gp_latent_3,778,-0.02151578478515148
gp_latent_3,779,-0.0009789541363716125
gp_latent_3,780,0.011374812573194504
gp_latent_3,781,-0.025373194366693497
gp_latent_3,782,-0.03101079910993576
gp_latent_3,783,-0.028505753725767136
gp_latent_3,784,-0.03798091411590576
gp_latent_3,785,-0.002434455556795001
gp_latent_3,786,0.028948117047548294
gp_latent_3,787,-0.04940992593765259
gp_latent_3,788,-0.03675200790166855
gp_latent_3,789,0.05412808060646057
gp_latent_3,790,0.03742308169603348
gp_latent_3,791,0.0601838044822216
gp_latent_3,792,0.04793234169483185
gp_latent_3,793,0.008510909974575043
gp_latent_3,794,0.011060081422328949
gp_latent_3,795,0.008379250764846802
gp_latent_3,796,-0.04833168908953667
gp_latent_3,797,-0.0232524573802948
gp_latent_3,798,-0.041748497635126114
gp_latent_3,799,-0.00953902117908001
gp_latent_3,800,0.001972648547962308
gp_latent_3,801,-0.015128981322050095
gp_latent_3,802,0.014724773354828358
gp_latent_3,803,-0.0020505478605628014
gp_latent_3,804,-0.03175671026110649
gp_latent_3,805,-0.056454554200172424
gp_latent_3,806,0.007756330072879791
gp_latent_3,807,-0.0019270565826445818
gp_latent_3,808,-0.018781891092658043
gp_latent_3,809,-0.0005582331214100122
gp_latent_3,810,-0.009293807670474052
gp_latent_3,811,-0.04120626673102379
gp_latent_3,812,-0.05794946476817131
gp_latent_3,813,-0.014530416578054428
gp_latent_3,814,0.05263418331742287
gp_latent_3,815,0.04166702553629875
gp_latent_3,816,-0.04672705754637718
gp_latent_3,817,-0.027383003383874893
gp_latent_3,818,0.0060780905187129974
gp_latent_3,819,0.04379429668188095
gp_latent_3,820,0.025907011702656746
gp_latent_3,821,0.0005529900663532317
gp_latent_3,822,-0.01482701487839222
gp_latent_3,823,-0.047894250601530075
gp_latent_3,824,-0.004032603465020657
gp_latent_3,825,0.004827011376619339
gp_latent_3,826,0.04272667318582535
gp_latent_3,827,0.04334257170557976
gp_latent_3,828,-0.018714353442192078
gp_latent_3,829,-0.026179084554314613
gp_latent_3,830,-0.002950807102024555
gp_latent_3,831,-0.016071952879428864
gp_latent_3,832,-0.030557136982679367
gp_latent_3,833,0.0066892243921756744
gp_latent_3,834,0.006740076933056116
gp_latent_3,835,0.00040776142850518227
gp_latent_3,836,0.013391316868364811
gp_latent_3,837,-0.03244315832853317
gp_latent_3,838,0.020035333931446075
gp_latent_3,839,0.026897121220827103
gp_latent_3,840,0.0196208618581295
gp_latent_3,841,-0.057876404374837875
gp_latent_3,842,-0.03944862633943558
gp_latent_3,843,-0.047168489545583725
gp_latent_3,844,-0.01822040043771267
gp_latent_3,845,0.015064949169754982
gp_latent_3,846,-0.02002798579633236
gp_latent_3,847,0.0011960419360548258
gp_latent_3,848,0.03250374644994736
gp_latent_3,849,-0.0004891855642199516
gp_latent_3,850,-0.009499479085206985
gp_latent_3,851,-0.009001204743981361
gp_latent_3,852,-0.03753971680998802
gp_latent_3,853,0.02107285149395466
gp_latent_3,854,-0.02335807867348194
gp_latent_3,855,-0.029682941734790802
gp_latent_3,856,-0.032665662467479706
gp_latent_3,857,-0.04802144691348076
gp_latent_3,858,0.006907717324793339
gp_latent_3,859,0.06583206355571747
gp_latent_3,860,0.058576345443725586
gp_latent_3,861,0.045130036771297455
gp_latent_3,862,0.008665766566991806
gp_latent_3,863,0.021611664444208145
gp_latent_3,864,0.029458696022629738
gp_latent_3,865,0.0019753233063966036
gp_latent_3,866,-0.0363871306180954
gp_latent_3,867,-0.03976753354072571
gp_latent_3,868,-0.01217959076166153
gp_latent_3,869,0.013455847278237343
gp_latent_3,870,-0.026361776515841484
gp_latent_3,871,0.04381486400961876
gp_latent_3,872,-0.03790709376335144
gp_latent_3,873,-0.041223783046007156
gp_latent_3,874,-0.006624684669077396
gp_latent_3,875,-0.032132238149642944
gp_latent_3,876,0.02979550138115883
gp_latent_3,877,-0.02665453404188156
gp_latent_3,878,0.030358705669641495
gp_latent_3,879,-0.05755092203617096
gp_latent_3,880,0.030141590163111687
gp_latent_3,881,0.01982555165886879
gp_latent_3,882,0.02789081446826458
gp_latent_3,883,-0.037551864981651306
gp_latent_3,884,-0.04367799311876297
gp_latent_3,885,0.08288003504276276
gp_latent_3,886,0.0071439193561673164
gp_latent_3,887,-0.030111242085695267
gp_latent_3,888,0.016362853348255157
gp_latent_3,889,0.004983067978173494
gp_latent_3,890,0.005528263282030821
gp_latent_3,891,0.016217613592743874
gp_latent_3,892,-0.02790820226073265
gp_latent_3,893,-0.003837429452687502
gp_latent_3,894,-0.027372822165489197
gp_latent_3,895,0.02122664824128151
gp_latent_3,896,-0.023396335542201996
gp_latent_3,897,0.0002654576674103737
gp_latent_3,898,0.009222317487001419
gp_latent_3,899,0.03297019004821777
gp_latent_3,900,0.00279264897108078
gp_latent_3,901,0.01635035313665867
gp_latent_3,902,-0.0031085647642612457
gp_latent_3,903,-0.006466202437877655
gp_latent_3,904,-0.006597437895834446
gp_latent_3,905,0.006825006566941738
gp_latent_3,906,-0.02053370140492916
gp_latent_3,907,0.0045969500206410885
gp_latent_3,908,-0.0018607508391141891
gp_latent_3,909,0.007894243113696575
gp_latent_3,910,-0.007423216477036476
gp_latent_3,911,0.01661701500415802
gp_latent_3,912,-0.009729540906846523
gp_latent_3,913,0.017951179295778275
gp_latent_3,914,0.08394528925418854
gp_latent_3,915,-0.03801920637488365
gp_latent_3,916,0.006412141490727663
gp_latent_3,917,0.002658714074641466
gp_latent_3,918,-0.008850364945828915
gp_latent_3,919,-0.02333778329193592
gp_latent_3,920,0.010488721542060375
gp_latent_3,921,0.08167687803506851
gp_latent_3,922,0.0077897775918245316
gp_latent_3,923,0.08565886318683624
gp_latent_3,924,-0.02695431001484394
gp_latent_3,925,0.0022658798843622208
gp_latent_3,926,0.028971068561077118
gp_latent_3,927,-0.016787569969892502
gp_latent_3,928,-0.020552556961774826
gp_latent_3,929,0.036100175231695175
gp_latent_3,930,0.00565815344452858
gp_latent_3,931,-0.02133454754948616
gp_latent_3,932,-0.0015668368432670832
gp_latent_3,933,0.011393563821911812
gp_latent_3,934,0.029634205624461174
gp_latent_3,935,0.025173792615532875
gp_latent_3,936,0.014223525300621986
gp_latent_3,937,-0.008677443489432335
gp_latent_3,938,0.045226968824863434
gp_latent_3,939,0.010779726319015026
gp_latent_3,940,0.001532327034510672
gp_latent_3,941,0.0026903487741947174
gp_latent_3,942,0.10250206291675568
gp_latent_3,943,-0.00531037850305438
gp_latent_3,944,0.0036337487399578094
gp_latent_3,945,0.019314099103212357
gp_latent_3,946,-0.01457525510340929
gp_latent_3,947,0.017507944256067276
gp_latent_3,948,0.00455539720132947
gp_latent_3,949,0.03272906318306923
gp_latent_4,0,0.04348960518836975
gp_latent_4,1,0.024646135047078133
gp_latent_4,2,-0.044582299888134
gp_latent_4,3,0.035551801323890686
gp_latent_4,4,0.03278524428606033
gp_latent_4,5,-0.00976514257490635
gp_latent_4,6,8.369004353880882e-05
gp_latent_4,7,-0.024719925597310066
gp_latent_4,8,-0.03725174814462662
gp_latent_4,9,0.02502570115029812
gp_latent_4,10,-0.057587962597608566
gp_latent_4,11,-0.005045727360993624
gp_latent_4,12,-0.03264514356851578
gp_latent_4,13,-0.05950217694044113
gp_latent_4,14,-0.033228375017642975
gp_latent_4,15,-0.0028926520608365536
gp_latent_4,16,-0.01866464875638485
gp_latent_4,17,0.016486212611198425
gp_latent_4,18,0.04073086753487587
gp_latent_4,19,-0.012292038649320602
gp_latent_4,20,0.03153670206665993
gp_latent_4,21,-0.06689294427633286
gp_latent_4,22,-0.01391037367284298
gp_latent_4,23,-0.05553495138883591
gp_latent_4,24,-0.041084833443164825
gp_latent_4,25,0.00885632075369358
gp_latent_4,26,-0.041257936507463455
gp_latent_4,27,-0.050109222531318665
gp_latent_4,28,0.003225912805646658
gp_latent_4,29,-0.019491974264383316
gp_latent_4,30,0.018185969442129135
gp_latent_4,31,0.01775708980858326
gp_latent_4,32,0.0013598862569779158
gp_latent_4,33,0.03478144854307175
gp_latent_4,34,-0.019280895590782166
gp_latent_4,35,-0.03877100721001625
gp_latent_4,36,0.015468201600015163
gp_latent_4,37,0.022498995065689087
gp_latent_4,38,-0.002760159084573388
gp_latent_4,39,0.017665119841694832
gp_latent_4,40,0.013550440780818462
gp_latent_4,41,-0.0004169447347521782
gp_latent_4,42,-0.016082266345620155
gp_latent_4,43,0.012608174234628677
gp_latent_4,44,0.011250138282775879
gp_latent_4,45,0.018782509490847588
gp_latent_4,46,0.018406931310892105
gp_latent_4,47,0.006759186275303364
gp_latent_4,48,0.013792963698506355
gp_latent_4,49,0.0008696701843291521
gp_latent_4,50,0.004265541210770607
gp_latent_4,51,-0.001884122029878199
gp_latent_4,52,0.012390169315040112
gp_latent_4,53,0.022558635100722313
gp_latent_4,54,0.013330893591046333
gp_latent_4,55,-0.001451563904993236
gp_latent_4,56,-0.022854626178741455
gp_latent_4,57,0.021989120170474052
gp_latent_4,58,0.030039990320801735
gp_latent_4,59,0.014611219987273216
gp_latent_4,60,0.0255657359957695
gp_latent_4,61,0.0021347017027437687
gp_latent_4,62,0.031220415607094765
gp_latent_4,63,0.04037957265973091
gp_latent_4,64,-0.015318506397306919
gp_latent_4,65,0.031073786318302155
gp_latent_4,66,0.0037328475154936314
gp_latent_4,67,0.05778185650706291
gp_latent_4,68,0.003078683977946639
gp_latent_4,69,0.027114592492580414
gp_latent_4,70,0.035422977060079575
gp_latent_4,71,0.0754268541932106
gp_latent_4,72,0.010697046294808388
gp_latent_4,73,-0.004511434584856033
gp_latent_4,74,0.01622847467660904
gp_latent_4,75,0.09156970679759979
gp_latent_4,76,0.07586012035608292
gp_latent_4,77,0.07740616053342819
gp_latent_4,78,0.09290292859077454
gp_latent_4,79,-0.0336376391351223
gp_latent_4,80,0.06176532804965973
gp_latent_4,81,0.008695235475897789
gp_latent_4,82,0.007890640757977962
gp_latent_4,83,0.014357803389430046
gp_latent_4,84,0.03318861126899719
gp_latent_4,85,0.038831427693367004
gp_latent_4,86,-0.00589233823120594
gp_latent_4,87,0.016661247238516808
gp_latent_4,88,-0.007742084562778473
gp_latent_4,89,0.029468294233083725
gp_latent_4,90,-0.0024103932082653046
gp_latent_4,91,0.013039886020123959
gp_latent_4,92,-0.054565154016017914
gp_latent_4,93,0.007034778594970703
gp_latent_4,94,0.025014277547597885
gp_latent_4,95,0.0013556141639128327
gp_latent_4,96,0.04076574742794037
gp_latent_4,97,0.015721868723630905
gp_latent_4,98,0.0036625692155212164
gp_latent_4,99,0.03003060631453991
gp_latent_4,100,0.01576107181608677
gp_latent_4,101,-0.04653528705239296
gp_latent_4,102,-0.04610742628574371
gp_latent_4,103,8.2722632214427e-05
gp_latent_4,104,0.010468287393450737
gp_latent_4,105,-0.008194055408239365
gp_latent_4,106,-0.0033420247491449118
gp_latent_4,107,-0.009555302560329437
gp_latent_4,108,-0.0018216405296698213
gp_latent_4,109,-0.007548077497631311
gp_latent_4,110,-0.00357558554969728
gp_latent_4,111,-0.006346667651087046
gp_latent_4,112,-0.017527688294649124
gp_latent_4,113,-0.0006343191489577293
gp_latent_4,114,0.0006177360191941261
gp_latent_4,115,-0.00017394055612385273
gp_latent_4,116,-0.0002256324514746666
gp_latent_4,117,-0.01655859313905239
gp_latent_4,118,0.007264949381351471
gp_latent_4,119,0.0008246800862252712
gp_latent_4,120,-0.02516668289899826
gp_latent_4,121,0.005352668929845095
gp_latent_4,122,-0.005788336507976055
gp_latent_4,123,0.011222610250115395
gp_latent_4,124,0.03614998236298561
gp_latent_4,125,-0.020773936063051224
gp_latent_4,126,-0.004574792925268412
gp_latent_4,127,0.006432151887565851
gp_latent_4,128,-0.009512829594314098
gp_latent_4,129,-0.007080782204866409
gp_latent_4,130,-0.006662784144282341
gp_latent_4,131,-0.01583472266793251
gp_latent_4,132,0.0012525261845439672
gp_latent_4,133,0.020726768299937248
gp_latent_4,134,0.03115440160036087
gp_latent_4,135,0.011494975537061691
gp_latent_4,136,-0.028706487268209457
gp_latent_4,137,-0.0845533087849617
gp_latent_4,138,-0.046216413378715515
gp_latent_4,139,-0.06920064985752106
gp_latent_4,140,-0.029940692707896233
gp_latent_4,141,-0.023846793919801712
gp_latent_4,142,-0.032781366258859634
gp_latent_4,143,0.0016483860090374947
gp_latent_4,144,0.01417747512459755
gp_latent_4,145,-0.025280196219682693
gp_latent_4,146,-0.0350421704351902
gp_latent_4,147,-0.006687931716442108
gp_latent_4,148,-0.0035061342641711235
gp_latent_4,149,-0.007963020354509354
gp_latent_4,150,0.011130103841423988
gp_latent_4,151,0.04444154351949692
gp_latent_4,152,-0.03380870074033737
gp_latent_4,153,0.0014359261840581894
gp_latent_4,154,0.05687422677874565
gp_latent_4,155,0.06549625843763351
gp_latent_4,156,-0.003993385937064886
gp_latent_4,157,-0.005749806761741638
gp_latent_4,158,0.002375457203015685
gp_latent_4,159,-0.029817581176757812
gp_latent_4,160,0.011516948230564594
gp_latent_4,161,0.00418055709451437
gp_latent_4,162,0.08625460416078568
gp_latent_4,163,0.07878904044628143
gp_latent_4,164,0.036488521844148636
gp_latent_4,165,-0.00906596053391695
gp_latent_4,166,0.01359213050454855
gp_latent_4,167,0.08244631439447403
gp_latent_4,168,0.018654340878129005
gp_latent_4,169,0.036181531846523285
gp_latent_4,170,-0.022794928401708603
gp_latent_4,171,-0.014105347916483879
gp_latent_4,172,0.03135357052087784
gp_latent_4,173,0.0075242407619953156
gp_latent_4,174,0.0402425117790699
gp_latent_4,175,0.038899991661310196
gp_latent_4,176,-0.010837260633707047
gp_latent_4,177,0.0034186323173344135
gp_latent_4,178,0.012179501354694366
gp_latent_4,179,-0.052808426320552826
gp_latent_4,180,-0.0211064200848341
gp_latent_4,181,-0.027279352769255638
gp_latent_4,182,-0.008243816904723644
gp_latent_4,183,-0.030328011140227318
gp_latent_4,184,0.0017963491845875978
gp_latent_4,185,0.006313856225460768
gp_latent_4,186,0.006689065136015415
gp_latent_4,187,0.006688396446406841
gp_latent_4,188,-0.006823913659900427
gp_latent_4,189,0.0012270219158381224
gp_latent_4,190,0.028406329452991486
gp_latent_4,191,-0.00035703706089407206
gp_latent_4,192,-0.006090396083891392
gp_latent_4,193,-0.027574896812438965
gp_latent_4,194,0.021406784653663635
gp_latent_4,195,-0.018098846077919006
gp_latent_4,196,-0.01459077000617981
gp_latent_4,197,-0.02561737596988678
gp_latent_4,198,-0.014490577392280102
gp_latent_4,199,0.0032719047740101814
gp_latent_4,200,0.007839425466954708
gp_latent_4,201,0.023564398288726807
gp_latent_4,202,0.041110552847385406
gp_latent_4,203,-0.0025647636502981186
gp_latent_4,204,-0.00857774168252945
gp_latent_4,205,0.0012220307253301144
gp_latent_4,206,0.015142255462706089
gp_latent_4,207,0.033933818340301514
gp_latent_4,208,-0.0028442442417144775
gp_latent_4,209,-0.011178404092788696
gp_latent_4,210,-0.004735885187983513
gp_latent_4,211,0.0005117617547512054
gp_latent_4,212,0.02642672136425972
gp_latent_4,213,-0.021434366703033447
gp_latent_4,214,-0.012837246991693974
gp_latent_4,215,0.006720650941133499
gp_latent_4,216,-0.03707218915224075
gp_latent_4,217,-0.0029017042834311724
gp_latent_4,218,0.006435753777623177
gp_latent_4,219,0.01186503004282713
gp_latent_4,220,0.006641089916229248
gp_latent_4,221,-0.018276099115610123
gp_latent_4,222,0.011952877976000309
gp_latent_4,223,0.006194340065121651
gp_latent_4,224,-0.0032235602848231792
gp_latent_4,225,-0.0019209906458854675
gp_latent_4,226,0.012118181213736534
gp_latent_4,227,0.0446578711271286
gp_latent_4,228,-0.011188275180757046
gp_latent_4,229,0.013674375601112843
gp_latent_4,230,-0.027306538075208664
gp_latent_4,231,-0.02400815859436989
gp_latent_4,232,0.01372142881155014
gp_latent_4,233,0.0034071863628923893
gp_latent_4,234,0.0018816208466887474
gp_latent_4,235,-0.012328109703958035
gp_latent_4,236,0.0034889017697423697
gp_latent_4,237,-0.04652811586856842
gp_latent_4,238,-0.053455837070941925
gp_latent_4,239,-0.009373292326927185
gp_latent_4,240,-0.03944500908255577
gp_latent_4,241,-0.047896016389131546
gp_latent_4,242,0.022890346124768257
gp_latent_4,243,-0.008556770160794258
gp_latent_4,244,-0.024462545290589333
gp_latent_4,245,0.003597015282139182
gp_latent_4,246,-0.021991711109876633
gp_latent_4,247,-0.01666330359876156
gp_latent_4,248,-0.01729615591466427
gp_latent_4,249,0.013138281181454659
gp_latent_4,250,-0.002267995849251747
gp_latent_4,251,0.010498263873159885
gp_latent_4,252,-0.01730472221970558
gp_latent_4,253,0.007724166382104158
gp_latent_4,254,0.03964600712060928
gp_latent_4,255,0.04268507659435272
gp_latent_4,256,0.024163393303751945
gp_latent_4,257,-0.05288857966661453
gp_latent_4,258,-0.04004957526922226
gp_latent_4,259,-0.037428196519613266
gp_latent_4,260,-0.03668321669101715
gp_latent_4,261,0.0011950992047786713
gp_latent_4,262,-0.022757235914468765
gp_latent_4,263,0.022621244192123413
gp_latent_4,264,-0.01517234556376934
gp_latent_4,265,-0.010384433902800083
gp_latent_4,266,-0.01980140246450901
gp_latent_4,267,-0.008529319427907467
gp_latent_4,268,0.008819753304123878
gp_latent_4,269,-0.023025259375572205
gp_latent_4,270,0.03276120126247406
gp_latent_4,271,0.0232780072838068
gp_latent_4,272,-0.0012633446604013443
gp_latent_4,273,0.008691072463989258
gp_latent_4,274,-0.016480250284075737
gp_latent_4,275,-0.005821680184453726
gp_latent_4,276,0.013655154965817928
gp_latent_4,277,0.0006539125461131334
gp_latent_4,278,0.011486014351248741
gp_latent_4,279,0.0192430280148983
gp_latent_4,280,-0.02447395771741867
gp_latent_4,281,-0.03256704658269882
gp_latent_4,282,0.019647391512989998
gp_latent_4,283,-0.03896398842334747
gp_latent_4,284,-0.08547130972146988
gp_latent_4,285,-0.07968462258577347
gp_latent_4,286,0.008082126267254353
gp_latent_4,287,-0.0005961018614470959
gp_latent_4,288,0.013567554764449596
gp_latent_4,289,-0.020831307396292686
gp_latent_4,290,0.02305871620774269
gp_latent_4,291,0.016167744994163513
gp_latent_4,292,0.006093624047935009
gp_latent_4,293,0.03826700150966644
gp_latent_4,294,-0.0024650627747178078
gp_latent_4,295,0.005528690293431282
gp_latent_4,296,0.030446479097008705
gp_latent_4,297,0.018795553594827652
gp_latent_4,298,0.03998658061027527
gp_latent_4,299,0.03684062510728836
gp_latent_4,300,0.03256377577781677
gp_latent_4,301,0.023770861327648163
gp_latent_4,302,0.020522478967905045
gp_latent_4,303,-0.01464614737778902
gp_latent_4,304,-0.043208569288253784
gp_latent_4,305,-0.025193413719534874
gp_latent_4,306,0.011443348601460457
gp_latent_4,307,-0.020757384598255157
gp_latent_4,308,0.02846468798816204
gp_latent_4,309,0.003512041410431266
gp_latent_4,310,-0.0032880748622119427
gp_latent_4,311,0.004373400006443262
gp_latent_4,312,0.02747839316725731
gp_latent_4,313,0.001204336411319673
gp_latent_4,314,0.002051832852885127
gp_latent_4,315,-0.036374859511852264
gp_latent_4,316,-0.018878798931837082
gp_latent_4,317,0.04580302909016609
gp_latent_4,318,0.0030510197393596172
gp_latent_4,319,0.007883822545409203
gp_latent_4,320,0.026623884215950966
gp_latent_4,321,0.010197784751653671
gp_latent_4,322,0.03239792212843895
gp_latent_4,323,0.006330020725727081
gp_latent_4,324,0.03048110008239746
gp_latent_4,325,-0.01686517708003521
gp_latent_4,326,0.005095494445413351
gp_latent_4,327,-0.0002490726765245199
gp_latent_4,328,0.007003292441368103
gp_latent_4,329,-0.018128786236047745
gp_latent_4,330,0.00432103406637907
gp_latent_4,331,0.009347653016448021
gp_latent_4,332,0.08319604396820068
gp_latent_4,333,0.0773172378540039
gp_latent_4,334,-0.004472073167562485
gp_latent_4,335,-0.012995733879506588
gp_latent_4,336,-0.004918794147670269
gp_latent_4,337,0.017575932666659355
gp_latent_4,338,0.0074600884690880775
gp_latent_4,339,-0.043387092649936676
gp_latent_4,340,0.000814417377114296
gp_latent_4,341,-0.013152984902262688
gp_latent_4,342,-0.016535185277462006
gp_latent_4,343,-0.03039870411157608
gp_latent_4,344,-0.03968292847275734
gp_latent_4,345,0.015153784304857254
gp_latent_4,346,0.008664271794259548
gp_latent_4,347,0.00472491979598999
gp_latent_4,348,0.030049847438931465
gp_latent_4,349,-0.007298109121620655
gp_latent_4,350,-0.052852220833301544
gp_latent_4,351,-0.04335709661245346
gp_latent_4,352,-0.04886189475655556
gp_latent_4,353,0.00030113570392131805
gp_latent_4,354,0.002718164585530758
gp_latent_4,355,-0.017911484465003014
gp_latent_4,356,0.03543788567185402
gp_latent_4,357,0.00032866140827536583
gp_latent_4,358,-0.017194164916872978
gp_latent_4,359,-0.013369577936828136
gp_latent_4,360,-0.014657959342002869
gp_latent_4,361,-0.015707481652498245
gp_latent_4,362,0.02716631256043911
gp_latent_4,363,-0.006648866459727287
gp_latent_4,364,-0.04756178334355354
gp_latent_4,365,-0.05075468495488167
gp_latent_4,366,0.016312038525938988
gp_latent_4,367,0.017041536048054695
gp_latent_4,368,-0.0015775957144796848
gp_latent_4,369,0.015373052097856998
gp_latent_4,370,0.021397948265075684
gp_latent_4,371,0.03292296454310417
gp_latent_4,372,0.026508858427405357
gp_latent_4,373,0.016420764848589897
gp_latent_4,374,0.03680536523461342
gp_latent_4,375,0.0017313682474195957
gp_latent_4,376,-0.03067188709974289
gp_latent_4,377,0.02225739322602749
gp_latent_4,378,-0.028134385123848915
gp_latent_4,379,0.03378668427467346
gp_latent_4,380,0.023411067202687263
gp_latent_4,381,-0.025330061092972755
gp_latent_4,382,-0.028827209025621414
gp_latent_4,383,0.023026341572403908
gp_latent_4,384,0.02818227931857109
gp_latent_4,385,0.02712959423661232
gp_latent_4,386,-0.05161014944314957
gp_latent_4,387,-0.03853953629732132
gp_latent_4,388,-0.051602985709905624
gp_latent_4,389,0.026403045281767845
gp_latent_4,390,-0.027330389246344566
gp_latent_4,391,-0.04614287242293358
gp_latent_4,392,-0.03601478785276413
gp_latent_4,393,0.023440636694431305
gp_latent_4,394,0.025965139269828796
gp_latent_4,395,-0.02310304529964924
gp_latent_4,396,0.009033740498125553
gp_latent_4,397,0.006629733368754387
gp_latent_4,398,0.03741158917546272
gp_latent_4,399,0.008067933842539787
gp_latent_4,400,-0.027972837910056114
gp_latent_4,401,0.03238382190465927
gp_latent_4,402,-0.016960522159934044
gp_latent_4,403,-0.053556110709905624
gp_latent_4,404,-0.02398913912475109
gp_latent_4,405,0.039028361439704895
gp_latent_4,406,-0.0049743312411010265
gp_latent_4,407,-0.013898308388888836
gp_latent_4,408,-0.00781869888305664
gp_latent_4,409,0.001789105124771595
gp_latent_4,410,0.0014825533144176006
gp_latent_4,411,0.005463008768856525
gp_latent_4,412,-0.02536804787814617
gp_latent_4,413,-0.0074895769357681274
gp_latent_4,414,0.01116806361824274
gp_latent_4,415,-0.006318871863186359
gp_latent_4,416,-0.05598169192671776
gp_latent_4,417,-0.010024015791714191
gp_latent_4,418,0.019444184377789497
gp_latent_4,419,-0.0405171662569046
gp_latent_4,420,-0.005177880171686411
gp_latent_4,421,-0.0012019441928714514
gp_latent_4,422,0.012377532199025154
gp_latent_4,423,0.0008450150489807129
gp_latent_4,424,0.03782534599304199
gp_latent_4,425,-0.015248036943376064
gp_latent_4,426,-0.0030592503026127815
gp_latent_4,427,0.030544333159923553
gp_latent_4,428,-0.0015984701458364725
gp_latent_4,429,0.005709047429263592
gp_latent_4,430,-0.05898148566484451
gp_latent_4,431,-0.051967307925224304
gp_latent_4,432,0.0032187809702008963
gp_latent_4,433,0.0018594034481793642
gp_latent_4,434,0.02085484378039837
gp_latent_4,435,0.01966734603047371
gp_latent_4,436,-0.021718604490160942
gp_latent_4,437,-0.025186264887452126
gp_latent_4,438,-0.010388952679932117
gp_latent_4,439,-0.06349202990531921
gp_latent_4,440,-0.06144217774271965
gp_latent_4,441,-0.0029968249145895243
gp_latent_4,442,-0.021928125992417336
gp_latent_4,443,-0.05344929173588753
gp_latent_4,444,-0.0005868610460311174
gp_latent_4,445,-0.06525497883558273
gp_latent_4,446,-0.013795936480164528
gp_latent_4,447,0.024374477565288544
gp_latent_4,448,0.009141280315816402
gp_latent_4,449,0.02618863619863987
gp_latent_4,450,0.02109985612332821
gp_latent_4,451,-0.005485869478434324
gp_latent_4,452,-0.0027525024488568306
gp_latent_4,453,-0.008986853994429111
gp_latent_4,454,-0.06282076239585876
gp_latent_4,455,-0.022516192868351936
gp_latent_4,456,0.04330072179436684
gp_latent_4,457,-0.02468263916671276
gp_latent_4,458,-0.03793829306960106
gp_latent_4,459,-0.05135134607553482
gp_latent_4,460,-0.0019492151914164424
gp_latent_4,461,-0.008051644079387188
gp_latent_4,462,-0.013120871037244797
gp_latent_4,463,-0.031096868216991425
gp_latent_4,464,-0.03577790409326553
gp_latent_4,465,0.03427246958017349
gp_latent_4,466,0.015848055481910706
gp_latent_4,467,-0.052376873791217804
gp_latent_4,468,-0.017459558323025703
gp_latent_4,469,0.005877784453332424
gp_latent_4,470,0.026256773620843887
gp_latent_4,471,0.0028579055797308683
gp_latent_4,472,-0.06085507944226265
gp_latent_4,473,-0.05552295967936516
gp_latent_4,474,0.03363298997282982
gp_latent_4,475,-0.07716818153858185
gp_latent_4,476,-0.05387594550848007
gp_latent_4,477,-0.06814033538103104
gp_latent_4,478,0.011003052815794945
gp_latent_4,479,-0.0028515015728771687
gp_latent_4,480,0.0019640305545181036
gp_latent_4,481,0.0012789275497198105
gp_latent_4,482,-0.014248589053750038
gp_latent_4,483,-0.05964546650648117
gp_latent_4,484,-0.0584113672375679
gp_latent_4,485,-0.06818744540214539
gp_latent_4,486,-0.01540045440196991
gp_latent_4,487,-0.009525159373879433
gp_latent_4,488,0.014834793284535408
gp_latent_4,489,-0.07751274853944778
gp_latent_4,490,-0.04914432764053345
gp_latent_4,491,-0.012421651743352413
gp_latent_4,492,0.01898019015789032
gp_latent_4,493,0.015827931463718414
gp_latent_4,494,0.010403630323708057
gp_latent_4,495,0.01190146990120411
gp_latent_4,496,0.02203425019979477
gp_latent_4,497,0.017973249778151512
gp_latent_4,498,0.015314135700464249
gp_latent_4,499,-0.01770981401205063
gp_latent_4,500,0.009159433655440807
gp_latent_4,501,0.006778493523597717
gp_latent_4,502,-0.0025748780462890863
gp_latent_4,503,-0.0008105896413326263
gp_latent_4,504,-0.026083245873451233
gp_latent_4,505,-0.038947898894548416
gp_latent_4,506,-0.03325365483760834
gp_latent_4,507,-0.040274109691381454
gp_latent_4,508,-0.04749250411987305
gp_latent_4,509,-0.003919685259461403
gp_latent_4,510,0.003475661389529705
gp_latent_4,511,0.005177097860723734
gp_latent_4,512,0.008885287679731846
gp_latent_4,513,-0.01067829318344593
gp_latent_4,514,0.012205198407173157
gp_latent_4,515,-0.01042518112808466
gp_latent_4,516,-0.006491994485259056
gp_latent_4,517,0.004507465288043022
gp_latent_4,518,-0.018254857510328293
gp_latent_4,519,-0.011438654735684395
gp_latent_4,520,-0.0026735980063676834
gp_latent_4,521,-0.021616602316498756
gp_latent_4,522,-0.0005241316976025701
gp_latent_4,523,0.04730088636279106
gp_latent_4,524,0.005974260158836842
gp_latent_4,525,0.05641574412584305
gp_latent_4,526,0.043359268456697464
gp_latent_4,527,0.03595718741416931
gp_latent_4,528,0.03629211336374283
gp_latent_4,529,0.06198277696967125
gp_latent_4,530,0.012050039134919643
gp_latent_4,531,0.024136103689670563
gp_latent_4,532,0.007083048112690449
gp_latent_4,533,-0.004088899120688438
gp_latent_4,534,-0.01773604191839695
gp_latent_4,535,0.021997874602675438
gp_latent_4,536,-0.00230307225137949
gp_latent_4,537,-0.014692055992782116
gp_latent_4,538,-0.0266813263297081
gp_latent_4,539,-0.0886230319738388
gp_latent_4,540,-0.01444624550640583
gp_latent_4,541,-0.03264652565121651
gp_latent_4,542,-0.027802307158708572
gp_latent_4,543,-0.023684002459049225
gp_latent_4,544,-0.057156357914209366
gp_latent_4,545,-0.05903266370296478
gp_latent_4,546,-0.06048964709043503
gp_latent_4,547,-0.04786047339439392
gp_latent_4,548,-0.04958794265985489
gp_latent_4,549,-0.05161193013191223
gp_latent_4,550,-0.03961382061243057
gp_latent_4,551,-0.03939126804471016
gp_latent_4,552,0.0692254975438118
gp_latent_4,553,0.06711887568235397
gp_latent_4,554,0.04316607490181923
gp_latent_4,555,0.06315188109874725
gp_latent_4,556,0.048437584191560745
gp_latent_4,557,0.06457727402448654
gp_latent_4,558,0.027848074212670326
gp_latent_4,559,0.039643727242946625
gp_latent_4,560,0.05922183394432068
gp_latent_4,561,0.03744855523109436
gp_latent_4,562,0.0403398834168911
gp_latent_4,563,0.0416557677090168
gp_latent_4,564,0.03798794001340866
gp_latent_4,565,0.05370042100548744
gp_latent_4,566,0.025727493688464165
gp_latent_4,567,0.041399937123060226
gp_latent_4,568,0.035457395017147064
gp_latent_4,569,0.043130725622177124
gp_latent_4,570,0.04792850464582443
gp_latent_4,571,0.02436266839504242
gp_latent_4,572,0.052964843809604645
gp_latent_4,573,0.05782659724354744
gp_latent_4,574,0.03624670207500458
gp_latent_4,575,0.010683326981961727
gp_latent_4,576,0.032615017145872116
gp_latent_4,577,0.008625984191894531
gp_latent_4,578,0.01583213545382023
gp_latent_4,579,0.03318989649415016
gp_latent_4,580,0.010736631229519844
gp_latent_4,581,0.004961716942489147
gp_latent_4,582,-0.015883712098002434
gp_latent_4,583,-0.06646312773227692
gp_latent_4,584,-0.07540510594844818
gp_latent_4,585,0.08000824600458145
gp_latent_4,586,0.029328912496566772
gp_latent_4,587,0.052866723388433456
gp_latent_4,588,0.04149763286113739
gp_latent_4,589,-0.02046145312488079
gp_latent_4,590,0.03336792066693306
gp_latent_4,591,0.0363929308950901
gp_latent_4,592,0.011966554448008537
gp_latent_4,593,-0.07262495160102844
gp_latent_4,594,0.04944261163473129
gp_latent_4,595,-0.0034250295720994473
gp_latent_4,596,0.017822403460741043
gp_latent_4,597,0.012185965664684772
gp_latent_4,598,0.034827955067157745
gp_latent_4,599,0.008708762004971504
gp_latent_4,600,-0.00410039909183979
gp_latent_4,601,0.015798911452293396
gp_latent_4,602,-0.08438333868980408
gp_latent_4,603,-0.10449998825788498
gp_latent_4,604,-0.08088076859712601
gp_latent_4,605,-0.07931777834892273
gp_latent_4,606,-0.0931299552321434
gp_latent_4,607,-0.07482479512691498
gp_latent_4,608,-0.05540194734930992
gp_latent_4,609,-0.07872750610113144
gp_latent_4,610,-0.07362817972898483
gp_latent_4,611,-0.07484029233455658
gp_latent_4,612,-0.002186900470405817
gp_latent_4,613,0.003674756269901991
gp_latent_4,614,0.02144099399447441
gp_latent_4,615,0.025770092383027077
gp_latent_4,616,0.009483106434345245
gp_latent_4,617,0.010065612383186817
gp_latent_4,618,-0.022989075630903244
gp_latent_4,619,-0.010806364938616753
gp_latent_4,620,-0.01866944693028927
gp_latent_4,621,-0.009157473221421242
gp_latent_4,622,0.016383249312639236
gp_latent_4,623,0.026946499943733215
gp_latent_4,624,-0.001960551366209984
gp_latent_4,625,-0.08814231306314468
gp_latent_4,626,-0.08225808292627335
gp_latent_4,627,-0.10127390921115875
gp_latent_4,628,0.027613135054707527
gp_latent_4,629,-0.005967804696410894
gp_latent_4,630,-0.009891564957797527
gp_latent_4,631,-0.03410624712705612
gp_latent_4,632,-0.016294511035084724
gp_latent_4,633,-0.03529456630349159
gp_latent_4,634,-0.050347503274679184
gp_latent_4,635,0.03873876854777336
gp_latent_4,636,0.05343282222747803
gp_latent_4,637,0.03631202504038811
gp_latent_4,638,0.04967368766665459
gp_latent_4,639,0.028747443109750748
gp_latent_4,640,0.06983284652233124
gp_latent_4,641,0.029885178431868553
gp_latent_4,642,-0.006589757744222879
gp_latent_4,643,0.040787287056446075
gp_latent_4,644,0.018956664949655533
gp_latent_4,645,0.01125175692141056
gp_latent_4,646,0.02125256508588791
gp_latent_4,647,0.014747895300388336
gp_latent_4,648,-0.10436275601387024
gp_latent_4,649,-0.07983230799436569
gp_latent_4,650,-0.09976744651794434
gp_latent_4,651,-0.08426349610090256
gp_latent_4,652,-0.08613292872905731
gp_latent_4,653,-0.10105393081903458
gp_latent_4,654,-0.008468071930110455
gp_latent_4,655,-0.024121001362800598
gp_latent_4,656,-0.08132030069828033
gp_latent_4,657,-0.10017407685518265
gp_latent_4,658,-0.004433810710906982
gp_latent_4,659,0.010818775743246078
gp_latent_4,660,-0.005656147375702858
gp_latent_4,661,-0.002536415122449398
gp_latent_4,662,0.00039310933789238334
gp_latent_4,663,-0.020958034321665764
gp_latent_4,664,0.04691784828901291
gp_latent_4,665,-0.0601198747754097
gp_latent_4,666,0.011674104258418083
gp_latent_4,667,-0.09369568526744843
gp_latent_4,668,-0.0879308357834816
gp_latent_4,669,0.006034461315721273
gp_latent_4,670,0.008430187590420246
gp_latent_4,671,-0.025643980130553246
gp_latent_4,672,-0.03178194537758827
gp_latent_4,673,-0.0418214350938797
gp_latent_4,674,-0.06639137864112854
gp_latent_4,675,-0.05923542007803917
gp_latent_4,676,-0.048659034073352814
gp_latent_4,677,-0.04737607389688492
gp_latent_4,678,0.04895224794745445
gp_latent_4,679,0.03736118599772453
gp_latent_4,680,0.04512840509414673
gp_latent_4,681,0.039365511387586594
gp_latent_4,682,0.01803957298398018
gp_latent_4,683,0.04133591428399086
gp_latent_4,684,0.04699256643652916
gp_latent_4,685,0.04679796099662781
gp_latent_4,686,0.05548536777496338
gp_latent_4,687,0.05414342135190964
gp_latent_4,688,0.06541424989700317
gp_latent_4,689,0.04136494919657707
gp_latent_4,690,0.031084345653653145
gp_latent_4,691,0.05566161125898361
gp_latent_4,692,0.0651031956076622
gp_latent_4,693,0.03878040239214897
gp_latent_4,694,0.008506163023412228
gp_latent_4,695,0.016215523704886436
gp_latent_4,696,0.04650378227233887
gp_latent_4,697,0.024503611028194427
gp_latent_4,698,0.007011131849139929
gp_latent_4,699,0.01299864798784256
gp_latent_4,700,0.01879306696355343
gp_latent_4,701,0.012257239781320095
gp_latent_4,702,-0.041591472923755646
gp_latent_4,703,-0.046181585639715195
gp_latent_4,704,0.043601881712675095
gp_latent_4,705,0.03745946288108826
gp_latent_4,706,0.03966241329908371
gp_latent_4,707,0.05318593606352806
gp_latent_4,708,0.055209338665008545
gp_latent_4,709,0.005827693268656731
gp_latent_4,710,0.0018666023388504982
gp_latent_4,711,0.025545509532094002
gp_latent_4,712,0.032636553049087524
gp_latent_4,713,0.029498731717467308
gp_latent_4,714,0.0259122084826231
gp_latent_4,715,-0.028736621141433716
gp_latent_4,716,-0.006967560388147831
gp_latent_4,717,-0.08864153921604156
gp_latent_4,718,-0.10662472993135452
gp_latent_4,719,-0.09110697358846664
gp_latent_4,720,-0.0797644630074501
gp_latent_4,721,-0.10035999864339828
gp_latent_4,722,-0.07677952945232391
gp_latent_4,723,-0.10290755331516266
gp_latent_4,724,-0.0010049050906673074
gp_latent_4,725,-0.012565922923386097
gp_latent_4,726,-0.0007712746155448258
gp_latent_4,727,-0.03137197718024254
gp_latent_4,728,0.0005152011290192604
gp_latent_4,729,0.021670423448085785
gp_latent_4,730,-0.09270739555358887
gp_latent_4,731,0.008258628658950329
gp_latent_4,732,0.05126789212226868
gp_latent_4,733,0.02778596244752407
gp_latent_4,734,0.03224676474928856
gp_latent_4,735,0.03697255253791809
gp_latent_4,736,-0.006325630471110344
gp_latent_4,737,-0.09835144132375717
gp_latent_4,738,0.03521671146154404
gp_latent_4,739,0.01846509613096714
gp_latent_4,740,-0.05640799552202225
gp_latent_4,741,0.010195818729698658
gp_latent_4,742,-0.009793637320399284
gp_latent_4,743,-0.01666157692670822
gp_latent_4,744,-0.022098487243056297
gp_latent_4,745,-0.03566373884677887
gp_latent_4,746,-0.023082217201590538
gp_latent_4,747,-0.012603981420397758
gp_latent_4,748,-0.04515068233013153
gp_latent_4,749,-0.018887240439653397
gp_latent_4,750,-0.019252179190516472
gp_latent_4,751,-0.05658892169594765
gp_latent_4,752,-0.0775885134935379
gp_latent_4,753,-0.06732429563999176
gp_latent_4,754,0.02336876280605793
gp_latent_4,755,0.00017143180593848228
gp_latent_4,756,-0.04025993496179581
gp_latent_4,757,0.014013921841979027
gp_latent_4,758,-0.002685067243874073
gp_latent_4,759,0.005661606788635254
gp_latent_4,760,-0.029533132910728455
gp_latent_4,761,0.01430874690413475
gp_latent_4,762,-0.014782258309423923
gp_latent_4,763,0.002193714724853635
gp_latent_4,764,-0.052477411925792694
gp_latent_4,765,-0.015394903719425201
gp_latent_4,766,-0.03536192700266838
gp_latent_4,767,-0.043005071580410004
gp_latent_4,768,-0.05445015802979469
gp_latent_4,769,0.03211095184087753
gp_latent_4,770,0.0375533401966095
gp_latent_4,771,0.002231369726359844
gp_latent_4,772,0.015573332086205482
gp_latent_4,773,-0.014390019699931145
gp_latent_4,774,-0.04321231320500374
gp_latent_4,775,-0.05203183367848396
gp_latent_4,776,0.012859994545578957
gp_latent_4,777,0.03571147471666336
gp_latent_4,778,-0.04932074993848801
gp_latent_4,779,0.011677198112010956
gp_latent_4,780,-0.011661937460303307
gp_latent_4,781,0.011257011443376541
gp_latent_4,782,0.007090906146913767
gp_latent_4,783,0.0265172328799963
gp_latent_4,784,0.016508709639310837
gp_latent_4,785,0.05337544530630112
gp_latent_4,786,0.06445329636335373
gp_latent_4,787,0.02419046126306057
gp_latent_4,788,0.0070512546226382256
gp_latent_4,789,-0.05288901925086975
gp_latent_4,790,-0.036393970251083374
gp_latent_4,791,-0.03746548295021057
gp_latent_4,792,-0.04864431917667389
gp_latent_4,793,0.005551902577280998
gp_latent_4,794,0.019765431061387062
gp_latent_4,795,-0.025133691728115082
gp_latent_4,796,0.05328230932354927
gp_latent_4,797,0.008575454354286194
gp_latent_4,798,0.04260526970028877
gp_latent_4,799,0.041310571134090424
gp_latent_4,800,0.06342419981956482
gp_latent_4,801,-0.05812123417854309
gp_latent_4,802,0.04683970659971237
gp_latent_4,803,-0.054051388055086136
gp_latent_4,804,-0.010836673900485039
gp_latent_4,805,-0.013577340170741081
gp_latent_4,806,0.011283407919108868
gp_latent_4,807,0.08000746369361877
gp_latent_4,808,0.0191004928201437
gp_latent_4,809,-0.05207923799753189
gp_latent_4,810,0.0351351723074913
gp_latent_4,811,-0.02464059367775917
gp_latent_4,812,-0.012583179399371147
gp_latent_4,813,0.007202596869319677
gp_latent_4,814,-0.015995141118764877
gp_latent_4,815,-0.019324276596307755
gp_latent_4,816,-0.004739607218652964
gp_latent_4,817,-0.033617641776800156
gp_latent_4,818,0.010338558815419674
gp_latent_4,819,-0.05697321146726608
gp_latent_4,820,-0.06295477598905563
gp_latent_4,821,0.01306250598281622
gp_latent_4,822,0.02675587125122547
gp_latent_4,823,-0.03478777036070824
gp_latent_4,824,-0.001208699308335781
gp_latent_4,825,-0.002341798972338438
gp_latent_4,826,-0.030529934912919998
gp_latent_4,827,-0.027835948392748833
gp_latent_4,828,-0.01426168903708458
gp_latent_4,829,-0.000316656194627285
gp_latent_4,830,-0.005035659298300743
gp_latent_4,831,0.009340991266071796
gp_latent_4,832,-0.017130250111222267
gp_latent_4,833,-0.0050901672802865505
gp_latent_4,834,0.003366919467225671
gp_latent_4,835,-0.024652620777487755
gp_latent_4,836,-0.004235276021063328
gp_latent_4,837,0.00021020590793341398
gp_latent_4,838,-0.026367347687482834
gp_latent_4,839,-0.038012146949768066
gp_latent_4,840,-0.08048678189516068
gp_latent_4,841,-0.012490123510360718
gp_latent_4,842,0.042306408286094666
gp_latent_4,843,0.043444033712148666
gp_latent_4,844,0.06516661494970322
gp_latent_4,845,0.04915362223982811
gp_latent_4,846,0.000318372854962945
gp_latent_4,847,-0.02221856638789177
gp_latent_4,848,0.013785241171717644
gp_latent_4,849,-0.012060906738042831
gp_latent_4,850,0.04787956178188324
gp_latent_4,851,0.04799482226371765
gp_latent_4,852,0.05063743516802788
gp_latent_4,853,-0.01970004104077816
gp_latent_4,854,0.07251778990030289
gp_latent_4,855,0.06338685750961304
gp_latent_4,856,0.000936696887947619
gp_latent_4,857,0.018335916101932526
gp_latent_4,858,-0.05502250790596008
gp_latent_4,859,-0.056206949055194855
gp_latent_4,860,-0.05123317986726761
gp_latent_4,861,-0.060685135424137115
gp_latent_4,862,-0.03571760654449463
gp_latent_4,863,-0.025237035006284714
gp_latent_4,864,0.009562429040670395
gp_latent_4,865,0.022913817316293716
gp_latent_4,866,0.037894874811172485
gp_latent_4,867,0.012457333505153656
gp_latent_4,868,-0.05554801970720291
gp_latent_4,869,0.0579293854534626
gp_latent_4,870,0.016128070652484894
gp_latent_4,871,-0.048332199454307556
gp_latent_4,872,0.039027754217386246
gp_latent_4,873,0.05481691285967827
gp_latent_4,874,0.05231703445315361
gp_latent_4,875,0.010939949192106724
gp_latent_4,876,0.056799378246068954
gp_latent_4,877,0.021204981952905655
gp_latent_4,878,-0.007970632053911686
gp_latent_4,879,-0.028752345591783524
gp_latent_4,880,-0.017012426629662514
gp_latent_4,881,0.05104249715805054
gp_latent_4,882,-0.03589685633778572
gp_latent_4,883,-0.03666386380791664
gp_latent_4,884,0.011679545044898987
gp_latent_4,885,-0.04972730949521065
gp_latent_4,886,0.017585568130016327
gp_latent_4,887,-0.0035350308753550053
gp_latent_4,888,0.030004071071743965
gp_latent_4,889,-0.016419949010014534
gp_latent_4,890,0.03922393545508385
gp_latent_4,891,0.018955647945404053
gp_latent_4,892,-0.01724535971879959
gp_latent_4,893,0.0026618619449436665
gp_latent_4,894,-0.006609973963350058
gp_latent_4,895,0.003432131838053465
gp_latent_4,896,-0.01395659800618887
gp_latent_4,897,-0.028619250282645226
gp_latent_4,898,-0.0017076145159080625
gp_latent_4,899,-0.029557621106505394
gp_latent_4,900,-0.03916594013571739
gp_latent_4,901,-0.03399675339460373
gp_latent_4,902,-0.0014474918134510517
gp_latent_4,903,-0.014224778860807419
gp_latent_4,904,0.02520851045846939
gp_latent_4,905,0.03352859616279602
gp_latent_4,906,0.021032797172665596
gp_latent_4,907,0.03274219110608101
gp_latent_4,908,-0.00541322585195303
gp_latent_4,909,0.004305162001401186
gp_latent_4,910,-0.02596118301153183
gp_latent_4,911,-0.04564518481492996
gp_latent_4,912,-0.028226802125573158
gp_latent_4,913,-0.03624487668275833
gp_latent_4,914,-0.03550070896744728
gp_latent_4,915,-0.03729033097624779
gp_latent_4,916,-0.054967477917671204
gp_latent_4,917,-0.02466774918138981
gp_latent_4,918,0.006080657243728638
gp_latent_4,919,-0.0056038727052509785
gp_latent_4,920,0.014412897638976574
gp_latent_4,921,-0.04840600863099098
gp_latent_4,922,0.014770213514566422
gp_latent_4,923,-0.026044592261314392
gp_latent_4,924,0.0003117467276751995
gp_latent_4,925,-0.004179296083748341
gp_latent_4,926,0.0010200550314038992
gp_latent_4,927,-0.009391087107360363
gp_latent_4,928,0.02820258028805256
gp_latent_4,929,0.003070757258683443
gp_latent_4,930,-0.0007116787601262331
gp_latent_4,931,0.00801534578204155
gp_latent_4,932,-0.011061099357903004
gp_latent_4,933,-0.03433314710855484
gp_latent_4,934,-0.0686873197555542
gp_latent_4,935,-0.07862798869609833
gp_latent_4,936,-0.02459177002310753
gp_latent_4,937,-0.0662180632352829
gp_latent_4,938,-0.08349218219518661
gp_latent_4,939,-0.047611914575099945
gp_latent_4,940,0.04241928830742836
gp_latent_4,941,-0.01119404099881649
gp_latent_4,942,-0.044999510049819946
gp_latent_4,943,0.004660053178668022
gp_latent_4,944,-0.0556136853992939
gp_latent_4,945,0.03217572718858719
gp_latent_4,946,0.012731007300317287
gp_latent_4,947,-0.010954317636787891
gp_latent_4,948,-0.04302310571074486
gp_latent_4,949,0.003912070766091347
class_intercept,0,-0.43724262714385986
class_intercept,1,0.5077053904533386
class_intercept,2,-0.7693620920181274
class_intercept,3,0.3976840376853943
class_intercept,4,0.5106656551361084
class_share,0,0.04545687139034271
class_share,1,0.34791624546051025
class_share,2,0.027035722509026527
class_share,3,0.24606510996818542
class_share,4,0.33352604508399963
beta_raw,"0,0",-1.2446651458740234
beta_raw,"0,1",-1.5289350748062134
beta_raw,"1,0",0.9947962760925293
beta_raw,"1,1",8.496828079223633
beta_raw,"2,0",-0.8965857028961182
beta_raw,"2,1",-0.9978084564208984
beta_raw,"3,0",4.291621208190918
beta_raw,"3,1",3.269104480743408
beta_raw,"4,0",3.861097574234009
beta_raw,"4,1",-2.8028624057769775
asc_raw,"0,0",0.769135057926178
asc_raw,"0,1",-1.785464882850647
asc_raw,"1,0",-0.6778280735015869
asc_raw,"1,1",1.0253324508666992
asc_raw,"2,0",-0.6822787523269653
asc_raw,"2,1",3.8260865211486816
asc_raw,"3,0",-1.0331705808639526
asc_raw,"3,1",1.8872365951538086
asc_raw,"4,0",-0.7717844843864441
asc_raw,"4,1",-2.0758399963378906
