param,index,value
kappa,0,0.04240524768829346
kappa,1,0.041169602423906326
kappa,2,0.0421823225915432
kappa,3,0.04161369055509567
lengthscale,0,0.3563021421432495
lengthscale,1,0.34226059913635254
lengthscale,2,0.31769782304763794
lengthscale,3,0.41399118304252625
gp_latent_0,0,0.015830444172024727
gp_latent_0,1,0.03594144806265831
gp_latent_0,2,-0.016139106824994087
gp_latent_0,3,-0.009324437007308006
gp_latent_0,4,0.005107586272060871
gp_latent_0,5,-0.0350009985268116
gp_latent_0,6,-0.0073805907741189
gp_latent_0,7,0.004558613523840904
gp_latent_0,8,-0.02498146891593933
gp_latent_0,9,0.028778713196516037
gp_latent_0,10,0.014567095786333084
gp_latent_0,11,0.016188649460673332
gp_latent_0,12,0.0016973635647445917
gp_latent_0,13,0.0018583699129521847
gp_latent_0,14,-0.02414894849061966
gp_latent_0,15,-0.011760564520955086
gp_latent_0,16,0.033564500510692596
gp_latent_0,17,0.03662197291851044
gp_latent_0,18,0.022507192566990852
gp_latent_0,19,0.01754116639494896
gp_latent_0,20,-0.01766270212829113
gp_latent_0,21,-0.026062598451972008
gp_latent_0,22,0.004093977622687817
gp_latent_0,23,-0.03827342391014099
gp_latent_0,24,-0.005753645207732916
gp_latent_0,25,0.01403847150504589
gp_latent_0,26,0.01142472866922617
gp_latent_0,27,0.00028955889865756035
gp_latent_0,28,0.0021840897388756275
gp_latent_0,29,0.0006394707597792149
gp_latent_0,30,-0.03702304884791374
gp_latent_0,31,0.02141193486750126
gp_latent_0,32,0.0141691779717803
gp_latent_0,33,-0.004549715667963028
gp_latent_0,34,-0.005987810902297497
gp_latent_0,35,0.022362807765603065
gp_latent_0,36,0.002838831627741456
gp_latent_0,37,-0.028740810230374336
gp_latent_0,38,0.030725959688425064
gp_latent_0,39,0.030377686023712158
gp_latent_0,40,0.006339643616229296
gp_latent_0,41,0.017860516905784607
gp_latent_0,42,-0.00042517005931586027
gp_latent_0,43,-0.01779855042695999
gp_latent_0,44,0.004910657647997141
gp_latent_0,45,-0.016158796846866608
gp_latent_0,46,0.028023283928632736
gp_latent_0,47,0.00021507637575268745
gp_latent_0,48,0.005153845064342022
gp_latent_0,49,0.007187109440565109
gp_latent_0,50,0.024905825033783913
gp_latent_0,51,-0.0018417732790112495
gp_latent_0,52,-0.046325284987688065
gp_latent_0,53,-0.007221005856990814
gp_latent_0,54,0.007960060611367226
gp_latent_0,55,0.017476655542850494
gp_latent_0,56,0.019208239391446114
gp_latent_0,57,-0.03400035947561264
gp_latent_0,58,-0.06358008086681366
gp_latent_0,59,0.018088774755597115
gp_latent_0,60,0.032212771475315094
gp_latent_0,61,0.005540790036320686
gp_latent_0,62,-0.027773283421993256
gp_latent_0,63,0.028463143855333328
gp_latent_0,64,0.0033390969038009644
gp_latent_0,65,0.03161563351750374
gp_latent_0,66,-0.04713886231184006
gp_latent_0,67,-0.038954418152570724
gp_latent_0,68,-0.017336582764983177
gp_latent_0,69,0.050587721168994904
gp_latent_0,70,0.02954435907304287
gp_latent_0,71,0.01972728595137596
gp_latent_0,72,-0.024513760581612587
gp_latent_0,73,-0.03849481791257858
gp_latent_0,74,0.007437672931700945
gp_latent_0,75,0.016043659299612045
gp_latent_0,76,0.004203339572995901
gp_latent_0,77,0.024985233321785927
gp_latent_0,78,0.01832668110728264
gp_latent_0,79,-0.01398061029613018
gp_latent_0,80,-0.01045292429625988
gp_latent_0,81,0.031771838665008545
gp_latent_0,82,-0.023186825215816498
gp_latent_0,83,-0.049811024218797684
gp_latent_0,84,0.03565150126814842
gp_latent_0,85,-0.0003506219945847988
gp_latent_0,86,-0.015965275466442108
gp_latent_0,87,-0.0028745168820023537
gp_latent_0,88,-0.009569957852363586
gp_latent_0,89,0.0018975329585373402
gp_latent_0,90,-0.002336073899641633
gp_latent_0,91,-0.01490141823887825
gp_latent_0,92,-0.0016694539226591587
gp_latent_0,93,-0.002052196767181158
gp_latent_0,94,0.006798616610467434
gp_latent_0,95,0.010320492088794708
gp_latent_0,96,0.018780479207634926
gp_latent_0,97,0.013889309018850327
gp_latent_0,98,0.01374666765332222
gp_latent_0,99,-0.026491763070225716
gp_latent_0,100,0.0016777105629444122
gp_latent_0,101,0.007391474209725857
gp_latent_0,102,0.00041290372610092163
gp_latent_0,103,0.03333080932497978
gp_latent_0,104,0.012470236048102379
gp_latent_0,105,0.01649126037955284
gp_latent_0,106,0.0008168802596628666
gp_latent_0,107,-0.018216274678707123
gp_latent_0,108,-0.017948605120182037
gp_latent_0,109,-0.009150095283985138
gp_latent_0,110,-0.022807994857430458
gp_latent_0,111,-0.056076012551784515
gp_latent_0,112,-0.01502176746726036
gp_latent_0,113,0.016328033059835434
gp_latent_0,114,-0.0017518707318231463
gp_latent_0,115,0.008809056133031845
gp_latent_0,116,0.002200497779995203
gp_latent_0,117,0.011888835579156876
gp_latent_0,118,0.020774073898792267
gp_latent_0,119,-0.030827917158603668
gp_latent_0,120,0.0202937014400959
gp_latent_0,121,-0.02610757015645504
gp_latent_0,122,-0.025291968137025833
gp_latent_0,123,-0.005173968151211739
gp_latent_0,124,0.014239486306905746
gp_latent_0,125,-0.0364358089864254
gp_latent_0,126,-0.011599044315516949
gp_latent_0,127,-0.00935200322419405
gp_latent_0,128,0.0038455950561910868
gp_latent_0,129,-0.0028258454985916615
gp_latent_0,130,-9.09597147256136e-05
gp_latent_0,131,0.003995428793132305
gp_latent_0,132,-0.02322237566113472
gp_latent_0,133,0.012790625914931297
gp_latent_0,134,0.0013700920389965177
gp_latent_0,135,-0.01622217893600464
gp_latent_0,136,0.04795369505882263
gp_latent_0,137,0.017397640272974968
gp_latent_0,138,-0.007092637475579977
gp_latent_0,139,-0.006478562485426664
gp_latent_0,140,0.022488925606012344
gp_latent_0,141,0.0003460068255662918
gp_latent_0,142,-0.018013672903180122
gp_latent_0,143,0.007720545865595341
gp_latent_0,144,0.007801655679941177
gp_latent_0,145,0.00741069670766592
gp_latent_0,146,0.006008387543261051
gp_latent_0,147,0.016920464113354683
gp_latent_0,148,0.01844128407537937
gp_latent_0,149,-0.030238917097449303
gp_latent_0,150,0.036106307059526443
gp_latent_0,151,-0.0023249622900038958
gp_latent_0,152,-0.010952025651931763
gp_latent_0,153,-0.01109321042895317
gp_latent_0,154,-0.01811831258237362
gp_latent_0,155,-0.011418801732361317
gp_latent_0,156,0.03301683068275452
gp_latent_0,157,-0.0035322201438248158
gp_latent_0,158,0.020881587639451027
gp_latent_0,159,-0.013835840858519077
gp_latent_0,160,0.009682114236056805
gp_latent_0,161,-0.02457032911479473
gp_latent_0,162,0.04075856879353523
gp_latent_0,163,0.037974584847688675
gp_latent_0,164,-0.003411646466702223
gp_latent_0,165,0.0024270922876894474
gp_latent_0,166,0.012858284637331963
gp_latent_0,167,0.047833289951086044
gp_latent_0,168,0.0018946353811770678
gp_latent_0,169,0.007101229391992092
gp_latent_0,170,0.020184405148029327
gp_latent_0,171,0.008627205155789852
gp_latent_0,172,-0.029011674225330353
gp_latent_0,173,0.01795831136405468
gp_latent_0,174,-0.0042644343338906765
gp_latent_0,175,-0.025485115125775337
gp_latent_0,176,-0.016626087948679924
gp_latent_0,177,0.006613905541598797
gp_latent_0,178,0.00289451377466321
gp_latent_0,179,0.012013668194413185
gp_latent_0,180,-0.004573513753712177
gp_latent_0,181,-0.029489465057849884
gp_latent_0,182,-0.043890275061130524
gp_latent_0,183,-0.021057723090052605
gp_latent_0,184,0.009562444873154163
gp_latent_0,185,-0.01426401175558567
gp_latent_0,186,-0.014455140568315983
gp_latent_0,187,0.013227438554167747
gp_latent_0,188,-0.004353107884526253
gp_latent_0,189,-0.004896257538348436
gp_latent_0,190,0.01620073802769184
gp_latent_0,191,0.020555511116981506
gp_latent_0,192,0.014017203822731972
gp_latent_0,193,0.050942562520504
gp_latent_0,194,-0.015449254773557186
gp_latent_0,195,-0.017420228570699692
gp_latent_0,196,-0.005085434764623642
gp_latent_0,197,-0.02010178193449974
gp_latent_0,198,-0.014605946838855743
gp_latent_0,199,0.009963518008589745
gp_latent_0,200,0.007390597835183144
gp_latent_0,201,-0.012838821858167648
gp_latent_0,202,0.0465882271528244
gp_latent_0,203,0.02300773374736309
gp_latent_0,204,0.024625085294246674
gp_latent_0,205,0.056244492530822754
gp_latent_0,206,0.03208307921886444
gp_latent_0,207,0.04097801446914673
gp_latent_0,208,-0.01560497097671032
gp_latent_0,209,-0.027071774005889893
gp_latent_0,210,0.013402790762484074
gp_latent_0,211,-0.00359334540553391
gp_latent_0,212,-0.003580158343538642
gp_latent_0,213,-0.027926012873649597
gp_latent_0,214,0.009077932685613632
gp_latent_0,215,0.003137132152915001
gp_latent_0,216,0.017071660608053207
gp_latent_0,217,0.010891387239098549
gp_latent_0,218,0.014399759471416473
gp_latent_0,219,0.001362011767923832
gp_latent_0,220,0.008289165794849396
gp_latent_0,221,-0.02368784323334694
gp_latent_0,222,0.03316127508878708
gp_latent_0,223,-0.006231987848877907
gp_latent_0,224,0.014351727440953255
gp_latent_0,225,0.011835810728371143
gp_latent_0,226,0.01866629160940647
gp_latent_0,227,0.01271691732108593
gp_latent_0,228,0.033081308007240295
gp_latent_0,229,-0.03812947869300842
gp_latent_0,230,-0.012572627514600754
gp_latent_0,231,-0.0054915426298975945
gp_latent_0,232,0.010833127424120903
gp_latent_0,233,-0.012448018416762352
gp_latent_0,234,0.005820905324071646
gp_latent_0,235,-0.013841335661709309
gp_latent_0,236,-0.02739962562918663
gp_latent_0,237,-0.005709494464099407
gp_latent_0,238,-0.002096460433676839
gp_latent_0,239,0.014257257804274559
gp_latent_0,240,-0.005898859351873398
gp_latent_0,241,-0.011215855367481709
gp_latent_0,242,0.03032751753926277
gp_latent_0,243,-0.014536973088979721
gp_latent_0,244,0.00420872587710619
gp_latent_0,245,-0.03242093324661255
gp_latent_0,246,0.0006790547049604356
gp_latent_0,247,0.01745014451444149
gp_latent_0,248,-0.04887259751558304
gp_latent_0,249,-0.005511575378477573
gp_latent_0,250,-0.029245536774396896
gp_latent_0,251,-0.04455830901861191
gp_latent_0,252,0.005922066979110241
gp_latent_0,253,-0.007078955881297588
gp_latent_0,254,-0.003953016363084316
gp_latent_0,255,-0.03228343278169632
gp_latent_0,256,-0.02152293175458908
gp_latent_0,257,-0.016363948583602905
gp_latent_0,258,0.0005423137918114662
gp_latent_0,259,-0.006326323375105858
gp_latent_0,260,-0.013967997394502163
gp_latent_0,261,0.0007965603144839406
gp_latent_0,262,0.0008037453517317772
gp_latent_0,263,0.005388735327869654
gp_latent_0,264,0.0383789986371994
gp_latent_0,265,-0.0166565403342247
gp_latent_0,266,-0.04126103222370148
gp_latent_0,267,0.004991711117327213
gp_latent_0,268,-0.011850189417600632
gp_latent_0,269,-0.01407080702483654
gp_latent_0,270,-0.09145652502775192
gp_latent_0,271,-0.004074590280652046
gp_latent_0,272,-0.006895717699080706
gp_latent_0,273,-0.004255929496139288
gp_latent_0,274,0.0002692465204745531
gp_latent_0,275,0.00715844240039587
gp_latent_0,276,-0.007356913760304451
gp_latent_0,277,-0.006913319230079651
gp_latent_0,278,-0.017419951036572456
gp_latent_0,279,0.04808911681175232
gp_latent_0,280,-0.0010002718772739172
gp_latent_0,281,-0.021203717216849327
gp_latent_0,282,0.004758823197335005
gp_latent_0,283,0.01829613372683525
gp_latent_0,284,0.03353283554315567
gp_latent_0,285,0.028730876743793488
gp_latent_0,286,-0.0007242421852424741
gp_latent_0,287,0.0108779426664114
gp_latent_0,288,0.007710673846304417
gp_latent_0,289,0.006511002313345671
gp_latent_0,290,0.02594868652522564
gp_latent_0,291,-0.03331165388226509
gp_latent_0,292,-0.039463628083467484
gp_latent_0,293,0.05549829453229904
gp_latent_0,294,-0.011215122416615486
gp_latent_0,295,0.006912346929311752
gp_latent_0,296,-0.010464229620993137
gp_latent_0,297,-0.01902996376156807
gp_latent_0,298,0.011396694928407669
gp_latent_0,299,3.652321174740791e-05
gp_latent_0,300,0.07398880273103714
gp_latent_0,301,0.07258699834346771
gp_latent_0,302,0.06661452353000641
gp_latent_0,303,0.006999571807682514
gp_latent_0,304,0.0036619650200009346
gp_latent_0,305,-0.003584842896088958
gp_latent_0,306,0.006180571857839823
gp_latent_0,307,-0.00421264348551631
gp_latent_0,308,-0.09221173077821732
gp_latent_0,309,0.004507421515882015
gp_latent_0,310,-0.010669003240764141
gp_latent_0,311,-0.0051853531040251255
gp_latent_0,312,-0.009683006443083286
gp_latent_0,313,0.02974027395248413
gp_latent_0,314,0.00746327918022871
gp_latent_0,315,-0.014494510367512703
gp_latent_0,316,-0.05655110627412796
gp_latent_0,317,0.0008898782543838024
gp_latent_0,318,-0.03311828523874283
gp_latent_0,319,0.028971752151846886
gp_latent_0,320,-0.010194964706897736
gp_latent_0,321,-0.007209220435470343
gp_latent_0,322,0.0453268438577652
gp_latent_0,323,-0.04264552518725395
gp_latent_0,324,-0.005638923496007919
gp_latent_0,325,-0.04890727996826172
gp_latent_0,326,-0.03346436470746994
gp_latent_0,327,-0.0034027681685984135
gp_latent_0,328,-0.059469107538461685
gp_latent_0,329,0.033243633806705475
gp_latent_0,330,-0.0030808213632553816
gp_latent_0,331,0.0011017906945198774
gp_latent_0,332,0.023241309449076653
gp_latent_0,333,0.04036417230963707
gp_latent_0,334,0.010851784609258175
gp_latent_0,335,0.03240005299448967
gp_latent_0,336,0.006322406232357025
gp_latent_0,337,0.002156298141926527
gp_latent_0,338,-0.007970462553203106
gp_latent_0,339,0.0012670124415308237
gp_latent_0,340,0.008768861182034016
gp_latent_0,341,-0.004587610252201557
gp_latent_0,342,0.03866644948720932
gp_latent_0,343,0.007093433756381273
gp_latent_0,344,-0.006611846853047609
gp_latent_0,345,0.0038001928478479385
gp_latent_0,346,0.005460506770759821
gp_latent_0,347,0.01872805878520012
gp_latent_0,348,-0.015436539426445961
gp_latent_0,349,0.02728099189698696
gp_latent_0,350,-0.027162302285432816
gp_latent_0,351,-0.011937078088521957
gp_latent_0,352,0.006478922441601753
gp_latent_0,353,-0.030907195061445236
gp_latent_0,354,0.01676151715219021
gp_latent_0,355,0.003954285755753517
gp_latent_0,356,-0.056909702718257904
gp_latent_0,357,-0.008505163714289665
gp_latent_0,358,0.0070258574560284615
gp_latent_0,359,0.03232451155781746
gp_latent_0,360,-0.03757615014910698
gp_latent_0,361,-0.022665729746222496
gp_latent_0,362,-0.045441705733537674
gp_latent_0,363,-0.011884326115250587
gp_latent_0,364,0.02827071212232113
gp_latent_0,365,0.015853606164455414
gp_latent_0,366,-0.002352343872189522
gp_latent_0,367,0.003200691659003496
gp_latent_0,368,0.01796555146574974
gp_latent_0,369,0.01197591982781887
gp_latent_0,370,0.03069934993982315
gp_latent_0,371,0.012790191918611526
gp_latent_0,372,-0.054581284523010254
gp_latent_0,373,-0.012286370620131493
gp_latent_0,374,0.016696343198418617
gp_latent_0,375,0.0340607613325119
gp_latent_0,376,0.028728287667036057
gp_latent_0,377,-0.056371916085481644
gp_latent_0,378,-0.006438403390347958
gp_latent_0,379,0.014795387163758278
gp_latent_0,380,0.04062225669622421
gp_latent_0,381,0.03492726385593414
gp_latent_0,382,0.07555361092090607
gp_latent_0,383,-0.00423525320366025
gp_latent_0,384,0.044027019292116165
gp_latent_0,385,0.021474186331033707
gp_latent_0,386,0.05355125665664673
gp_latent_0,387,0.07003332674503326
gp_latent_0,388,0.09388470649719238
gp_latent_0,389,0.025480225682258606
gp_latent_0,390,0.018073027953505516
gp_latent_0,391,0.04530228674411774
gp_latent_0,392,0.09544584155082703
gp_latent_0,393,-0.04799153283238411
gp_latent_0,394,-0.06894369423389435
gp_latent_0,395,0.05132104828953743
gp_latent_0,396,-0.03696201369166374
gp_latent_0,397,0.017163248732686043
gp_latent_0,398,0.04780270531773567
gp_latent_0,399,0.014833101071417332
gp_latent_0,400,0.05500386655330658
gp_latent_0,401,0.018454819917678833
gp_latent_0,402,0.06284152716398239
gp_latent_0,403,0.0034282980486750603
gp_latent_0,404,-0.007548233959823847
gp_latent_0,405,-0.012461766600608826
gp_latent_0,406,0.009187551215291023
gp_latent_0,407,0.008274718187749386
gp_latent_0,408,0.0010432407725602388
gp_latent_0,409,0.010659215971827507
gp_latent_0,410,0.006149019114673138
gp_latent_0,411,0.017684048041701317
gp_latent_0,412,-0.006235964596271515
gp_latent_0,413,0.010598137974739075
gp_latent_0,414,-0.004037132021039724
gp_latent_0,415,0.06090836226940155
gp_latent_0,416,0.0045768748968839645
gp_latent_0,417,0.02901911363005638
gp_latent_0,418,-0.02650713548064232
gp_latent_0,419,-0.03693055361509323
gp_latent_0,420,0.012610547244548798
gp_latent_0,421,-0.016704430803656578
gp_latent_0,422,-0.007741065695881844
gp_latent_0,423,-0.015179791487753391
gp_latent_0,424,0.012942224740982056
gp_latent_0,425,-0.016988463699817657
gp_latent_0,426,0.013381225988268852
gp_latent_0,427,-0.008361920714378357
gp_latent_0,428,0.003048266051337123
gp_latent_0,429,0.03544773906469345
gp_latent_0,430,-0.01900608465075493
gp_latent_0,431,-0.002604101784527302
gp_latent_0,432,-0.0063913678750395775
gp_latent_0,433,0.00019871536642313004
gp_latent_0,434,0.008923856541514397
gp_latent_0,435,-0.0061229318380355835
gp_latent_0,436,0.027977457270026207
gp_latent_0,437,0.05488856881856918
gp_latent_0,438,0.015835139900445938
gp_latent_0,439,-0.029255477711558342
gp_latent_0,440,-0.01999589242041111
gp_latent_0,441,-0.028591733425855637
gp_latent_0,442,-0.0014289490645751357
gp_latent_0,443,0.0020045528654009104
gp_latent_0,444,0.020562658086419106
gp_latent_0,445,-0.033201977610588074
gp_latent_0,446,-0.029575159773230553
gp_latent_0,447,0.02047906443476677
gp_latent_0,448,-0.0034105186350643635
gp_latent_0,449,-0.005304115824401379
gp_latent_0,450,-0.01072610355913639
gp_latent_0,451,0.04612663388252258
gp_latent_0,452,0.023623475804924965
gp_latent_0,453,0.025728479027748108
gp_latent_0,454,0.036938559263944626
gp_latent_0,455,0.004583834670484066
gp_latent_0,456,0.006540341302752495
gp_latent_0,457,0.03742381930351257
gp_latent_0,458,0.06533397734165192
gp_latent_0,459,-0.006938316393643618
gp_latent_0,460,-0.018274279311299324
gp_latent_0,461,-0.0015248116105794907
gp_latent_0,462,-0.017314162105321884
gp_latent_0,463,0.0024379047099500895
gp_latent_0,464,-0.041337497532367706
gp_latent_0,465,-0.01461369451135397
gp_latent_0,466,-0.012836240231990814
gp_latent_0,467,0.05094445124268532
gp_latent_0,468,-0.0026436923071742058
gp_latent_0,469,-0.007029237225651741
gp_latent_0,470,0.02323804423213005
gp_latent_0,471,-0.010070671327412128
gp_latent_0,472,-0.02075432427227497
gp_latent_0,473,-0.006655189208686352
gp_latent_0,474,0.010236384347081184
gp_latent_0,475,-0.022811690345406532
gp_latent_0,476,-0.02942178025841713
gp_latent_0,477,-0.005049710161983967
gp_latent_0,478,0.006397034507244825
gp_latent_0,479,0.03502507135272026
gp_latent_0,480,0.01013606321066618
gp_latent_0,481,0.028851591050624847
gp_latent_0,482,0.053262438625097275
gp_latent_0,483,-0.03087657317519188
gp_latent_0,484,-0.023482199758291245
gp_latent_0,485,-0.03556297719478607
gp_latent_0,486,-0.02136879414319992
gp_latent_0,487,-0.017888396978378296
gp_latent_0,488,0.005743924994021654
gp_latent_0,489,0.004113477189093828
gp_latent_0,490,-0.012737864628434181
gp_latent_0,491,0.004163672216236591
gp_latent_0,492,-0.006491606589406729
gp_latent_0,493,-0.00408478919416666
gp_latent_0,494,0.006286201998591423
gp_latent_0,495,0.007456660736352205
gp_latent_0,496,0.0017537289531901479
gp_latent_0,497,0.006213102489709854
gp_latent_0,498,0.009815525263547897
gp_latent_0,499,0.009957966394722462
gp_latent_0,500,0.026386268436908722
gp_latent_0,501,0.043199241161346436
gp_latent_0,502,0.031607672572135925
gp_latent_0,503,0.039457980543375015
gp_latent_0,504,0.06673955172300339
gp_latent_0,505,-0.011010412126779556
gp_latent_0,506,-0.00043123471550643444
gp_latent_0,507,-0.0003718291118275374
gp_latent_0,508,0.0431840717792511
gp_latent_0,509,0.046876199543476105
gp_latent_0,510,0.033905088901519775
gp_latent_0,511,-0.005351869855076075
gp_latent_0,512,0.04110211133956909
gp_latent_0,513,0.014149041846394539
gp_latent_0,514,0.039718147367239
gp_latent_0,515,0.0037954384461045265
gp_latent_0,516,0.03680947422981262
gp_latent_0,517,0.028454873710870743
gp_latent_0,518,0.013531211763620377
gp_latent_0,519,0.0436546616256237
gp_latent_0,520,-0.03357928991317749
gp_latent_0,521,-0.03891385346651077
gp_latent_0,522,0.009496726095676422
gp_latent_0,523,0.004788695834577084
gp_latent_0,524,-0.003165977541357279
gp_latent_0,525,-0.07358347624540329
gp_latent_0,526,-0.05012456327676773
gp_latent_0,527,0.000838681124150753
gp_latent_0,528,0.02982228621840477
gp_latent_0,529,0.0030746813863515854
gp_latent_0,530,0.054038599133491516
gp_latent_0,531,0.060475707054138184
gp_latent_0,532,0.04612361267209053
gp_latent_0,533,-0.0023624820169061422
gp_latent_0,534,0.025130849331617355
gp_latent_0,535,-0.003665410913527012
gp_latent_0,536,-0.02846696227788925
gp_latent_0,537,-0.004545909818261862
gp_latent_0,538,0.02022496983408928
gp_latent_0,539,0.023014193400740623
gp_latent_0,540,0.01160659734159708
gp_latent_0,541,-0.0011823540553450584
gp_latent_0,542,0.009275536984205246
gp_latent_0,543,0.017187785357236862
gp_latent_0,544,-0.055168889462947845
gp_latent_0,545,-0.04938262328505516
gp_latent_0,546,-0.04919474571943283
gp_latent_0,547,-0.05065488442778587
gp_latent_0,548,-0.05493951588869095
gp_latent_0,549,-0.045453205704689026
gp_latent_0,550,-0.06842736154794693
gp_latent_0,551,0.016714448109269142
gp_latent_0,552,-0.06319180130958557
gp_latent_0,553,-0.07945602387189865
gp_latent_0,554,0.003180617233738303
gp_latent_0,555,0.008246190845966339
gp_latent_0,556,0.018040921539068222
gp_latent_0,557,0.017062515020370483
gp_latent_0,558,0.01940753310918808
gp_latent_0,559,-0.0010643077548593283
gp_latent_0,560,0.01422498095780611
gp_latent_0,561,0.02030128799378872
gp_latent_0,562,0.027883844450116158
gp_latent_0,563,0.0016452604904770851
gp_latent_0,564,0.014889782294631004
gp_latent_0,565,0.020265672355890274
gp_latent_0,566,0.014003627002239227
gp_latent_0,567,-0.00017720006871968508
gp_latent_0,568,0.010829785838723183
gp_latent_0,569,0.0003701695241034031
gp_latent_0,570,0.0052181752398610115
gp_latent_0,571,0.044162772595882416
gp_latent_0,572,0.010712633840739727
gp_latent_0,573,0.005449673160910606
gp_latent_0,574,0.013601915910840034
gp_latent_0,575,0.05055007338523865
gp_latent_0,576,0.06355949491262436
gp_latent_0,577,0.0633222907781601
gp_latent_0,578,0.06164806708693504
gp_latent_0,579,0.05121944844722748
gp_latent_0,580,0.06244353577494621
gp_latent_0,581,-0.010186559520661831
gp_latent_0,582,-0.06591872870922089
gp_latent_0,583,-0.03598606958985329
gp_latent_0,584,-0.058255165815353394
gp_latent_0,585,-0.0880662277340889
gp_latent_0,586,0.005350369028747082
gp_latent_0,587,0.01852799393236637
gp_latent_0,588,0.006249191239476204
gp_latent_0,589,0.027569152414798737
gp_latent_0,590,0.05367301031947136
gp_latent_0,591,0.0014620856381952763
gp_latent_0,592,0.06802886724472046
gp_latent_0,593,-0.051058702170848846
gp_latent_0,594,0.006882995832711458
gp_latent_0,595,-0.004527168348431587
gp_latent_0,596,-0.09629328548908234
gp_latent_0,597,-0.11195718497037888
gp_latent_0,598,-0.09032873809337616
gp_latent_0,599,-0.010867721401154995
gp_latent_0,600,-0.013882029801607132
gp_latent_0,601,-0.02132560685276985
gp_latent_0,602,0.021618856117129326
gp_latent_0,603,0.030810046941041946
gp_latent_0,604,0.03610832989215851
gp_latent_0,605,0.012059178203344345
gp_latent_0,606,0.027051258832216263
gp_latent_0,607,-0.00015193456783890724
gp_latent_0,608,0.037283457815647125
gp_latent_0,609,0.01237741019576788
gp_latent_0,610,0.01682044006884098
gp_latent_0,611,0.03765537217259407
gp_latent_0,612,0.06028783693909645
gp_latent_0,613,-0.02412421628832817
gp_latent_0,614,-0.03955193981528282
gp_latent_0,615,-0.04079093039035797
gp_latent_0,616,-0.03164885565638542
gp_latent_0,617,-0.03668515384197235
gp_latent_0,618,0.013596921227872372
gp_latent_0,619,0.0004232223145663738
gp_latent_0,620,0.008307963609695435
gp_latent_0,621,0.006964702159166336
gp_latent_0,622,-0.017658093944191933
gp_latent_0,623,-0.02380954474210739
gp_latent_0,624,-0.012885070405900478
gp_latent_0,625,0.008000437170267105
gp_latent_0,626,0.02355828508734703
gp_latent_0,627,0.04238388314843178
gp_latent_0,628,0.05038946121931076
gp_latent_0,629,0.024700405076146126
gp_latent_0,630,0.0044325003400444984
gp_latent_0,631,0.011773692443966866
gp_latent_0,632,0.017233991995453835
gp_latent_0,633,0.004084529355168343
gp_latent_0,634,-0.07029812783002853
gp_latent_0,635,-0.02093302458524704
gp_latent_0,636,0.0150334807112813
gp_latent_0,637,0.012533089146018028
gp_latent_0,638,-0.01779533363878727
gp_latent_0,639,0.05353076010942459
gp_latent_0,640,-0.009620082564651966
gp_latent_0,641,0.07160504162311554
gp_latent_0,642,-0.004946592263877392
gp_latent_0,643,-0.08895658701658249
gp_latent_0,644,-0.07965852320194244
gp_latent_0,645,-0.007143849041312933
gp_latent_0,646,-0.012016231194138527
gp_latent_0,647,-0.006639733910560608
gp_latent_0,648,0.006742452271282673
gp_latent_0,649,0.03959663212299347
gp_latent_0,650,0.016389230266213417
gp_latent_0,651,0.006314084865152836
gp_latent_0,652,0.04387091100215912
gp_latent_0,653,0.029675301164388657
gp_latent_0,654,0.020495159551501274
gp_latent_0,655,0.0073116980493068695
gp_latent_0,656,0.035148631781339645
gp_latent_0,657,0.020717792212963104
gp_latent_0,658,0.03739228844642639
gp_latent_0,659,0.04022933542728424
gp_latent_0,660,-0.04434475675225258
gp_latent_0,661,-0.029704922810196877
gp_latent_0,662,0.01894407346844673
gp_latent_0,663,0.0018159892642870545
gp_latent_0,664,-0.07679218053817749
gp_latent_0,665,-0.07065200060606003
gp_latent_0,666,0.0008256593719124794
gp_latent_0,667,0.02669445052742958
gp_latent_0,668,0.02848203293979168
gp_latent_0,669,-0.07942088693380356
gp_latent_0,670,-0.03791714832186699
gp_latent_0,671,0.015767550095915794
gp_latent_0,672,0.005882752127945423
gp_latent_0,673,0.004307913593947887
gp_latent_0,674,-0.038570210337638855
gp_latent_0,675,-0.046791043132543564
gp_latent_0,676,-0.04057968780398369
gp_latent_0,677,-0.057411305606365204
gp_latent_0,678,-0.06433741003274918
gp_latent_0,679,0.018641537055373192
gp_latent_0,680,0.007208886090666056
gp_latent_0,681,0.0168120376765728
gp_latent_0,682,0.00893724337220192
gp_latent_0,683,0.01061563566327095
gp_latent_0,684,0.015928803011775017
gp_latent_0,685,-0.0025129711721092463
gp_latent_0,686,-0.0005890587344765663
gp_latent_0,687,0.010067058727145195
gp_latent_0,688,0.022087695077061653
gp_latent_0,689,0.025936933234333992
gp_latent_0,690,-0.03400494530797005
gp_latent_0,691,-0.020117012783885002
gp_latent_0,692,0.0042997426353394985
gp_latent_0,693,0.06115945801138878
gp_latent_0,694,0.04199342429637909
gp_latent_0,695,0.06759290397167206
gp_latent_0,696,0.07031384110450745
gp_latent_0,697,0.06400381773710251
gp_latent_0,698,0.07697346806526184
gp_latent_0,699,0.08530598133802414
gp_latent_0,700,0.0639757588505745
gp_latent_0,701,0.0723620131611824
gp_latent_0,702,0.021598627790808678
gp_latent_0,703,-0.05862101539969444
gp_latent_0,704,0.005564686842262745
gp_latent_0,705,0.009339755401015282
gp_latent_0,706,0.0077628022991120815
gp_latent_0,707,0.024730980396270752
gp_latent_0,708,0.014223067089915276
gp_latent_0,709,-0.08658518642187119
gp_latent_0,710,-0.09138389676809311
gp_latent_0,711,-0.02515438012778759
gp_latent_0,712,0.001272045075893402
gp_latent_0,713,-0.01601824164390564
gp_latent_0,714,-0.0012791906483471394
gp_latent_0,715,0.013270145282149315
gp_latent_0,716,-0.017811723053455353
gp_latent_0,717,0.028663383796811104
gp_latent_0,718,0.030714724212884903
gp_latent_0,719,0.01886153593659401
gp_latent_0,720,0.016108283773064613
gp_latent_0,721,0.04240337759256363
gp_latent_0,722,0.03182682767510414
gp_latent_0,723,0.00633014552295208
gp_latent_0,724,-0.030251167714595795
gp_latent_0,725,-0.0030216402374207973
gp_latent_0,726,-0.0023362559732049704
gp_latent_0,727,0.005249089561402798
gp_latent_0,728,0.01603512465953827
gp_latent_0,729,-0.013125447556376457
gp_latent_0,730,0.019344884902238846
gp_latent_0,731,-0.04292934015393257
gp_latent_0,732,-0.06757719814777374
gp_latent_0,733,0.020093008875846863
gp_latent_0,734,0.003978722728788853
gp_latent_0,735,0.058855053037405014
gp_latent_0,736,0.004665517248213291
gp_latent_0,737,0.0191534124314785
gp_latent_0,738,-0.0069758035242557526
gp_latent_0,739,0.039150916039943695
gp_latent_0,740,-0.04664984345436096
gp_latent_0,741,0.056565385311841965
gp_latent_0,742,0.003643670119345188
gp_latent_0,743,0.028160203248262405
gp_latent_0,744,0.007735026068985462
gp_latent_0,745,-0.012932764366269112
gp_latent_0,746,0.0012954036938026547
gp_latent_0,747,0.009502418339252472
gp_latent_0,748,0.050536636263132095
gp_latent_0,749,-0.038579151034355164
gp_latent_0,750,0.010174489580094814
gp_latent_0,751,-0.003205015789717436
gp_latent_0,752,0.034833937883377075
gp_latent_0,753,0.030551034957170486
gp_latent_0,754,-0.0020267951767891645
gp_latent_0,755,0.00022525695385411382
gp_latent_0,756,0.01734209433197975
gp_latent_0,757,-0.009738218039274216
gp_latent_0,758,-0.009455067105591297
gp_latent_0,759,0.05319645255804062
gp_latent_0,760,0.05063764378428459
gp_latent_0,761,-0.03659973666071892
gp_latent_0,762,0.01609981060028076
gp_latent_0,763,-0.004851249046623707
gp_latent_0,764,0.012615026906132698
gp_latent_0,765,-0.02774733677506447
gp_latent_0,766,-0.03778818994760513
gp_latent_0,767,-0.041167035698890686
gp_latent_0,768,0.035586196929216385
gp_latent_0,769,0.020929161459207535
gp_latent_0,770,0.03145480901002884
gp_latent_0,771,0.03982537239789963
gp_latent_0,772,0.08720235526561737
gp_latent_0,773,0.00945073738694191
gp_latent_0,774,-0.07621733844280243
gp_latent_0,775,-0.08117726445198059
gp_latent_0,776,0.0466851145029068
gp_latent_0,777,0.04000367596745491
gp_latent_0,778,-0.02125186286866665
gp_latent_0,779,0.011316019110381603
gp_latent_0,780,-0.010940139181911945
gp_latent_0,781,0.0731424018740654
gp_latent_0,782,0.07854452729225159
gp_latent_0,783,0.059361934661865234
gp_latent_0,784,0.05933407321572304
gp_latent_0,785,-0.01194481085985899
gp_latent_0,786,-0.012542253360152245
gp_latent_0,787,0.0031084984075278044
gp_latent_0,788,0.0012797052040696144
gp_latent_0,789,-0.07089809328317642
gp_latent_0,790,-0.08351889252662659
gp_latent_0,791,-0.09517910331487656
gp_latent_0,792,-0.08733946830034256
gp_latent_0,793,0.017284924164414406
gp_latent_0,794,0.012921064160764217
gp_latent_0,795,0.00571716483682394
gp_latent_0,796,-0.045413147658109665
gp_latent_0,797,0.010019219480454922
gp_latent_0,798,-0.03948431462049484
gp_latent_0,799,-0.019429218024015427
gp_latent_0,800,-0.00757746584713459
gp_latent_0,801,-0.006060602609068155
gp_latent_0,802,-0.014537372626364231
gp_latent_0,803,0.04242582246661186
gp_latent_0,804,-0.026855794712901115
gp_latent_0,805,-0.02218439429998398
gp_latent_0,806,-0.011336112394928932
gp_latent_0,807,0.0028889901004731655
gp_latent_0,808,0.04858703538775444
gp_latent_0,809,0.02360769733786583
gp_latent_0,810,0.05884175002574921
gp_latent_0,811,-0.003653903491795063
gp_latent_0,812,-0.001657652435824275
gp_latent_0,813,0.003469509771093726
gp_latent_0,814,0.002496588509529829
gp_latent_0,815,0.033083878457546234
gp_latent_0,816,-0.015129398554563522
gp_latent_0,817,-0.017537923529744148
gp_latent_0,818,-0.019383622333407402
gp_latent_0,819,0.012580802664160728
gp_latent_0,820,0.033087108284235
gp_latent_0,821,0.05732693895697594
gp_latent_0,822,0.015477605164051056
gp_latent_0,823,0.004896367434412241
gp_latent_0,824,-0.0021268443670123816
gp_latent_0,825,0.0014289248501881957
gp_latent_0,826,0.012548317201435566
gp_latent_0,827,-0.015122324228286743
gp_latent_0,828,-0.009989721700549126
gp_latent_0,829,-0.022091079503297806
gp_latent_0,830,0.006740630604326725
gp_latent_0,831,0.010743675753474236
gp_latent_0,832,0.025051282718777657
gp_latent_0,833,-0.029900813475251198
gp_latent_0,834,0.015949757769703865
gp_latent_0,835,0.01817071996629238
gp_latent_0,836,-0.037905674427747726
gp_latent_0,837,-0.0033191624097526073
gp_latent_0,838,0.021381255239248276
gp_latent_0,839,-0.035447269678115845
gp_latent_0,840,0.05774602293968201
gp_latent_0,841,0.02000363916158676
gp_latent_0,842,-0.034093473106622696
gp_latent_0,843,-0.03699887916445732
gp_latent_0,844,-0.025845956057310104
gp_latent_0,845,-0.024298768490552902
gp_latent_0,846,-0.013774696737527847
gp_latent_0,847,-0.022027771919965744
gp_latent_0,848,0.008304216898977757
gp_latent_0,849,-0.0052465409971773624
gp_latent_0,850,0.023906396701931953
gp_latent_0,851,0.05194764584302902
gp_latent_0,852,-0.04591904580593109
gp_latent_0,853,-0.020451180636882782
gp_latent_0,854,-0.02366037666797638
gp_latent_0,855,-0.01642397604882717
gp_latent_0,856,-0.004201227333396673
gp_latent_0,857,0.06901168078184128
gp_latent_0,858,-0.01003495417535305
gp_latent_0,859,-0.08931669592857361
gp_latent_0,860,-0.091007761657238
gp_latent_0,861,-0.08883700519800186
gp_latent_0,862,-0.01351728942245245
gp_latent_0,863,-0.018065666779875755
gp_latent_0,864,-0.016527967527508736
gp_latent_0,865,0.014604560099542141
gp_latent_0,866,-0.04214667156338692
gp_latent_0,867,0.010676207020878792
gp_latent_0,868,-0.03815329447388649
gp_latent_0,869,0.005497590638697147
gp_latent_0,870,0.019762415438890457
gp_latent_0,871,-0.07883242517709732
gp_latent_0,872,-0.039637524634599686
gp_latent_0,873,-0.05087239667773247
gp_latent_0,874,-0.019424865022301674
gp_latent_0,875,0.07253345847129822
gp_latent_0,876,-0.01868048869073391
gp_latent_0,877,0.07110168039798737
gp_latent_0,878,-0.040748532861471176
gp_latent_0,879,-0.013932054862380028
gp_latent_0,880,0.004837767221033573
gp_latent_0,881,-0.005948517471551895
gp_latent_0,882,0.0014501656405627728
gp_latent_0,883,0.020627334713935852
gp_latent_0,884,-0.01191035658121109
gp_latent_0,885,-0.004976796917617321
gp_latent_0,886,-0.01129644550383091
gp_latent_0,887,0.02619960345327854
gp_latent_0,888,0.00954306311905384
gp_latent_0,889,-0.006867066025733948
gp_latent_0,890,-0.02354191057384014
gp_latent_0,891,-0.03338500112295151
gp_latent_0,892,0.012139608152210712
gp_latent_0,893,0.021189920604228973
gp_latent_0,894,0.015106650069355965
gp_latent_0,895,-0.020048104226589203
gp_latent_0,896,-0.016624510288238525
gp_latent_0,897,-0.016521669924259186
gp_latent_0,898,-0.0034173778258264065
gp_latent_0,899,0.01709611900150776
gp_latent_0,900,-0.00704063568264246
gp_latent_0,901,0.001514047384262085
gp_latent_0,902,0.0019451677799224854
gp_latent_0,903,0.016997352242469788
gp_latent_0,904,0.031211763620376587
gp_latent_0,905,0.025697676464915276
gp_latent_0,906,0.0050320010632276535
gp_latent_0,907,0.01984727382659912
gp_latent_0,908,-0.00863324198871851
gp_latent_0,909,0.01260958332568407
gp_latent_0,910,0.00935597438365221
gp_latent_0,911,0.000799025408923626
gp_latent_0,912,-0.009343607351183891
gp_latent_0,913,-0.0020566945895552635
gp_latent_0,914,0.0007295779651030898
gp_latent_0,915,0.02742362581193447
gp_latent_0,916,0.00024573318660259247
gp_latent_0,917,0.01642417348921299
gp_latent_0,918,0.0006518567679449916
gp_latent_0,919,0.02967449091374874
gp_latent_0,920,-0.015219639986753464
gp_latent_0,921,0.008163198828697205
gp_latent_0,922,-0.010335966944694519
gp_latent_0,923,0.010592103004455566
gp_latent_0,924,0.005805178079754114
gp_latent_0,925,-0.012409199960529804
gp_latent_0,926,0.013865356333553791
gp_latent_0,927,-0.006809675600379705
gp_latent_0,928,-0.01299474760890007
gp_latent_0,929,-0.0014079646207392216
gp_latent_0,930,0.004534142091870308
gp_latent_0,931,-0.023146823048591614
gp_latent_0,932,-0.021952521055936813
gp_latent_0,933,-0.01761735789477825
gp_latent_0,934,0.037161797285079956
gp_latent_0,935,0.04755197465419769
gp_latent_0,936,-0.007242628838866949
gp_latent_0,937,-0.023585207760334015
gp_latent_0,938,0.02861586958169937
gp_latent_0,939,-0.015199065208435059
gp_latent_0,940,0.016558853909373283
gp_latent_0,941,0.012666959315538406
gp_latent_0,942,0.018883399665355682
gp_latent_0,943,-0.006528119556605816
gp_latent_0,944,0.0005781688378192484
gp_latent_0,945,-0.007073939312249422
gp_latent_0,946,-0.013177121058106422
gp_latent_0,947,0.0021466524340212345
gp_latent_0,948,-0.006611846387386322
gp_latent_0,949,0.0012616398744285107
gp_latent_1,0,-0.021755129098892212
gp_latent_1,1,-0.005267011933028698
gp_latent_1,2,-0.06686229258775711
gp_latent_1,3,0.03361016884446144
gp_latent_1,4,0.04821003973484039
gp_latent_1,5,0.011565960012376308
gp_latent_1,6,0.006319901905953884
gp_latent_1,7,-0.026297368109226227
gp_latent_1,8,-0.06284037232398987
gp_latent_1,9,0.0016574831679463387
gp_latent_1,10,-0.029362685978412628
gp_latent_1,11,0.003785831620916724
gp_latent_1,12,0.06955011934041977
gp_latent_1,13,0.05975014716386795
gp_latent_1,14,0.04085611552000046
gp_latent_1,15,0.024763865396380424
gp_latent_1,16,-0.027054958045482635
gp_latent_1,17,0.019539227709174156
gp_latent_1,18,0.015295630320906639
gp_latent_1,19,0.0076610492542386055
gp_latent_1,20,0.019882548600435257
gp_latent_1,21,-0.04698964208364487
gp_latent_1,22,-0.011610377579927444
gp_latent_1,23,0.014533317647874355
gp_latent_1,24,-0.07542578130960464
gp_latent_1,25,0.030466770753264427
gp_latent_1,26,-0.022517791017889977
gp_latent_1,27,-0.035919032990932465
gp_latent_1,28,0.0093203354626894
gp_latent_1,29,0.0004542740061879158
gp_latent_1,30,0.011941992677748203
gp_latent_1,31,0.0044700270518660545
gp_latent_1,32,-0.004161224700510502
gp_latent_1,33,-0.004114183131605387
gp_latent_1,34,0.044369250535964966
gp_latent_1,35,0.04014570266008377
gp_latent_1,36,-0.011005805805325508
gp_latent_1,37,0.009036228992044926
gp_latent_1,38,0.032635122537612915
gp_latent_1,39,0.0033800210803747177
gp_latent_1,40,-0.01288848090916872
gp_latent_1,41,-0.04654478281736374
gp_latent_1,42,0.018121110275387764
gp_latent_1,43,0.01796209067106247
gp_latent_1,44,-0.036824095994234085
gp_latent_1,45,0.007898273877799511
gp_latent_1,46,0.008266646414995193
gp_latent_1,47,-0.031605158001184464
gp_latent_1,48,0.0011686984216794372
gp_latent_1,49,0.026729939505457878
gp_latent_1,50,-0.019830821081995964
gp_latent_1,51,0.011645553633570671
gp_latent_1,52,-0.009809012524783611
gp_latent_1,53,0.012831758707761765
gp_latent_1,54,-0.007400512229651213
gp_latent_1,55,0.04071817919611931
gp_latent_1,56,0.010298017412424088
gp_latent_1,57,-0.03588945046067238
gp_latent_1,58,0.015319239348173141
gp_latent_1,59,-0.04987373203039169
gp_latent_1,60,0.0037186285480856895
gp_latent_1,61,-0.009119901806116104
gp_latent_1,62,-0.01213635690510273
gp_latent_1,63,-0.03830082714557648
gp_latent_1,64,0.011508665047585964
gp_latent_1,65,-0.018911361694335938
gp_latent_1,66,-0.021128801628947258
gp_latent_1,67,-0.03359273076057434
gp_latent_1,68,0.013976279646158218
gp_latent_1,69,0.007646518759429455
gp_latent_1,70,-0.004377133212983608
gp_latent_1,71,0.024942947551608086
gp_latent_1,72,0.01512623205780983
gp_latent_1,73,-0.016765009611845016
gp_latent_1,74,0.010515964590013027
gp_latent_1,75,0.04784072935581207
gp_latent_1,76,0.021811621263623238
gp_latent_1,77,0.026044949889183044
gp_latent_1,78,0.021636363118886948
gp_latent_1,79,-0.041235897690057755
gp_latent_1,80,0.027930520474910736
gp_latent_1,81,0.03621239587664604
gp_latent_1,82,0.00446811318397522
gp_latent_1,83,0.013439297676086426
gp_latent_1,84,-0.016438404098153114
gp_latent_1,85,-0.007769035641103983
gp_latent_1,86,0.009751971811056137
gp_latent_1,87,-0.0009764530695974827
gp_latent_1,88,0.0011982987634837627
gp_latent_1,89,0.014967743307352066
gp_latent_1,90,-0.003144890768453479
gp_latent_1,91,-0.009042180143296719
gp_latent_1,92,-0.03591805696487427
gp_latent_1,93,-0.01999688893556595
gp_latent_1,94,-0.021030792966485023
gp_latent_1,95,0.003214180702343583
gp_latent_1,96,0.005831347778439522
gp_latent_1,97,-0.006319000385701656
gp_latent_1,98,0.02408023178577423
gp_latent_1,99,0.026392150670289993
gp_latent_1,100,0.0050328392535448074
gp_latent_1,101,0.02392733097076416
gp_latent_1,102,0.019141897559165955
gp_latent_1,103,-0.003027423983439803
gp_latent_1,104,0.013811418786644936
gp_latent_1,105,0.01789538748562336
gp_latent_1,106,5.416525527834892e-05
gp_latent_1,107,0.0023876596242189407
gp_latent_1,108,0.06020677462220192
gp_latent_1,109,0.0683470070362091
gp_latent_1,110,0.0471280962228775
gp_latent_1,111,0.07340529561042786
gp_latent_1,112,0.06075083091855049
gp_latent_1,113,-0.0070139747112989426
gp_latent_1,114,0.015250105410814285
gp_latent_1,115,-0.0031192628666758537
gp_latent_1,116,-0.014958852902054787
gp_latent_1,117,0.008268113248050213
gp_latent_1,118,-8.20215791463852e-06
gp_latent_1,119,-0.00786640215665102
gp_latent_1,120,-0.04530389979481697
gp_latent_1,121,0.006463672965764999
gp_latent_1,122,0.003951764665544033
gp_latent_1,123,0.060030367225408554
gp_latent_1,124,-0.0351838544011116
gp_latent_1,125,0.04107671603560448
gp_latent_1,126,0.0029073674231767654
gp_latent_1,127,0.004131039138883352
gp_latent_1,128,-0.00042017875239253044
gp_latent_1,129,-0.006112152244895697
gp_latent_1,130,-0.016105255112051964
gp_latent_1,131,0.015536414459347725
gp_latent_1,132,0.000260957982391119
gp_latent_1,133,-0.01988212764263153
gp_latent_1,134,0.0070296223275363445
gp_latent_1,135,-0.008355950005352497
gp_latent_1,136,-0.01484036073088646
gp_latent_1,137,-0.05484120547771454
gp_latent_1,138,-0.05053505301475525
gp_latent_1,139,-0.04293554276227951
gp_latent_1,140,0.010938722640275955
gp_latent_1,141,-0.013046452775597572
gp_latent_1,142,0.04332976043224335
gp_latent_1,143,0.05063525214791298
gp_latent_1,144,0.010179468430578709
gp_latent_1,145,-0.012676732614636421
gp_latent_1,146,0.0128938565030694
gp_latent_1,147,0.011480361223220825
gp_latent_1,148,0.014207391068339348
gp_latent_1,149,0.015390852466225624
gp_latent_1,150,0.01318183820694685
gp_latent_1,151,-0.011003676801919937
gp_latent_1,152,-0.0034329667687416077
gp_latent_1,153,0.0028989678248763084
gp_latent_1,154,-0.017175808548927307
gp_latent_1,155,0.00548057584092021
gp_latent_1,156,-0.01446464005857706
gp_latent_1,157,-0.008466366678476334
gp_latent_1,158,0.040110599249601364
gp_latent_1,159,0.0113253528252244
gp_latent_1,160,-0.014015734195709229
gp_latent_1,161,0.0018390519544482231
gp_latent_1,162,-0.01926570013165474
gp_latent_1,163,-0.00015458930283784866
gp_latent_1,164,-0.004094747826457024
gp_latent_1,165,0.003046554746106267
gp_latent_1,166,0.008023484610021114
gp_latent_1,167,-0.021596357226371765
gp_latent_1,168,0.01460123062133789
gp_latent_1,169,0.014989488758146763
gp_latent_1,170,0.0059982724487781525
gp_latent_1,171,0.004929660353809595
gp_latent_1,172,0.022497979924082756
gp_latent_1,173,0.0006194980815052986
gp_latent_1,174,-0.024299059063196182
gp_latent_1,175,-0.04420342296361923
gp_latent_1,176,-0.06942187249660492
gp_latent_1,177,-0.0019725486636161804
gp_latent_1,178,0.009694177657365799
gp_latent_1,179,0.009921537712216377
gp_latent_1,180,-0.055551398545503616
gp_latent_1,181,0.004948284476995468
gp_latent_1,182,-0.0026626288890838623
gp_latent_1,183,-0.003412771038711071
gp_latent_1,184,-0.010222390294075012
gp_latent_1,185,0.016715366393327713
gp_latent_1,186,0.021406039595603943
gp_latent_1,187,-0.020747531205415726
gp_latent_1,188,0.018123911693692207
gp_latent_1,189,-0.016317326575517654
gp_latent_1,190,-0.06757216155529022
gp_latent_1,191,-0.015816114842891693
gp_latent_1,192,-0.03799741715192795
gp_latent_1,193,-0.03873900696635246
gp_latent_1,194,0.0308261439204216
gp_latent_1,195,-0.05656091868877411
gp_latent_1,196,0.015655551105737686
gp_latent_1,197,-0.01934143900871277
gp_latent_1,198,0.012556923553347588
gp_latent_1,199,-0.033910028636455536
gp_latent_1,200,-0.012091984041035175
gp_latent_1,201,0.012526627629995346
gp_latent_1,202,0.03129841759800911
gp_latent_1,203,0.025637701153755188
gp_latent_1,204,0.007453283295035362
gp_latent_1,205,0.0036295498721301556
gp_latent_1,206,0.03601044416427612
gp_latent_1,207,0.009220147505402565
gp_latent_1,208,-0.008684627711772919
gp_latent_1,209,-0.014909416437149048
gp_latent_1,210,0.026813972741365433
gp_latent_1,211,0.02698834054172039
gp_latent_1,212,-0.018809063360095024
gp_latent_1,213,0.002142916200682521
gp_latent_1,214,0.01354992762207985
gp_latent_1,215,0.01353059709072113
gp_latent_1,216,0.04029444605112076
gp_latent_1,217,-0.013853911310434341
gp_latent_1,218,0.0058436826802790165
gp_latent_1,219,-0.010517644695937634
gp_latent_1,220,-0.005585033446550369
gp_latent_1,221,-0.02187987230718136
gp_latent_1,222,0.018108800053596497
gp_latent_1,223,0.01294957660138607
gp_latent_1,224,0.022713059559464455
gp_latent_1,225,0.003783267689868808
gp_latent_1,226,-0.019556932151317596
gp_latent_1,227,-0.027102425694465637
gp_latent_1,228,-0.023399600759148598
gp_latent_1,229,-0.009151777252554893
gp_latent_1,230,-0.0336918942630291
gp_latent_1,231,-0.01669076830148697
gp_latent_1,232,0.018734682351350784
gp_latent_1,233,0.005409967619925737
gp_latent_1,234,-0.001161268912255764
gp_latent_1,235,0.00479546282440424
gp_latent_1,236,0.02316100522875786
gp_latent_1,237,-0.007209328003227711
gp_latent_1,238,0.003032827749848366
gp_latent_1,239,0.002098958007991314
gp_latent_1,240,0.01050026249140501
gp_latent_1,241,0.017745891585946083
gp_latent_1,242,-0.004665355198085308
gp_latent_1,243,0.04211701452732086
gp_latent_1,244,0.02543358877301216
gp_latent_1,245,0.012057934887707233
gp_latent_1,246,0.0028896727599203587
gp_latent_1,247,0.03040364198386669
gp_latent_1,248,0.02443387731909752
gp_latent_1,249,0.015060581266880035
gp_latent_1,250,0.006638757884502411
gp_latent_1,251,0.0015676290495321155
gp_latent_1,252,-0.02778724953532219
gp_latent_1,253,0.0015358757227659225
gp_latent_1,254,0.05529015138745308
gp_latent_1,255,0.019016556441783905
gp_latent_1,256,-0.019038759171962738
gp_latent_1,257,-0.004207147751003504
gp_latent_1,258,-0.005727129988372326
gp_latent_1,259,0.030254092067480087
gp_latent_1,260,0.01824803277850151
gp_latent_1,261,0.011857595294713974
gp_latent_1,262,0.004718076903373003
gp_latent_1,263,0.013240871950984001
gp_latent_1,264,0.01628996804356575
gp_latent_1,265,-0.03118312358856201
gp_latent_1,266,-0.009754104539752007
gp_latent_1,267,-0.0064565688371658325
gp_latent_1,268,-0.03621700033545494
gp_latent_1,269,-0.040751319378614426
gp_latent_1,270,-0.0477302260696888
gp_latent_1,271,0.006145667750388384
gp_latent_1,272,0.013808438554406166
gp_latent_1,273,0.0455806590616703
gp_latent_1,274,-0.001851400826126337
gp_latent_1,275,0.007820885628461838
gp_latent_1,276,-0.018679561093449593
gp_latent_1,277,0.028856517747044563
gp_latent_1,278,-0.0241838525980711
gp_latent_1,279,-0.02727573737502098
gp_latent_1,280,0.005162362940609455
gp_latent_1,281,-0.0034439219161868095
gp_latent_1,282,0.01634254679083824
gp_latent_1,283,0.012442857027053833
gp_latent_1,284,-0.022863175719976425
gp_latent_1,285,-0.04009898379445076
gp_latent_1,286,-0.004085825756192207
gp_latent_1,287,-0.00680570537224412
gp_latent_1,288,0.020277313888072968
gp_latent_1,289,0.0017699524760246277
gp_latent_1,290,0.022544758394360542
gp_latent_1,291,-0.0003024549223482609
gp_latent_1,292,-0.010224631056189537
gp_latent_1,293,-0.028719784691929817
gp_latent_1,294,-0.0207077544182539
gp_latent_1,295,0.0046702418476343155
gp_latent_1,296,-0.0023269192315638065
gp_latent_1,297,-0.026929590851068497
gp_latent_1,298,0.0024382066912949085
gp_latent_1,299,-0.024399301037192345
gp_latent_1,300,-0.022670775651931763
gp_latent_1,301,-0.03879370540380478
gp_latent_1,302,-0.026278849691152573
gp_latent_1,303,0.005980714689940214
gp_latent_1,304,-0.0174892358481884
gp_latent_1,305,0.0040908814407885075
gp_latent_1,306,-0.003933430649340153
gp_latent_1,307,-0.02201385609805584
gp_latent_1,308,-0.0567316971719265
gp_latent_1,309,-0.013051527552306652
gp_latent_1,310,0.03189997375011444
gp_latent_1,311,-0.05115412920713425
gp_latent_1,312,0.02844233438372612
gp_latent_1,313,-0.000586541136726737
gp_latent_1,314,-0.05226720869541168
gp_latent_1,315,-0.05192899703979492
gp_latent_1,316,0.01755448430776596
gp_latent_1,317,-0.004325672052800655
gp_latent_1,318,-0.004614770412445068
gp_latent_1,319,-0.006849096156656742
gp_latent_1,320,0.030796421691775322
gp_latent_1,321,-0.0017812983132898808
gp_latent_1,322,0.027799714356660843
gp_latent_1,323,-0.011414565145969391
gp_latent_1,324,0.0020040269009768963
gp_latent_1,325,0.006429975386708975
gp_latent_1,326,-0.007865352556109428
gp_latent_1,327,-0.0054963198490440845
gp_latent_1,328,-0.0018258008640259504
gp_latent_1,329,-0.016241461038589478
gp_latent_1,330,-0.004175977781414986
gp_latent_1,331,0.006820501759648323
gp_latent_1,332,-0.022288816049695015
gp_latent_1,333,-0.02649819850921631
gp_latent_1,334,-0.002008996671065688
gp_latent_1,335,0.02223338559269905
gp_latent_1,336,-0.015896543860435486
gp_latent_1,337,-0.013008651323616505
gp_latent_1,338,0.019951291382312775
gp_latent_1,339,0.007315716240555048
gp_latent_1,340,-0.005246798042207956
gp_latent_1,341,0.035470329225063324
gp_latent_1,342,0.023194923996925354
gp_latent_1,343,0.0025098109617829323
gp_latent_1,344,0.026375753805041313
gp_latent_1,345,-0.007807868532836437
gp_latent_1,346,-0.02222619205713272
gp_latent_1,347,0.014716732315719128
gp_latent_1,348,0.018926456570625305
gp_latent_1,349,-0.012840614654123783
gp_latent_1,350,-0.05748622864484787
gp_latent_1,351,-0.04825375974178314
gp_latent_1,352,-0.005110651254653931
gp_latent_1,353,0.022935470566153526
gp_latent_1,354,-0.028355108574032784
gp_latent_1,355,-0.009776510298252106
gp_latent_1,356,-0.045102331787347794
gp_latent_1,357,0.012205292470753193
gp_latent_1,358,-0.018593214452266693
gp_latent_1,359,-0.02745242789387703
gp_latent_1,360,0.039602119475603104
gp_latent_1,361,-0.003163338638842106
gp_latent_1,362,-0.025310764089226723
gp_latent_1,363,0.011907173320651054
gp_latent_1,364,-0.007563767023384571
gp_latent_1,365,0.06452285498380661
gp_latent_1,366,-0.0177292563021183
gp_latent_1,367,0.03849310800433159
gp_latent_1,368,0.0031230193562805653
gp_latent_1,369,-0.01386076770722866
gp_latent_1,370,0.012117081321775913
gp_latent_1,371,-0.01276182010769844
gp_latent_1,372,-0.05301983281970024
gp_latent_1,373,0.02365518920123577
gp_latent_1,374,-0.03994627669453621
gp_latent_1,375,-0.01884472742676735
gp_latent_1,376,-0.0016211173497140408
gp_latent_1,377,0.0196211114525795
gp_latent_1,378,0.04360654950141907
gp_latent_1,379,-0.046850766986608505
gp_latent_1,380,-0.005775699857622385
gp_latent_1,381,-0.03814562037587166
gp_latent_1,382,-0.01772318035364151
gp_latent_1,383,0.009302809834480286
gp_latent_1,384,-0.02163701318204403
gp_latent_1,385,-0.01825215294957161
gp_latent_1,386,-0.04144487529993057
gp_latent_1,387,-0.011132664047181606
gp_latent_1,388,-0.02605191431939602
gp_latent_1,389,-0.009557027369737625
gp_latent_1,390,-0.005077817011624575
gp_latent_1,391,-0.02246943674981594
gp_latent_1,392,-0.01657656952738762
gp_latent_1,393,-0.006225356366485357
gp_latent_1,394,-0.0008704575011506677
gp_latent_1,395,-0.03106152079999447
gp_latent_1,396,0.014296288602054119
gp_latent_1,397,-0.05328631028532982
gp_latent_1,398,-0.0014788232510909438
gp_latent_1,399,-0.07781334966421127
gp_latent_1,400,-0.029063796624541283
gp_latent_1,401,-0.028989722952246666
gp_latent_1,402,-0.038165487349033356
gp_latent_1,403,-0.026871919631958008
gp_latent_1,404,-0.004188302904367447
gp_latent_1,405,0.019386691972613335
gp_latent_1,406,0.017235837876796722
gp_latent_1,407,0.0043097445741295815
gp_latent_1,408,0.0014371434226632118
gp_latent_1,409,-0.0034807799383997917
gp_latent_1,410,0.008280876092612743
gp_latent_1,411,-0.032071974128484726
gp_latent_1,412,-0.025332696735858917
gp_latent_1,413,-0.014250358566641808
gp_latent_1,414,-0.0038054015021771193
gp_latent_1,415,0.006321159657090902
gp_latent_1,416,-0.05605677142739296
gp_latent_1,417,-0.012497779913246632
gp_latent_1,418,0.015803039073944092
gp_latent_1,419,0.01352668646723032
gp_latent_1,420,-0.010465703904628754
gp_latent_1,421,-0.005269286688417196
gp_latent_1,422,-0.04586014896631241
gp_latent_1,423,0.012099343352019787
gp_latent_1,424,-0.008520223200321198
gp_latent_1,425,-0.007004252634942532
gp_latent_1,426,-0.010631585493683815
gp_latent_1,427,-0.001644220668822527
gp_latent_1,428,-0.03484749048948288
gp_latent_1,429,0.02655300311744213
gp_latent_1,430,0.017502253875136375
gp_latent_1,431,-0.0012529997620731592
gp_latent_1,432,-0.002578075509518385
gp_latent_1,433,0.0050271134823560715
gp_latent_1,434,-0.019236259162425995
gp_latent_1,435,-0.011213940568268299
gp_latent_1,436,0.010075108148157597
gp_latent_1,437,-0.0053764223121106625
gp_latent_1,438,-0.041654154658317566
gp_latent_1,439,0.017580877989530563
gp_latent_1,440,0.041868697851896286
gp_latent_1,441,0.012613470666110516
gp_latent_1,442,0.026668692007660866
gp_latent_1,443,0.014023629017174244
gp_latent_1,444,-0.016765519976615906
gp_latent_1,445,0.012815591879189014
gp_latent_1,446,-0.004072916228324175
gp_latent_1,447,-0.009196171537041664
gp_latent_1,448,-0.00546968774870038
gp_latent_1,449,-0.01947103440761566
gp_latent_1,450,-0.019705843180418015
gp_latent_1,451,-0.05529031157493591
gp_latent_1,452,-0.06829838454723358
gp_latent_1,453,-0.05102125555276871
gp_latent_1,454,0.0715734213590622
gp_latent_1,455,0.009179342538118362
gp_latent_1,456,-0.0014101255219429731
gp_latent_1,457,-0.06432188302278519
gp_latent_1,458,-0.00819467008113861
gp_latent_1,459,0.014639729633927345
gp_latent_1,460,-0.016904857009649277
gp_latent_1,461,-0.05179072543978691
gp_latent_1,462,0.013620644807815552
gp_latent_1,463,1.9591301679611206e-05
gp_latent_1,464,0.004942908883094788
gp_latent_1,465,-0.020634517073631287
gp_latent_1,466,-0.0027777093928307295
gp_latent_1,467,0.07293687015771866
gp_latent_1,468,-0.024573924019932747
gp_latent_1,469,-0.0072453999891877174
gp_latent_1,470,0.03529558330774307
gp_latent_1,471,-0.028486773371696472
gp_latent_1,472,0.03906620666384697
gp_latent_1,473,0.011345753446221352
gp_latent_1,474,-0.011407515034079552
gp_latent_1,475,0.022523408755660057
gp_latent_1,476,0.03151886165142059
gp_latent_1,477,0.0070928423665463924
gp_latent_1,478,0.006657656282186508
gp_latent_1,479,0.006894512102007866
gp_latent_1,480,-0.0153681430965662
gp_latent_1,481,0.04534938931465149
gp_latent_1,482,-0.06032749265432358
gp_latent_1,483,0.013486666604876518
gp_latent_1,484,0.031009476631879807
gp_latent_1,485,0.02496028132736683
gp_latent_1,486,0.02959418296813965
gp_latent_1,487,0.03100559674203396
gp_latent_1,488,0.012753172777593136
gp_latent_1,489,0.006903219968080521
gp_latent_1,490,0.015148662030696869
gp_latent_1,491,-0.011909320950508118
gp_latent_1,492,0.016430163756012917
gp_latent_1,493,-0.0009664554381743073
gp_latent_1,494,-0.008243046700954437
gp_latent_1,495,-0.006398333702236414
gp_latent_1,496,-0.0036280371714383364
gp_latent_1,497,-0.010064220987260342
gp_latent_1,498,-0.005822594743221998
gp_latent_1,499,-0.018536802381277084
gp_latent_1,500,0.03815467283129692
gp_latent_1,501,-0.06328940391540527
gp_latent_1,502,-0.05469886213541031
gp_latent_1,503,-0.06622092425823212
gp_latent_1,504,0.008823735639452934
gp_latent_1,505,0.02819032222032547
gp_latent_1,506,0.031514499336481094
gp_latent_1,507,0.019000837579369545
gp_latent_1,508,0.04802434891462326
gp_latent_1,509,-0.02279447205364704
gp_latent_1,510,0.016580408439040184
gp_latent_1,511,0.01320618949830532
gp_latent_1,512,0.03578609973192215
gp_latent_1,513,-0.008046448230743408
gp_latent_1,514,-0.0699208676815033
gp_latent_1,515,-0.02451249584555626
gp_latent_1,516,-0.04740608483552933
gp_latent_1,517,-0.04367978870868683
gp_latent_1,518,-0.04649643227458
gp_latent_1,519,-0.049660395830869675
gp_latent_1,520,0.009743035770952702
gp_latent_1,521,0.01653691940009594
gp_latent_1,522,-0.03743993490934372
gp_latent_1,523,-0.01741340383887291
gp_latent_1,524,-0.01352014485746622
gp_latent_1,525,0.03813748434185982
gp_latent_1,526,0.043767623603343964
gp_latent_1,527,-0.038046080619096756
gp_latent_1,528,-0.043015558272600174
gp_latent_1,529,0.006721187382936478
gp_latent_1,530,0.021566858515143394
gp_latent_1,531,0.0194986704736948
gp_latent_1,532,0.015542484819889069
gp_latent_1,533,-0.02051551081240177
gp_latent_1,534,-0.014726979658007622
gp_latent_1,535,0.028497613966464996
gp_latent_1,536,-0.046028316020965576
gp_latent_1,537,-0.017369931563735008
gp_latent_1,538,-0.015217561274766922
gp_latent_1,539,-0.017130468040704727
gp_latent_1,540,-0.011570582166314125
gp_latent_1,541,0.04360324889421463
gp_latent_1,542,0.038520559668540955
gp_latent_1,543,0.017240671440958977
gp_latent_1,544,-0.06804977357387543
gp_latent_1,545,-0.08362345397472382
gp_latent_1,546,-0.08741939067840576
gp_latent_1,547,-0.07971522957086563
gp_latent_1,548,-0.0697166696190834
gp_latent_1,549,-0.08113450556993484
gp_latent_1,550,-0.07923921197652817
gp_latent_1,551,-0.010974133387207985
gp_latent_1,552,0.057976897805929184
gp_latent_1,553,0.03228680044412613
gp_latent_1,554,-0.058275703340768814
gp_latent_1,555,-0.05199237912893295
gp_latent_1,556,-0.04661612957715988
gp_latent_1,557,-0.04037724435329437
gp_latent_1,558,-0.03726142644882202
gp_latent_1,559,-0.04936845973134041
gp_latent_1,560,-0.03984737768769264
gp_latent_1,561,-0.06608422100543976
gp_latent_1,562,-0.050660789012908936
gp_latent_1,563,-0.06227509677410126
gp_latent_1,564,-0.04388785362243652
gp_latent_1,565,-0.052508629858493805
gp_latent_1,566,-0.038095831871032715
gp_latent_1,567,-0.03385239094495773
gp_latent_1,568,-0.05696288123726845
gp_latent_1,569,-0.058841995894908905
gp_latent_1,570,-0.05055152252316475
gp_latent_1,571,-0.055063486099243164
gp_latent_1,572,-0.05281754210591316
gp_latent_1,573,-0.059119291603565216
gp_latent_1,574,-0.05639924108982086
gp_latent_1,575,0.016673874109983444
gp_latent_1,576,0.006853975355625153
gp_latent_1,577,0.0154989343136549
gp_latent_1,578,0.01174573041498661
gp_latent_1,579,0.03041943348944187
gp_latent_1,580,0.01777748018503189
gp_latent_1,581,-0.05008300766348839
gp_latent_1,582,-0.0030766876880079508
gp_latent_1,583,-0.0738120973110199
gp_latent_1,584,-0.07705420255661011
gp_latent_1,585,0.03557305410504341
gp_latent_1,586,-0.048188287764787674
gp_latent_1,587,-0.01702987775206566
gp_latent_1,588,-0.04350753128528595
gp_latent_1,589,-0.03640199452638626
gp_latent_1,590,0.02783595398068428
gp_latent_1,591,-0.04823610186576843
gp_latent_1,592,0.011180644854903221
gp_latent_1,593,-0.07673783600330353
gp_latent_1,594,-0.046849917620420456
gp_latent_1,595,-0.021747946739196777
gp_latent_1,596,-0.04102989658713341
gp_latent_1,597,-0.04414395987987518
gp_latent_1,598,-0.0505153089761734
gp_latent_1,599,0.06020766869187355
gp_latent_1,600,0.025198709219694138
gp_latent_1,601,0.04020940139889717
gp_latent_1,602,-0.059498123824596405
gp_latent_1,603,-0.05252152681350708
gp_latent_1,604,-0.04418155550956726
gp_latent_1,605,-0.051702067255973816
gp_latent_1,606,-0.039891112595796585
gp_latent_1,607,-0.03870450332760811
gp_latent_1,608,-0.03885526582598686
gp_latent_1,609,-0.04142565280199051
gp_latent_1,610,-0.04089214652776718
gp_latent_1,611,-0.025077546015381813
gp_latent_1,612,-0.02261456660926342
gp_latent_1,613,-0.04081174358725548
gp_latent_1,614,-0.026792125776410103
gp_latent_1,615,-0.032146669924259186
gp_latent_1,616,-0.01722603850066662
gp_latent_1,617,-0.025358447805047035
gp_latent_1,618,-0.007524082437157631
gp_latent_1,619,-0.004381583072245121
gp_latent_1,620,-0.007770512718707323
gp_latent_1,621,-0.009679418988525867
gp_latent_1,622,-0.004900550469756126
gp_latent_1,623,0.027471967041492462
gp_latent_1,624,0.026782626286149025
gp_latent_1,625,-0.047645315527915955
gp_latent_1,626,-0.04694629833102226
gp_latent_1,627,-0.04981650412082672
gp_latent_1,628,-0.01622348465025425
gp_latent_1,629,0.012115400284528732
gp_latent_1,630,-0.001294899033382535
gp_latent_1,631,-0.011287359520792961
gp_latent_1,632,0.01291722897440195
gp_latent_1,633,0.027729924768209457
gp_latent_1,634,-0.06363153457641602
gp_latent_1,635,-0.0773930773139
gp_latent_1,636,-0.038974739611148834
gp_latent_1,637,-0.05416138470172882
gp_latent_1,638,-0.01384428795427084
gp_latent_1,639,-0.02867036685347557
gp_latent_1,640,-0.04553287476301193
gp_latent_1,641,0.008353104814887047
gp_latent_1,642,-0.059115007519721985
gp_latent_1,643,-0.044228967279195786
gp_latent_1,644,-0.07234689593315125
gp_latent_1,645,-0.007713016122579575
gp_latent_1,646,0.039844810962677
gp_latent_1,647,0.0528385303914547
gp_latent_1,648,-0.03245295584201813
gp_latent_1,649,-0.04570690169930458
gp_latent_1,650,-0.03450743108987808
gp_latent_1,651,-0.03110177256166935
gp_latent_1,652,-0.02754202112555504
gp_latent_1,653,-0.016154302284121513
gp_latent_1,654,0.017325405031442642
gp_latent_1,655,-0.01171836070716381
gp_latent_1,656,-0.03527724742889404
gp_latent_1,657,-0.01931953802704811
gp_latent_1,658,-0.047087669372558594
gp_latent_1,659,-0.02993691898882389
gp_latent_1,660,0.005238934885710478
gp_latent_1,661,-0.006095618009567261
gp_latent_1,662,-0.028883744031190872
gp_latent_1,663,-0.04692656546831131
gp_latent_1,664,0.05052304267883301
gp_latent_1,665,-0.06909389793872833
gp_latent_1,666,-0.005020787939429283
gp_latent_1,667,-0.035708874464035034
gp_latent_1,668,-0.04121743142604828
gp_latent_1,669,-0.03816734626889229
gp_latent_1,670,-0.01084048580378294
gp_latent_1,671,0.02259165421128273
gp_latent_1,672,0.03267643228173256
gp_latent_1,673,0.050021942704916
gp_latent_1,674,-0.059185393154621124
gp_latent_1,675,-0.08509871363639832
gp_latent_1,676,-0.08496594429016113
gp_latent_1,677,-0.06929619610309601
gp_latent_1,678,0.052295561879873276
gp_latent_1,679,-0.04292602837085724
gp_latent_1,680,-0.04757991060614586
gp_latent_1,681,-0.05313694849610329
gp_latent_1,682,-0.05835933983325958
gp_latent_1,683,-0.04138289764523506
gp_latent_1,684,-0.048478007316589355
gp_latent_1,685,-0.051092565059661865
gp_latent_1,686,-0.056790389120578766
gp_latent_1,687,-0.04505569115281105
gp_latent_1,688,-0.038678791373968124
gp_latent_1,689,-0.02135780267417431
gp_latent_1,690,-0.004881748929619789
gp_latent_1,691,0.018066033720970154
gp_latent_1,692,0.003813753370195627
gp_latent_1,693,0.03353654220700264
gp_latent_1,694,0.025334538891911507
gp_latent_1,695,0.03523022681474686
gp_latent_1,696,0.022019920870661736
gp_latent_1,697,0.013583611696958542
gp_latent_1,698,0.016497483476996422
gp_latent_1,699,0.020870210602879524
gp_latent_1,700,0.03278091549873352
gp_latent_1,701,0.026063933968544006
gp_latent_1,702,0.05422229692339897
gp_latent_1,703,-0.06720167398452759
gp_latent_1,704,-0.050913915038108826
gp_latent_1,705,-0.0578642375767231
gp_latent_1,706,-0.05272883549332619
gp_latent_1,707,-0.04394674301147461
gp_latent_1,708,-0.06066415458917618
gp_latent_1,709,-0.04789416491985321
gp_latent_1,710,-0.031521279364824295
gp_latent_1,711,-0.018720675259828568
gp_latent_1,712,-0.014179681427776814
gp_latent_1,713,-0.006996109616011381
gp_latent_1,714,-0.00478128157556057
gp_latent_1,715,0.028135836124420166
gp_latent_1,716,0.03814705088734627
gp_latent_1,717,-0.03583052009344101
gp_latent_1,718,-0.016312189400196075
gp_latent_1,719,-0.02818736806511879
gp_latent_1,720,-0.04313826188445091
gp_latent_1,721,-0.023238224908709526
gp_latent_1,722,-0.051965054124593735
gp_latent_1,723,-0.025737745687365532
gp_latent_1,724,-0.032589443027973175
gp_latent_1,725,-0.012569600716233253
gp_latent_1,726,-0.02108694799244404
gp_latent_1,727,-0.004546903073787689
gp_latent_1,728,-9.03136096894741e-05
gp_latent_1,729,0.015704112127423286
gp_latent_1,730,-0.049607034772634506
gp_latent_1,731,-0.024709518998861313
gp_latent_1,732,0.052235960960388184
gp_latent_1,733,-0.057037755846977234
gp_latent_1,734,-0.06246689707040787
gp_latent_1,735,0.04060918092727661
gp_latent_1,736,0.02413647621870041
gp_latent_1,737,-0.03409381955862045
gp_latent_1,738,-0.0036963894963264465
gp_latent_1,739,0.01764441840350628
gp_latent_1,740,-0.08524825423955917
gp_latent_1,741,0.0017970048356801271
gp_latent_1,742,0.0026963006239384413
gp_latent_1,743,0.005968887358903885
gp_latent_1,744,-0.02947140857577324
gp_latent_1,745,-0.0077422140166163445
gp_latent_1,746,-0.014882135204970837
gp_latent_1,747,-0.021391598507761955
gp_latent_1,748,0.024758892133831978
gp_latent_1,749,-0.03733222186565399
gp_latent_1,750,-0.00979148130863905
gp_latent_1,751,-0.0244579054415226
gp_latent_1,752,0.000688913103658706
gp_latent_1,753,0.033060360699892044
gp_latent_1,754,-0.028506744652986526
gp_latent_1,755,0.005437237676233053
gp_latent_1,756,-0.00017005670815706253
gp_latent_1,757,-0.020220909267663956
gp_latent_1,758,-0.006794573739171028
gp_latent_1,759,-0.0016358811408281326
gp_latent_1,760,0.013774769380688667
gp_latent_1,761,-0.0284503772854805
gp_latent_1,762,-0.01543506234884262
gp_latent_1,763,-0.02227945066988468
gp_latent_1,764,-0.03671739250421524
gp_latent_1,765,-0.04803817719221115
gp_latent_1,766,0.03574524074792862
gp_latent_1,767,0.027191907167434692
gp_latent_1,768,0.015666130930185318
gp_latent_1,769,0.010992782190442085
gp_latent_1,770,0.03298847749829292
gp_latent_1,771,-0.0367606021463871
gp_latent_1,772,0.01467094011604786
gp_latent_1,773,0.016506988555192947
gp_latent_1,774,0.006998707540333271
gp_latent_1,775,0.007439272478222847
gp_latent_1,776,0.0074226525612175465
gp_latent_1,777,0.020265035331249237
gp_latent_1,778,0.0002527044271118939
gp_latent_1,779,0.010712595656514168
gp_latent_1,780,0.002643052488565445
gp_latent_1,781,0.004111981950700283
gp_latent_1,782,0.006737026385962963
gp_latent_1,783,0.0029525586869567633
gp_latent_1,784,-0.009749023243784904
gp_latent_1,785,0.10431444644927979
gp_latent_1,786,0.11054334789514542
gp_latent_1,787,-0.0015367735177278519
gp_latent_1,788,0.004369246307760477
gp_latent_1,789,0.03585795313119888
gp_latent_1,790,0.027976209297776222
gp_latent_1,791,0.034233901649713516
gp_latent_1,792,0.031073078513145447
gp_latent_1,793,-0.006774568930268288
gp_latent_1,794,-0.013952689245343208
gp_latent_1,795,-0.00541500560939312
gp_latent_1,796,0.015363432466983795
gp_latent_1,797,-0.054440658539533615
gp_latent_1,798,0.014193923212587833
gp_latent_1,799,-0.03879093751311302
gp_latent_1,800,0.10106504708528519
gp_latent_1,801,0.019070621579885483
gp_latent_1,802,0.10724307596683502
gp_latent_1,803,0.028257694095373154
gp_latent_1,804,0.005621188320219517
gp_latent_1,805,-0.018054330721497536
gp_latent_1,806,0.002467805752530694
gp_latent_1,807,0.10376203060150146
gp_latent_1,808,0.011743340641260147
gp_latent_1,809,-0.04443241283297539
gp_latent_1,810,0.017045767977833748
gp_latent_1,811,-0.03156996890902519
gp_latent_1,812,-0.018482722342014313
gp_latent_1,813,0.0020456332713365555
gp_latent_1,814,-0.037233319133520126
gp_latent_1,815,-0.04070819914340973
gp_latent_1,816,0.004031371790915728
gp_latent_1,817,-0.010229645296931267
gp_latent_1,818,-0.006979805883020163
gp_latent_1,819,-0.045455239713191986
gp_latent_1,820,-0.027895309031009674
gp_latent_1,821,0.016113420948386192
gp_latent_1,822,0.005616343580186367
gp_latent_1,823,-0.015256071463227272
gp_latent_1,824,-0.018185444176197052
gp_latent_1,825,0.0012390436604619026
gp_latent_1,826,-0.03296048194169998
gp_latent_1,827,-0.026378504931926727
gp_latent_1,828,-0.001491514965891838
gp_latent_1,829,0.0036149981897324324
gp_latent_1,830,0.0050023142248392105
gp_latent_1,831,0.011255303397774696
gp_latent_1,832,0.009166390635073185
gp_latent_1,833,-0.035095345228910446
gp_latent_1,834,0.002272969577461481
gp_latent_1,835,0.026092812418937683
gp_latent_1,836,-0.030073227360844612
gp_latent_1,837,-0.007068730890750885
gp_latent_1,838,-0.022910863161087036
gp_latent_1,839,0.036510128527879715
gp_latent_1,840,0.030254270881414413
gp_latent_1,841,0.01030691247433424
gp_latent_1,842,0.01732620596885681
gp_latent_1,843,0.01638251543045044
gp_latent_1,844,-0.06028895825147629
gp_latent_1,845,0.11027486622333527
gp_latent_1,846,0.004568485077470541
gp_latent_1,847,0.004294106271117926
gp_latent_1,848,-0.013678992167115211
gp_latent_1,849,-0.018942752853035927
gp_latent_1,850,0.024141917005181313
gp_latent_1,851,0.01011982187628746
gp_latent_1,852,0.008691112510859966
gp_latent_1,853,0.023276740685105324
gp_latent_1,854,-0.05104244500398636
gp_latent_1,855,-0.037094105035066605
gp_latent_1,856,-0.054046522825956345
gp_latent_1,857,-0.00639815628528595
gp_latent_1,858,-0.015030937269330025
gp_latent_1,859,0.03827224299311638
gp_latent_1,860,0.026266658678650856
gp_latent_1,861,0.023575179278850555
gp_latent_1,862,0.02319996803998947
gp_latent_1,863,-0.003717554034665227
gp_latent_1,864,-0.0037757428362965584
gp_latent_1,865,0.028109315782785416
gp_latent_1,866,-0.011582868173718452
gp_latent_1,867,-0.06848161667585373
gp_latent_1,868,0.010209650732576847
gp_latent_1,869,0.1110372245311737
gp_latent_1,870,-0.006661694962531328
gp_latent_1,871,-0.00034486385993659496
gp_latent_1,872,0.008299707435071468
gp_latent_1,873,0.021567028015851974
gp_latent_1,874,-0.06508791446685791
gp_latent_1,875,-0.015585328452289104
gp_latent_1,876,0.09780945628881454
gp_latent_1,877,0.0011487244628369808
gp_latent_1,878,-0.03366754576563835
gp_latent_1,879,-0.020458340644836426
gp_latent_1,880,-0.028127770870923996
gp_latent_1,881,0.11150193959474564
gp_latent_1,882,-0.00033188238739967346
gp_latent_1,883,0.00654528196901083
gp_latent_1,884,-0.0035664252936840057
gp_latent_1,885,0.07914342731237411
gp_latent_1,886,0.008759135380387306
gp_latent_1,887,-0.02438722550868988
gp_latent_1,888,0.016025802120566368
gp_latent_1,889,0.002705717459321022
gp_latent_1,890,0.010517142713069916
gp_latent_1,891,0.007462967187166214
gp_latent_1,892,-0.03994043916463852
gp_latent_1,893,-0.06934455037117004
gp_latent_1,894,-0.06241883337497711
gp_latent_1,895,0.02853352203965187
gp_latent_1,896,-0.047287240624427795
gp_latent_1,897,-0.0038651833310723305
gp_latent_1,898,-0.005964241921901703
gp_latent_1,899,0.04420701786875725
gp_latent_1,900,0.043885357677936554
gp_latent_1,901,0.04194577410817146
gp_latent_1,902,-0.004888083320111036
gp_latent_1,903,0.010598481632769108
gp_latent_1,904,-0.06910466402769089
gp_latent_1,905,-0.06324192881584167
gp_latent_1,906,-0.07643945515155792
gp_latent_1,907,-0.06356777250766754
gp_latent_1,908,-0.04123445227742195
gp_latent_1,909,0.008495736867189407
gp_latent_1,910,0.027112001553177834
gp_latent_1,911,0.04358898475766182
gp_latent_1,912,0.03373318910598755
gp_latent_1,913,0.023648859933018684
gp_latent_1,914,0.07216703146696091
gp_latent_1,915,-0.056262604892253876
gp_latent_1,916,0.026707595214247704
gp_latent_1,917,-0.056639742106199265
gp_latent_1,918,0.0001698917185422033
gp_latent_1,919,-0.004425182472914457
gp_latent_1,920,0.028487343341112137
gp_latent_1,921,0.08936663717031479
gp_latent_1,922,0.018903732299804688
gp_latent_1,923,0.07754820585250854
gp_latent_1,924,-0.0060727293603122234
gp_latent_1,925,0.003678620094433427
gp_latent_1,926,-0.01947513036429882
gp_latent_1,927,-0.023021584376692772
gp_latent_1,928,-0.012190141715109348
gp_latent_1,929,-0.0400724820792675
gp_latent_1,930,0.0012338589876890182
gp_latent_1,931,-0.018221549689769745
gp_latent_1,932,-0.03465242683887482
gp_latent_1,933,-0.022440046072006226
gp_latent_1,934,-0.030268311500549316
gp_latent_1,935,-0.0542340911924839
gp_latent_1,936,0.04311114177107811
gp_latent_1,937,0.04418230056762695
gp_latent_1,938,-0.0043334513902664185
gp_latent_1,939,0.04864666983485222
gp_latent_1,940,-0.059717241674661636
gp_latent_1,941,-0.011032748967409134
gp_latent_1,942,0.07886701077222824
gp_latent_1,943,0.009014112874865532
gp_latent_1,944,0.040017880499362946
gp_latent_1,945,0.03669743984937668
gp_latent_1,946,0.01516797672957182
gp_latent_1,947,-0.023055778816342354
gp_latent_1,948,0.06275378912687302
gp_latent_1,949,-0.006317636929452419
gp_latent_2,0,0.013766195625066757
gp_latent_2,1,-0.01775256171822548
gp_latent_2,2,0.02519184909760952
gp_latent_2,3,0.030868273228406906
gp_latent_2,4,0.012458736076951027
gp_latent_2,5,-0.02303304523229599
gp_latent_2,6,0.007107934914529324
gp_latent_2,7,-0.02690226584672928
gp_latent_2,8,0.033744316548109055
gp_latent_2,9,0.006133140530437231
gp_latent_2,10,-0.045522723346948624
gp_latent_2,11,-0.016333013772964478
gp_latent_2,12,-0.005578981246799231
gp_latent_2,13,-0.01210570428520441
gp_latent_2,14,0.007425679825246334
gp_latent_2,15,-0.051993146538734436
gp_latent_2,16,-0.04095849394798279
gp_latent_2,17,0.036934610456228256
gp_latent_2,18,-0.001441098633222282
gp_latent_2,19,0.002676649484783411
gp_latent_2,20,0.04717201367020607
gp_latent_2,21,0.031022919341921806
gp_latent_2,22,0.01412155106663704
gp_latent_2,23,0.0031303814612329006
gp_latent_2,24,0.04671241343021393
gp_latent_2,25,0.008499791845679283
gp_latent_2,26,-0.05949613079428673
gp_latent_2,27,0.03250305727124214
gp_latent_2,28,-0.017507638782262802
gp_latent_2,29,0.011382780969142914
gp_latent_2,30,-0.010767016559839249
gp_latent_2,31,0.0009881735313683748
gp_latent_2,32,0.003355743596330285
gp_latent_2,33,-0.026022998616099358
gp_latent_2,34,0.0638829693198204
gp_latent_2,35,0.07134436815977097
gp_latent_2,36,-0.004208892118185759
gp_latent_2,37,0.004256507847458124
gp_latent_2,38,-0.011737066321074963
gp_latent_2,39,-0.004540125839412212
gp_latent_2,40,0.06028483808040619
gp_latent_2,41,0.051798902451992035
gp_latent_2,42,0.04903341457247734
gp_latent_2,43,0.018483338877558708
gp_latent_2,44,0.029436491429805756
gp_latent_2,45,0.05029723420739174
gp_latent_2,46,0.043597035109996796
gp_latent_2,47,0.015774138271808624
gp_latent_2,48,-0.010299749672412872
gp_latent_2,49,0.01561535894870758
gp_latent_2,50,0.018214454874396324
gp_latent_2,51,-0.005352867301553488
gp_latent_2,52,0.004259544424712658
gp_latent_2,53,0.022915875539183617
gp_latent_2,54,-0.008900062181055546
gp_latent_2,55,-0.01924469694495201
gp_latent_2,56,-0.02736140415072441
gp_latent_2,57,0.0068631647154688835
gp_latent_2,58,-0.028043782338500023
gp_latent_2,59,-0.03338022902607918
gp_latent_2,60,-0.02849462628364563
gp_latent_2,61,0.003373046638444066
gp_latent_2,62,-0.008892051875591278
gp_latent_2,63,-0.004010199103504419
gp_latent_2,64,-0.014132877811789513
gp_latent_2,65,-0.020558955147862434
gp_latent_2,66,0.021794790402054787
gp_latent_2,67,0.01711208000779152
gp_latent_2,68,-0.007095810025930405
gp_latent_2,69,-0.017793644219636917
gp_latent_2,70,-0.005953861400485039
gp_latent_2,71,0.024643676355481148
gp_latent_2,72,-0.010078273713588715
gp_latent_2,73,-0.03473840281367302
gp_latent_2,74,0.01101045310497284
gp_latent_2,75,0.021085286512970924
gp_latent_2,76,0.016502875834703445
gp_latent_2,77,0.015122905373573303
gp_latent_2,78,0.0012581301853060722
gp_latent_2,79,-0.06680204719305038
gp_latent_2,80,0.029691994190216064
gp_latent_2,81,0.011830366216599941
gp_latent_2,82,-0.05790325254201889
gp_latent_2,83,-0.02674996480345726
gp_latent_2,84,0.0038400625344365835
gp_latent_2,85,-0.007554188836365938
gp_latent_2,86,0.019776344299316406
gp_latent_2,87,-0.03665847331285477
gp_latent_2,88,6.80750235915184e-05
gp_latent_2,89,-0.024213839322328568
gp_latent_2,90,-0.029083499684929848
gp_latent_2,91,0.04676886647939682
gp_latent_2,92,0.0354425422847271
gp_latent_2,93,0.002796268556267023
gp_latent_2,94,-0.014519606716930866
gp_latent_2,95,0.019182875752449036
gp_latent_2,96,-0.024097735062241554
gp_latent_2,97,-0.0005552020738832653
gp_latent_2,98,0.008264431729912758
gp_latent_2,99,0.0009079943411052227
gp_latent_2,100,0.026878109201788902
gp_latent_2,101,0.008041078224778175
gp_latent_2,102,0.011703497730195522
gp_latent_2,103,0.007908275350928307
gp_latent_2,104,-0.008668002672493458
gp_latent_2,105,0.018737701699137688
gp_latent_2,106,-0.011601073667407036
gp_latent_2,107,0.006558528169989586
gp_latent_2,108,-0.04339123144745827
gp_latent_2,109,-0.03661645948886871
gp_latent_2,110,-0.034681595861911774
gp_latent_2,111,-0.040454041212797165
gp_latent_2,112,-0.08982773870229721
gp_latent_2,113,-0.008011073805391788
gp_latent_2,114,-0.002603275468572974
gp_latent_2,115,-0.0004481582436710596
gp_latent_2,116,0.009082828648388386
gp_latent_2,117,-0.02153158374130726
gp_latent_2,118,-0.00676417350769043
gp_latent_2,119,-0.0006974923890084028
gp_latent_2,120,0.023522723466157913
gp_latent_2,121,0.04030256345868111
gp_latent_2,122,0.029054002836346626
gp_latent_2,123,-0.05019009858369827
gp_latent_2,124,-0.020397337153553963
gp_latent_2,125,-0.05241613835096359
gp_latent_2,126,0.0022629541344940662
gp_latent_2,127,0.022468045353889465
gp_latent_2,128,-0.0003415113314986229
gp_latent_2,129,0.004710834473371506
gp_latent_2,130,0.003689866978675127
gp_latent_2,131,-0.004344240762293339
gp_latent_2,132,-0.0062960060313344
gp_latent_2,133,-0.011376483365893364
gp_latent_2,134,-0.04004602134227753
gp_latent_2,135,-0.03683067858219147
gp_latent_2,136,-0.002052456606179476
gp_latent_2,137,0.02913276106119156
gp_latent_2,138,0.011501721106469631
gp_latent_2,139,0.007737579755485058
gp_latent_2,140,-0.041521329432725906
gp_latent_2,141,-0.006797765381634235
gp_latent_2,142,0.004128573462367058
gp_latent_2,143,0.0009932289831340313
gp_latent_2,144,-0.013551714830100536
gp_latent_2,145,0.022529013454914093
gp_latent_2,146,0.01734277233481407
gp_latent_2,147,-0.009428822435438633
gp_latent_2,148,0.012767115607857704
gp_latent_2,149,-0.021008901298046112
gp_latent_2,150,0.027891889214515686
gp_latent_2,151,0.03804388269782066
gp_latent_2,152,0.0055546630173921585
gp_latent_2,153,-0.02078143320977688
gp_latent_2,154,0.042506687343120575
gp_latent_2,155,0.040938496589660645
gp_latent_2,156,0.00545857660472393
gp_latent_2,157,0.009083177894353867
gp_latent_2,158,0.004102720879018307
gp_latent_2,159,0.014587530866265297
gp_latent_2,160,0.013320954516530037
gp_latent_2,161,-0.021175894886255264
gp_latent_2,162,0.01325410045683384
gp_latent_2,163,-0.01038854755461216
gp_latent_2,164,0.013845331966876984
gp_latent_2,165,0.012926320545375347
gp_latent_2,166,-0.019211020320653915
gp_latent_2,167,0.024782638996839523
gp_latent_2,168,-0.01816500350832939
gp_latent_2,169,-0.004612719640135765
gp_latent_2,170,0.04141075164079666
gp_latent_2,171,0.020031550899147987
gp_latent_2,172,-0.026152649894356728
gp_latent_2,173,-0.004888941999524832
gp_latent_2,174,0.04637472704052925
gp_latent_2,175,-0.05023287236690521
gp_latent_2,176,-0.057705823332071304
gp_latent_2,177,-0.006420167628675699
gp_latent_2,178,0.009123633615672588
gp_latent_2,179,0.031221115961670876
gp_latent_2,180,-0.06476795673370361
gp_latent_2,181,0.07236652821302414
gp_latent_2,182,0.07130542397499084
gp_latent_2,183,0.05849765986204147
gp_latent_2,184,0.007049916312098503
gp_latent_2,185,-0.006312594283372164
gp_latent_2,186,0.015551453456282616
gp_latent_2,187,0.03326839953660965
gp_latent_2,188,0.030354538932442665
gp_latent_2,189,-0.011283494532108307
gp_latent_2,190,0.03474811464548111
gp_latent_2,191,0.008044717833399773
gp_latent_2,192,0.01797628216445446
gp_latent_2,193,0.006863173097372055
gp_latent_2,194,-0.015966981649398804
gp_latent_2,195,-0.03856799378991127
gp_latent_2,196,-0.012989345006644726
gp_latent_2,197,-0.0009076407877728343
gp_latent_2,198,0.08062972873449326
gp_latent_2,199,-0.011515917256474495
gp_latent_2,200,0.05626850947737694
gp_latent_2,201,0.012932034209370613
gp_latent_2,202,0.04118715971708298
gp_latent_2,203,0.017888475209474564
gp_latent_2,204,-0.037164490669965744
gp_latent_2,205,-0.0356939435005188
gp_latent_2,206,0.020188257098197937
gp_latent_2,207,0.041147857904434204
gp_latent_2,208,-0.007632634602487087
gp_latent_2,209,0.014845130033791065
gp_latent_2,210,-0.06429487466812134
gp_latent_2,211,0.005438631400465965
gp_latent_2,212,-0.0028239672537893057
gp_latent_2,213,-0.004002196714282036
gp_latent_2,214,-0.06494459509849548
gp_latent_2,215,0.027620967477560043
gp_latent_2,216,-0.07433397322893143
gp_latent_2,217,0.04605733975768089
gp_latent_2,218,-0.03044511005282402
gp_latent_2,219,0.0022018542513251305
gp_latent_2,220,0.015735343098640442
gp_latent_2,221,-0.03686603531241417
gp_latent_2,222,-0.029685698449611664
gp_latent_2,223,-0.020455826073884964
gp_latent_2,224,-0.009310307912528515
gp_latent_2,225,0.017553608864545822
gp_latent_2,226,0.010723790153861046
gp_latent_2,227,0.016580207273364067
gp_latent_2,228,-0.01337736751884222
gp_latent_2,229,0.0029389401897788048
gp_latent_2,230,0.02717769332230091
gp_latent_2,231,0.004106821492314339
gp_latent_2,232,-0.006782734766602516
gp_latent_2,233,0.018279002979397774
gp_latent_2,234,-0.0006705247797071934
gp_latent_2,235,-0.012356722727417946
gp_latent_2,236,-0.038567040115594864
gp_latent_2,237,-0.02343406341969967
gp_latent_2,238,-0.012978403829038143
gp_latent_2,239,-0.012383323162794113
gp_latent_2,240,0.0010294253006577492
gp_latent_2,241,0.004481977317482233
gp_latent_2,242,0.005602694116532803
gp_latent_2,243,0.07347473502159119
gp_latent_2,244,0.05488930270075798
gp_latent_2,245,0.032915983349084854
gp_latent_2,246,0.01616736501455307
gp_latent_2,247,-0.03177841007709503
gp_latent_2,248,0.016224674880504608
gp_latent_2,249,0.0013367629144340754
gp_latent_2,250,0.005198203958570957
gp_latent_2,251,-0.011366498656570911
gp_latent_2,252,-2.2823980543762445e-05
gp_latent_2,253,0.005730273202061653
gp_latent_2,254,-0.015482885763049126
gp_latent_2,255,0.0005514977965503931
gp_latent_2,256,-0.0031777319964021444
gp_latent_2,257,-0.005632502026855946
gp_latent_2,258,0.004221715498715639
gp_latent_2,259,-0.025617171078920364
gp_latent_2,260,-0.008770178072154522
gp_latent_2,261,0.002613039454445243
gp_latent_2,262,0.008953399956226349
gp_latent_2,263,0.017175553366541862
gp_latent_2,264,-0.06428397446870804
gp_latent_2,265,-0.03218332678079605
gp_latent_2,266,0.06334935128688812
gp_latent_2,267,0.014604168944060802
gp_latent_2,268,0.0006163041107356548
gp_latent_2,269,-0.03110589273273945
gp_latent_2,270,-0.053199369460344315
gp_latent_2,271,-0.0072098770178854465
gp_latent_2,272,-0.0028371233493089676
gp_latent_2,273,0.08352558314800262
gp_latent_2,274,0.004919607192277908
gp_latent_2,275,0.0023065439891070127
gp_latent_2,276,0.025601837784051895
gp_latent_2,277,0.0007183447014540434
gp_latent_2,278,-0.03441359102725983
gp_latent_2,279,-0.0379592627286911
gp_latent_2,280,-0.03106503374874592
gp_latent_2,281,0.03247351571917534
gp_latent_2,282,-0.0009569155517965555
gp_latent_2,283,-0.029058728367090225
gp_latent_2,284,0.039774466305971146
gp_latent_2,285,0.04223591461777687
gp_latent_2,286,-0.015368961729109287
gp_latent_2,287,0.041376836597919464
gp_latent_2,288,0.004663236439228058
gp_latent_2,289,0.0028676120564341545
gp_latent_2,290,0.03373560681939125
gp_latent_2,291,0.010814034380018711
gp_latent_2,292,-0.0008348592091351748
gp_latent_2,293,-0.05411401763558388
gp_latent_2,294,0.008521695621311665
gp_latent_2,295,-0.010236892849206924
gp_latent_2,296,0.014252791181206703
gp_latent_2,297,0.013078012503683567
gp_latent_2,298,-0.005090493708848953
gp_latent_2,299,0.012925912626087666
gp_latent_2,300,-0.056967321783304214
gp_latent_2,301,-0.07000766694545746
gp_latent_2,302,-0.06640452146530151
gp_latent_2,303,-0.029863988980650902
gp_latent_2,304,0.003749204333871603
gp_latent_2,305,-0.02651284635066986
gp_latent_2,306,0.050706859678030014
gp_latent_2,307,0.05974826216697693
gp_latent_2,308,-0.07117907702922821
gp_latent_2,309,-0.0015826518647372723
gp_latent_2,310,0.061046138405799866
gp_latent_2,311,0.03741886094212532
gp_latent_2,312,-0.014853637665510178
gp_latent_2,313,-0.05090119317173958
gp_latent_2,314,-0.023877860978245735
gp_latent_2,315,0.03032989427447319
gp_latent_2,316,0.006864864379167557
gp_latent_2,317,-0.0318145789206028
gp_latent_2,318,-0.0009098234586417675
gp_latent_2,319,-0.013289682567119598
gp_latent_2,320,0.0038844249211251736
gp_latent_2,321,0.0027526759076863527
gp_latent_2,322,-0.007569275796413422
gp_latent_2,323,0.0220772847533226
gp_latent_2,324,-0.023933762684464455
gp_latent_2,325,-0.0047155460342764854
gp_latent_2,326,0.036500319838523865
gp_latent_2,327,-0.0013598958030343056
gp_latent_2,328,0.023457173258066177
gp_latent_2,329,0.010126002132892609
gp_latent_2,330,-0.004992448724806309
gp_latent_2,331,-0.013373179361224174
gp_latent_2,332,0.01568637788295746
gp_latent_2,333,0.029049918055534363
gp_latent_2,334,0.00045450939796864986
gp_latent_2,335,0.02057737670838833
gp_latent_2,336,-0.00022110369172878563
gp_latent_2,337,0.02469169721007347
gp_latent_2,338,0.042825840413570404
gp_latent_2,339,-0.009719116613268852
gp_latent_2,340,-0.010618077591061592
gp_latent_2,341,0.036765024065971375
gp_latent_2,342,0.02180137299001217
gp_latent_2,343,0.01333294715732336
gp_latent_2,344,0.046000365167856216
gp_latent_2,345,-0.024826982989907265
gp_latent_2,346,-0.01772882230579853
gp_latent_2,347,-0.006212374195456505
gp_latent_2,348,0.012509562075138092
gp_latent_2,349,0.015066477470099926
gp_latent_2,350,0.05529104545712471
gp_latent_2,351,0.04362458363175392
gp_latent_2,352,-0.05320198833942413
gp_latent_2,353,0.009087979793548584
gp_latent_2,354,-0.01652546040713787
gp_latent_2,355,0.04723571985960007
gp_latent_2,356,0.004874618258327246
gp_latent_2,357,-0.008226574398577213
gp_latent_2,358,-0.011933737434446812
gp_latent_2,359,-0.03629378601908684
gp_latent_2,360,0.005150132812559605
gp_latent_2,361,0.019444972276687622
gp_latent_2,362,0.003591707441955805
gp_latent_2,363,0.044012751430273056
gp_latent_2,364,-0.045565176755189896
gp_latent_2,365,0.0012452113442122936
gp_latent_2,366,0.013634315691888332
gp_latent_2,367,0.007615312933921814
gp_latent_2,368,0.019997678697109222
gp_latent_2,369,-0.012298576533794403
gp_latent_2,370,0.01368007343262434
gp_latent_2,371,0.02237478829920292
gp_latent_2,372,0.01019633561372757
gp_latent_2,373,-0.0016939676133915782
gp_latent_2,374,-0.012567686848342419
gp_latent_2,375,-0.06664382666349411
gp_latent_2,376,-0.058020979166030884
gp_latent_2,377,0.05738086253404617
gp_latent_2,378,-0.02916562743484974
gp_latent_2,379,-0.0240371935069561
gp_latent_2,380,-0.06574062258005142
gp_latent_2,381,0.05223428085446358
gp_latent_2,382,0.04925701767206192
gp_latent_2,383,-0.03197001293301582
gp_latent_2,384,-0.06158878281712532
gp_latent_2,385,-0.0162440724670887
gp_latent_2,386,0.04525560885667801
gp_latent_2,387,0.03982265293598175
gp_latent_2,388,0.05028902739286423
gp_latent_2,389,-0.009145097807049751
gp_latent_2,390,-0.029270557686686516
gp_latent_2,391,0.05565319582819939
gp_latent_2,392,0.05078872665762901
gp_latent_2,393,0.057730358093976974
gp_latent_2,394,0.06176294386386871
gp_latent_2,395,0.06581074744462967
gp_latent_2,396,-0.004883292131125927
gp_latent_2,397,-0.01934468373656273
gp_latent_2,398,-0.002505288692191243
gp_latent_2,399,-0.029101286083459854
gp_latent_2,400,0.05956143140792847
gp_latent_2,401,-0.020906371995806694
gp_latent_2,402,0.057348959147930145
gp_latent_2,403,-0.022219356149435043
gp_latent_2,404,0.03102790378034115
gp_latent_2,405,0.019581427797675133
gp_latent_2,406,0.012647625990211964
gp_latent_2,407,-0.0028353831730782986
gp_latent_2,408,0.003914779983460903
gp_latent_2,409,-0.013195091858506203
gp_latent_2,410,0.0015589820686727762
gp_latent_2,411,-0.022395916283130646
gp_latent_2,412,-0.0081829484552145
gp_latent_2,413,0.024422666057944298
gp_latent_2,414,-0.01535878237336874
gp_latent_2,415,-0.014836916700005531
gp_latent_2,416,0.01980891078710556
gp_latent_2,417,0.0055992137640714645
gp_latent_2,418,0.01321151852607727
gp_latent_2,419,-0.0317804217338562
gp_latent_2,420,-0.009479539468884468
gp_latent_2,421,0.019495774060487747
gp_latent_2,422,-0.024736858904361725
gp_latent_2,423,-0.014647307805716991
gp_latent_2,424,0.03427891805768013
gp_latent_2,425,0.0016079749912023544
gp_latent_2,426,-0.012677635997533798
gp_latent_2,427,-0.03543870896100998
gp_latent_2,428,-0.021061627194285393
gp_latent_2,429,-0.037001267075538635
gp_latent_2,430,-0.07315859198570251
gp_latent_2,431,0.03565080463886261
gp_latent_2,432,-0.0019146902486681938
gp_latent_2,433,-0.0098405871540308
gp_latent_2,434,0.04829138517379761
gp_latent_2,435,0.060672927647829056
gp_latent_2,436,-0.008065558969974518
gp_latent_2,437,-0.03579338267445564
gp_latent_2,438,-0.06197427585721016
gp_latent_2,439,-0.09366220980882645
gp_latent_2,440,-0.07865286618471146
gp_latent_2,441,-0.03571375831961632
gp_latent_2,442,-0.012598874978721142
gp_latent_2,443,0.053009726107120514
gp_latent_2,444,-0.009308288805186749
gp_latent_2,445,-0.06204935908317566
gp_latent_2,446,-0.014586319215595722
gp_latent_2,447,0.05411865562200546
gp_latent_2,448,0.039744358509778976
gp_latent_2,449,0.04014565050601959
gp_latent_2,450,0.05229231342673302
gp_latent_2,451,0.010580877773463726
gp_latent_2,452,0.0297459214925766
gp_latent_2,453,0.0013421836774796247
gp_latent_2,454,-0.0054536666721105576
gp_latent_2,455,-0.0038610391784459352
gp_latent_2,456,0.04117114841938019
gp_latent_2,457,0.014290489256381989
gp_latent_2,458,-0.01956791616976261
gp_latent_2,459,0.00023792637512087822
gp_latent_2,460,-0.02186467871069908
gp_latent_2,461,-0.06142110750079155
gp_latent_2,462,-0.027512894943356514
gp_latent_2,463,-0.035675257444381714
gp_latent_2,464,-0.014708347618579865
gp_latent_2,465,0.008441793732345104
gp_latent_2,466,0.04946843162178993
gp_latent_2,467,0.0038369973190128803
gp_latent_2,468,0.022787295281887054
gp_latent_2,469,-0.03826896846294403
gp_latent_2,470,-0.021017296239733696
gp_latent_2,471,0.026060814037919044
gp_latent_2,472,-0.1084318459033966
gp_latent_2,473,-0.07919514924287796
gp_latent_2,474,-0.019211646169424057
gp_latent_2,475,0.03436499089002609
gp_latent_2,476,-0.0978507325053215
gp_latent_2,477,0.03415781259536743
gp_latent_2,478,0.010715981014072895
gp_latent_2,479,0.06060320511460304
gp_latent_2,480,0.0011890202295035124
gp_latent_2,481,0.04153862223029137
gp_latent_2,482,0.01452605240046978
gp_latent_2,483,-0.07320632040500641
gp_latent_2,484,-0.09686063975095749
gp_latent_2,485,-0.0954151302576065
gp_latent_2,486,-0.010759413242340088
gp_latent_2,487,-0.023187939077615738
gp_latent_2,488,-0.004907501395791769
gp_latent_2,489,0.031063823029398918
gp_latent_2,490,0.04097035154700279
gp_latent_2,491,-0.0278189517557621
gp_latent_2,492,0.04693875461816788
gp_latent_2,493,0.04643131420016289
gp_latent_2,494,0.04703889042139053
gp_latent_2,495,0.037730056792497635
gp_latent_2,496,0.03076937608420849
gp_latent_2,497,0.053224027156829834
gp_latent_2,498,0.06267086416482925
gp_latent_2,499,0.04177084192633629
gp_latent_2,500,0.048286642879247665
gp_latent_2,501,0.03926046937704086
gp_latent_2,502,0.007013710215687752
gp_latent_2,503,0.0161241814494133
gp_latent_2,504,-0.0486280731856823
gp_latent_2,505,-0.014332767575979233
gp_latent_2,506,-0.01197237242013216
gp_latent_2,507,-0.007694362662732601
gp_latent_2,508,-0.008103152737021446
gp_latent_2,509,0.011211594566702843
gp_latent_2,510,-0.022518835961818695
gp_latent_2,511,0.014381757006049156
gp_latent_2,512,0.0035869150888174772
gp_latent_2,513,0.002189556136727333
gp_latent_2,514,0.01941029727458954
gp_latent_2,515,-0.04901767522096634
gp_latent_2,516,-0.014093385078012943
gp_latent_2,517,-0.035795364528894424
gp_latent_2,518,-0.030311260372400284
gp_latent_2,519,-0.01538711879402399
gp_latent_2,520,-0.014247633516788483
gp_latent_2,521,-0.015048359520733356
gp_latent_2,522,-0.03550070524215698
gp_latent_2,523,0.021061979234218597
gp_latent_2,524,-0.006101646460592747
gp_latent_2,525,-0.02257891744375229
gp_latent_2,526,-0.023517899215221405
gp_latent_2,527,-0.052480801939964294
gp_latent_2,528,-0.04875846207141876
gp_latent_2,529,-0.013414504006505013
gp_latent_2,530,0.05775365233421326
gp_latent_2,531,0.05443155765533447
gp_latent_2,532,0.05722441524267197
gp_latent_2,533,-0.03562101349234581
gp_latent_2,534,-0.021214833483099937
gp_latent_2,535,0.056557510048151016
gp_latent_2,536,-0.004217067733407021
gp_latent_2,537,0.01676154136657715
gp_latent_2,538,-0.006614107638597488
gp_latent_2,539,0.04328692704439163
gp_latent_2,540,0.001866527833044529
gp_latent_2,541,0.04776456207036972
gp_latent_2,542,0.05209076404571533
gp_latent_2,543,0.041765742003917694
gp_latent_2,544,0.022969277575612068
gp_latent_2,545,0.011095203459262848
gp_latent_2,546,0.021113762632012367
gp_latent_2,547,0.04095359519124031
gp_latent_2,548,0.047267694026231766
gp_latent_2,549,0.04329296573996544
gp_latent_2,550,0.028901411220431328
gp_latent_2,551,0.028549473732709885
gp_latent_2,552,-0.019432183355093002
gp_latent_2,553,-0.01394515112042427
gp_latent_2,554,-0.05242237448692322
gp_latent_2,555,-0.04024198278784752
gp_latent_2,556,-0.06731763482093811
gp_latent_2,557,-0.03911607712507248
gp_latent_2,558,-0.041002869606018066
gp_latent_2,559,-0.045932237058877945
gp_latent_2,560,-0.034754760563373566
gp_latent_2,561,-0.03110308200120926
gp_latent_2,562,-0.04768785461783409
gp_latent_2,563,-0.04374799504876137
gp_latent_2,564,-0.06467202305793762
gp_latent_2,565,-0.051472216844558716
gp_latent_2,566,-0.05635342746973038
gp_latent_2,567,-0.030129043385386467
gp_latent_2,568,-0.030836641788482666
gp_latent_2,569,-0.04115860536694527
gp_latent_2,570,-0.023652834817767143
gp_latent_2,571,-0.043800584971904755
gp_latent_2,572,-0.04323972761631012
gp_latent_2,573,-0.01595664769411087
gp_latent_2,574,-0.030767252668738365
gp_latent_2,575,0.06690676510334015
gp_latent_2,576,0.04823477566242218
gp_latent_2,577,0.0654023289680481
gp_latent_2,578,0.0511978417634964
gp_latent_2,579,0.06134062260389328
gp_latent_2,580,0.06547471880912781
gp_latent_2,581,-0.028794853016734123
gp_latent_2,582,0.016701973974704742
gp_latent_2,583,0.030322590842843056
gp_latent_2,584,0.0449112132191658
gp_latent_2,585,-0.02006032131612301
gp_latent_2,586,-0.02892235480248928
gp_latent_2,587,-0.0399177186191082
gp_latent_2,588,-0.05736002326011658
gp_latent_2,589,-0.01815943978726864
gp_latent_2,590,0.05720433220267296
gp_latent_2,591,-0.036818817257881165
gp_latent_2,592,0.05911361426115036
gp_latent_2,593,0.026301510632038116
gp_latent_2,594,-0.05693948268890381
gp_latent_2,595,-0.0029469251167029142
gp_latent_2,596,-0.08019760251045227
gp_latent_2,597,-0.06647106260061264
gp_latent_2,598,-0.0674276053905487
gp_latent_2,599,0.06167783960700035
gp_latent_2,600,0.05906952917575836
gp_latent_2,601,0.07155147194862366
gp_latent_2,602,0.03129322826862335
gp_latent_2,603,0.043087176978588104
gp_latent_2,604,0.0437987744808197
gp_latent_2,605,0.035833269357681274
gp_latent_2,606,0.023790379986166954
gp_latent_2,607,0.04749341681599617
gp_latent_2,608,0.0335417315363884
gp_latent_2,609,0.021312538534402847
gp_latent_2,610,0.02312205545604229
gp_latent_2,611,0.03970183804631233
gp_latent_2,612,-0.040188293904066086
gp_latent_2,613,0.00032571644987910986
gp_latent_2,614,0.00614205002784729
gp_latent_2,615,0.0037524448707699776
gp_latent_2,616,0.0012245953548699617
gp_latent_2,617,-0.0048074871301651
gp_latent_2,618,0.009732216596603394
gp_latent_2,619,0.009206701070070267
gp_latent_2,620,-0.0012136397417634726
gp_latent_2,621,0.006477366201579571
gp_latent_2,622,0.0063100093975663185
gp_latent_2,623,-0.007784576620906591
gp_latent_2,624,0.0706959068775177
gp_latent_2,625,0.057471517473459244
gp_latent_2,626,0.038199760019779205
gp_latent_2,627,0.023064304143190384
gp_latent_2,628,-0.03367512673139572
gp_latent_2,629,-0.012842968106269836
gp_latent_2,630,0.010301351547241211
gp_latent_2,631,0.010437220335006714
gp_latent_2,632,-0.0398193895816803
gp_latent_2,633,0.03479868546128273
gp_latent_2,634,0.0490926057100296
gp_latent_2,635,-0.047289419919252396
gp_latent_2,636,-0.04347808659076691
gp_latent_2,637,-0.04685189947485924
gp_latent_2,638,-0.021299831569194794
gp_latent_2,639,-0.010536033660173416
gp_latent_2,640,-0.036972884088754654
gp_latent_2,641,0.05771458148956299
gp_latent_2,642,-0.03196699917316437
gp_latent_2,643,-0.08362135291099548
gp_latent_2,644,-0.07491905242204666
gp_latent_2,645,-0.034060679376125336
gp_latent_2,646,0.04859328642487526
gp_latent_2,647,0.06877299398183823
gp_latent_2,648,0.03246299549937248
gp_latent_2,649,0.03541635721921921
gp_latent_2,650,0.029646459966897964
gp_latent_2,651,0.0288007203489542
gp_latent_2,652,0.01865951158106327
gp_latent_2,653,0.020392509177327156
gp_latent_2,654,0.006035962142050266
gp_latent_2,655,-0.021641327068209648
gp_latent_2,656,0.018009908497333527
gp_latent_2,657,0.020318010821938515
gp_latent_2,658,0.004074952099472284
gp_latent_2,659,-0.023109104484319687
gp_latent_2,660,-0.028398726135492325
gp_latent_2,661,-0.0021772547625005245
gp_latent_2,662,-0.027625704184174538
gp_latent_2,663,-0.03293396160006523
gp_latent_2,664,-0.008359880186617374
gp_latent_2,665,0.026098638772964478
gp_latent_2,666,-0.0007833765121176839
gp_latent_2,667,0.047917600721120834
gp_latent_2,668,0.026154302060604095
gp_latent_2,669,-0.05172376334667206
gp_latent_2,670,0.005165363661944866
gp_latent_2,671,0.057030510157346725
gp_latent_2,672,0.03662746027112007
gp_latent_2,673,0.05941218510270119
gp_latent_2,674,0.024605069309473038
gp_latent_2,675,0.03314463794231415
gp_latent_2,676,0.028358183801174164
gp_latent_2,677,0.03792117163538933
gp_latent_2,678,-0.01237812265753746
gp_latent_2,679,-0.04986824840307236
gp_latent_2,680,-0.026570696383714676
gp_latent_2,681,-0.055554576218128204
gp_latent_2,682,-0.028908614069223404
gp_latent_2,683,-0.04869367927312851
gp_latent_2,684,-0.06517452001571655
gp_latent_2,685,-0.026911437511444092
gp_latent_2,686,-0.05462975427508354
gp_latent_2,687,-0.030019458383321762
gp_latent_2,688,-0.03294108808040619
gp_latent_2,689,-0.04027028754353523
gp_latent_2,690,-0.019868262112140656
gp_latent_2,691,-0.0035849204286932945
gp_latent_2,692,-0.005451580975204706
gp_latent_2,693,0.06859402358531952
gp_latent_2,694,0.0440044067800045
gp_latent_2,695,0.07337532192468643
gp_latent_2,696,0.05190710350871086
gp_latent_2,697,0.0503167062997818
gp_latent_2,698,0.06184576824307442
gp_latent_2,699,0.0753990113735199
gp_latent_2,700,0.060478344559669495
gp_latent_2,701,0.06413902342319489
gp_latent_2,702,0.03415369614958763
gp_latent_2,703,0.042318444699048996
gp_latent_2,704,-0.06103510782122612
gp_latent_2,705,-0.050591085106134415
gp_latent_2,706,-0.038046374917030334
gp_latent_2,707,-0.05052948370575905
gp_latent_2,708,-0.04825683310627937
gp_latent_2,709,-0.055022235959768295
gp_latent_2,710,-0.07195225358009338
gp_latent_2,711,-0.004682945553213358
gp_latent_2,712,-0.004224169999361038
gp_latent_2,713,-0.018358487635850906
gp_latent_2,714,-0.0013084227684885263
gp_latent_2,715,-0.014851362444460392
gp_latent_2,716,0.07168640196323395
gp_latent_2,717,0.02291119284927845
gp_latent_2,718,0.02803058736026287
gp_latent_2,719,0.004405341576784849
gp_latent_2,720,0.014259562827646732
gp_latent_2,721,0.030287953093647957
gp_latent_2,722,0.029889926314353943
gp_latent_2,723,0.035107072442770004
gp_latent_2,724,-0.01542748138308525
gp_latent_2,725,0.00787334144115448
gp_latent_2,726,0.004176287911832333
gp_latent_2,727,0.016973061487078667
gp_latent_2,728,0.0066580502316355705
gp_latent_2,729,0.07160153985023499
gp_latent_2,730,0.028673579916357994
gp_latent_2,731,0.0006450014188885689
gp_latent_2,732,-0.007356066256761551
gp_latent_2,733,-0.025059638544917107
gp_latent_2,734,-0.046467702835798264
gp_latent_2,735,0.05482921376824379
gp_latent_2,736,-0.012270793318748474
gp_latent_2,737,0.056329138576984406
gp_latent_2,738,-0.003945424221456051
gp_latent_2,739,0.02030261419713497
gp_latent_2,740,0.03274061530828476
gp_latent_2,741,0.020958125591278076
gp_latent_2,742,-0.005778514314442873
gp_latent_2,743,-0.009988294914364815
gp_latent_2,744,-0.027762621641159058
gp_latent_2,745,-0.04199829325079918
gp_latent_2,746,-0.05741443857550621
gp_latent_2,747,-0.05520632117986679
gp_latent_2,748,0.0424821712076664
gp_latent_2,749,0.010053022764623165
gp_latent_2,750,0.012966711074113846
gp_latent_2,751,-0.036766596138477325
gp_latent_2,752,0.03906511515378952
gp_latent_2,753,0.017698345705866814
gp_latent_2,754,-0.00619086530059576
gp_latent_2,755,-0.004564831964671612
gp_latent_2,756,0.011393347755074501
gp_latent_2,757,-0.06996279209852219
gp_latent_2,758,-0.08185381442308426
gp_latent_2,759,0.01224382221698761
gp_latent_2,760,0.02099793776869774
gp_latent_2,761,-0.019580509513616562
gp_latent_2,762,-0.009271977469325066
gp_latent_2,763,-0.05462019518017769
gp_latent_2,764,-0.013308720663189888
gp_latent_2,765,-0.009330840781331062
gp_latent_2,766,0.0038466928526759148
gp_latent_2,767,-0.0020330087281763554
gp_latent_2,768,0.011258071288466454
gp_latent_2,769,-0.019780103117227554
gp_latent_2,770,0.01629757508635521
gp_latent_2,771,-0.003811479080468416
gp_latent_2,772,-0.03374405577778816
gp_latent_2,773,-0.015738127753138542
gp_latent_2,774,-0.037120889872312546
gp_latent_2,775,-0.04479360952973366
gp_latent_2,776,0.016640568152070045
gp_latent_2,777,0.018890952691435814
gp_latent_2,778,0.010220748372375965
gp_latent_2,779,0.0048904092982411385
gp_latent_2,780,-0.013397956266999245
gp_latent_2,781,-0.05026211217045784
gp_latent_2,782,-0.04213307797908783
gp_latent_2,783,-0.05119131878018379
gp_latent_2,784,-0.0442938357591629
gp_latent_2,785,0.030671050772070885
gp_latent_2,786,0.011011720634996891
gp_latent_2,787,-0.003234084229916334
gp_latent_2,788,-0.011905073188245296
gp_latent_2,789,-0.02696833573281765
gp_latent_2,790,-0.037782326340675354
gp_latent_2,791,-0.039666980504989624
gp_latent_2,792,-0.043119415640830994
gp_latent_2,793,0.007457797881215811
gp_latent_2,794,0.0031894887797534466
gp_latent_2,795,0.04157142713665962
gp_latent_2,796,0.03657117486000061
gp_latent_2,797,-0.013023583218455315
gp_latent_2,798,0.034788262099027634
gp_latent_2,799,-0.03463882580399513
gp_latent_2,800,0.026454975828528404
gp_latent_2,801,-0.018952928483486176
gp_latent_2,802,0.001664020586758852
gp_latent_2,803,0.03695569187402725
gp_latent_2,804,-0.035944998264312744
gp_latent_2,805,-0.05096541717648506
gp_latent_2,806,-0.006773876957595348
gp_latent_2,807,-0.008357144892215729
gp_latent_2,808,-0.005454921163618565
gp_latent_2,809,-0.027362098917365074
gp_latent_2,810,-0.0033621215261518955
gp_latent_2,811,-0.04858784377574921
gp_latent_2,812,-0.037348706275224686
gp_latent_2,813,0.03085794672369957
gp_latent_2,814,0.005782870575785637
gp_latent_2,815,-0.014870045706629753
gp_latent_2,816,0.002519323956221342
gp_latent_2,817,-0.01992429606616497
gp_latent_2,818,-0.01878790371119976
gp_latent_2,819,-0.03345786780118942
gp_latent_2,820,-0.028224065899848938
gp_latent_2,821,-0.00851612351834774
gp_latent_2,822,-0.017906203866004944
gp_latent_2,823,-0.03661583364009857
gp_latent_2,824,-0.024430396035313606
gp_latent_2,825,-0.0150532191619277
gp_latent_2,826,-0.012741493992507458
gp_latent_2,827,0.008086424320936203
gp_latent_2,828,0.009616797789931297
gp_latent_2,829,-0.0006968564121052623
gp_latent_2,830,-0.0018881194991990924
gp_latent_2,831,0.004914032761007547
gp_latent_2,832,0.014651009812951088
gp_latent_2,833,-0.004482442978769541
gp_latent_2,834,0.024887438863515854
gp_latent_2,835,-0.0008810842409729958
gp_latent_2,836,0.007141503039747477
gp_latent_2,837,-0.01268052775412798
gp_latent_2,838,-0.01009999681264162
gp_latent_2,839,0.020877480506896973
gp_latent_2,840,0.03727298602461815
gp_latent_2,841,-0.02114040032029152
gp_latent_2,842,0.035010844469070435
gp_latent_2,843,0.06319025158882141
gp_latent_2,844,-0.023249560967087746
gp_latent_2,845,-0.012511376291513443
gp_latent_2,846,0.01910528913140297
gp_latent_2,847,-0.0014774141600355506
gp_latent_2,848,0.05572216585278511
gp_latent_2,849,-0.0038269618526101112
gp_latent_2,850,0.006251111160963774
gp_latent_2,851,-0.010189919732511044
gp_latent_2,852,0.04855718836188316
gp_latent_2,853,-0.017217665910720825
gp_latent_2,854,-0.0342240184545517
gp_latent_2,855,-0.04573734104633331
gp_latent_2,856,-0.019480325281620026
gp_latent_2,857,-0.06626211106777191
gp_latent_2,858,0.01836073026061058
gp_latent_2,859,-0.021676285192370415
gp_latent_2,860,-0.027213595807552338
gp_latent_2,861,-0.051015302538871765
gp_latent_2,862,0.07216771692037582
gp_latent_2,863,0.05770116299390793
gp_latent_2,864,0.011891404166817665
gp_latent_2,865,-0.010065674781799316
gp_latent_2,866,0.052817244082689285
gp_latent_2,867,-0.003331660758703947
gp_latent_2,868,-0.022346990182995796
gp_latent_2,869,-0.0008315038867294788
gp_latent_2,870,0.009963433258235455
gp_latent_2,871,-0.023911021649837494
gp_latent_2,872,0.04042220488190651
gp_latent_2,873,0.03391721844673157
gp_latent_2,874,-0.05014791712164879
gp_latent_2,875,-0.03515180945396423
gp_latent_2,876,-0.002153754001483321
gp_latent_2,877,-0.051710862666368484
gp_latent_2,878,-0.008932030759751797
gp_latent_2,879,-0.055901799350976944
gp_latent_2,880,0.004916803445667028
gp_latent_2,881,0.02339058183133602
gp_latent_2,882,-0.006137123331427574
gp_latent_2,883,0.0018949033692479134
gp_latent_2,884,-0.017262905836105347
gp_latent_2,885,0.03504791110754013
gp_latent_2,886,0.002411410678178072
gp_latent_2,887,0.006446735933423042
gp_latent_2,888,-0.025367461144924164
gp_latent_2,889,-0.008480992168188095
gp_latent_2,890,-0.04072697088122368
gp_latent_2,891,-0.03402763232588768
gp_latent_2,892,-0.056196197867393494
gp_latent_2,893,-0.04578537121415138
gp_latent_2,894,-0.05545909330248833
gp_latent_2,895,-0.00174506357870996
gp_latent_2,896,0.06594464182853699
gp_latent_2,897,-0.02053651586174965
gp_latent_2,898,0.008355317637324333
gp_latent_2,899,0.06556770205497742
gp_latent_2,900,0.03878435119986534
gp_latent_2,901,0.05235593020915985
gp_latent_2,902,-0.01134724635630846
gp_latent_2,903,0.01974128931760788
gp_latent_2,904,0.00515652634203434
gp_latent_2,905,0.014670612290501595
gp_latent_2,906,-0.00952097773551941
gp_latent_2,907,0.011996857821941376
gp_latent_2,908,0.062242548912763596
gp_latent_2,909,0.0013887803070247173
gp_latent_2,910,-0.011062449775636196
gp_latent_2,911,0.06121886894106865
gp_latent_2,912,0.039529282599687576
gp_latent_2,913,0.05845426768064499
gp_latent_2,914,0.03502734377980232
gp_latent_2,915,-0.05052023380994797
gp_latent_2,916,0.049231622368097305
gp_latent_2,917,-0.04790722206234932
gp_latent_2,918,0.008557671681046486
gp_latent_2,919,-6.846478208899498e-05
gp_latent_2,920,0.005988151766359806
gp_latent_2,921,0.046430960297584534
gp_latent_2,922,-0.03271484375
gp_latent_2,923,0.005235485266894102
gp_latent_2,924,-0.04700605571269989
gp_latent_2,925,-0.024684345349669456
gp_latent_2,926,0.006090151146054268
gp_latent_2,927,-0.0035135275684297085
gp_latent_2,928,-0.058597296476364136
gp_latent_2,929,0.024551987648010254
gp_latent_2,930,0.0058390311896800995
gp_latent_2,931,0.012651431374251842
gp_latent_2,932,0.07484765350818634
gp_latent_2,933,0.04886404424905777
gp_latent_2,934,0.020585058256983757
gp_latent_2,935,-0.007865699008107185
gp_latent_2,936,0.048504915088415146
gp_latent_2,937,0.047897808253765106
gp_latent_2,938,0.0012384008150547743
gp_latent_2,939,0.054192446172237396
gp_latent_2,940,0.014314047992229462
gp_latent_2,941,0.004719306714832783
gp_latent_2,942,0.049365442246198654
gp_latent_2,943,-0.0046460554003715515
gp_latent_2,944,0.05956188589334488
gp_latent_2,945,-0.01692664436995983
gp_latent_2,946,-0.01141491997987032
gp_latent_2,947,-0.004812401253730059
gp_latent_2,948,0.05163439363241196
gp_latent_2,949,0.025083664804697037
gp_latent_3,0,0.06859706342220306
gp_latent_3,1,-0.016557417809963226
gp_latent_3,2,0.01386196631938219
gp_latent_3,3,0.006333140656352043
gp_latent_3,4,0.0271756649017334
gp_latent_3,5,0.010671684518456459
gp_latent_3,6,0.0157479215413332
gp_latent_3,7,0.006195112131536007
gp_latent_3,8,0.0311517845839262
gp_latent_3,9,0.029704559594392776
gp_latent_3,10,0.013793835416436195
gp_latent_3,11,-0.018466295674443245
gp_latent_3,12,-0.007631851360201836
gp_latent_3,13,0.0253854189068079
gp_latent_3,14,0.01986638270318508
gp_latent_3,15,0.0022186539135873318
gp_latent_3,16,-0.0016465710941702127
gp_latent_3,17,0.006950438488274813
gp_latent_3,18,0.016137702390551567
gp_latent_3,19,-0.013096115551888943
gp_latent_3,20,-0.006960844621062279
gp_latent_3,21,0.03394730016589165
gp_latent_3,22,0.0005782223306596279
gp_latent_3,23,-0.02509649656713009
gp_latent_3,24,0.030841100960969925
gp_latent_3,25,0.007028511259704828
gp_latent_3,26,0.016404401510953903
gp_latent_3,27,0.020521409809589386
gp_latent_3,28,-0.011199092492461205
gp_latent_3,29,-0.018601348623633385
gp_latent_3,30,0.002431267173960805
gp_latent_3,31,-0.006518685724586248
gp_latent_3,32,-0.0015375802759081125
gp_latent_3,33,-0.01949525624513626
gp_latent_3,34,0.0011300286278128624
gp_latent_3,35,-0.03348281607031822
gp_latent_3,36,0.03722240403294563
gp_latent_3,37,0.00036798662040382624
gp_latent_3,38,-0.051884617656469345
gp_latent_3,39,0.052411552518606186
gp_latent_3,40,-0.022140080109238625
gp_latent_3,41,-0.003825043560937047
gp_latent_3,42,-0.018280133605003357
gp_latent_3,43,0.02722887694835663
gp_latent_3,44,-0.031056201085448265
gp_latent_3,45,-0.01570393145084381
gp_latent_3,46,0.021057598292827606
gp_latent_3,47,0.009129805490374565
gp_latent_3,48,0.03450121730566025
gp_latent_3,49,0.019478414207696915
gp_latent_3,50,0.03407334163784981
gp_latent_3,51,-0.009902581572532654
gp_latent_3,52,0.06252552568912506
gp_latent_3,53,0.021934140473604202
gp_latent_3,54,0.002839628141373396
gp_latent_3,55,-0.015836233273148537
gp_latent_3,56,-0.011524992994964123
gp_latent_3,57,0.02993939258158207
gp_latent_3,58,0.03742779418826103
gp_latent_3,59,-0.01222658809274435
gp_latent_3,60,0.04307747259736061
gp_latent_3,61,0.004457432776689529
gp_latent_3,62,-0.007775948848575354
gp_latent_3,63,0.04714227467775345
gp_latent_3,64,-0.031022636219859123
gp_latent_3,65,0.02510533481836319
gp_latent_3,66,0.02691718190908432
gp_latent_3,67,0.0022353380918502808
gp_latent_3,68,0.01121911033987999
gp_latent_3,69,0.028798457235097885
gp_latent_3,70,0.03266555070877075
gp_latent_3,71,0.05571363493800163
gp_latent_3,72,-0.02606651932001114
gp_latent_3,73,0.022250832989811897
gp_latent_3,74,-0.007900609634816647
gp_latent_3,75,0.08371804654598236
gp_latent_3,76,0.07282641530036926
gp_latent_3,77,0.0834650993347168
gp_latent_3,78,0.08712991327047348
gp_latent_3,79,-0.012203291058540344
gp_latent_3,80,0.07344267517328262
gp_latent_3,81,-0.010798257775604725
gp_latent_3,82,0.014545134268701077
gp_latent_3,83,0.04980858415365219
gp_latent_3,84,0.023487409576773643
gp_latent_3,85,0.019508272409439087
gp_latent_3,86,-0.020787877961993217
gp_latent_3,87,0.04406372830271721
gp_latent_3,88,-0.032302871346473694
gp_latent_3,89,0.03321564942598343
gp_latent_3,90,0.008963025175035
gp_latent_3,91,-0.03541219234466553
gp_latent_3,92,0.006520397495478392
gp_latent_3,93,0.019234292209148407
gp_latent_3,94,0.005435097962617874
gp_latent_3,95,-0.006878212094306946
gp_latent_3,96,-0.01164396945387125
gp_latent_3,97,0.011743920855224133
gp_latent_3,98,-0.02316664345562458
gp_latent_3,99,-0.015961067751049995
gp_latent_3,100,0.0013389075174927711
gp_latent_3,101,0.0025588381104171276
gp_latent_3,102,0.0060386257246136665
gp_latent_3,103,0.024945056065917015
gp_latent_3,104,-0.0016512623988091946
gp_latent_3,105,-0.0031617721542716026
gp_latent_3,106,-0.006003289483487606
gp_latent_3,107,0.016989178955554962
gp_latent_3,108,0.02953304909169674
gp_latent_3,109,0.046829987317323685
gp_latent_3,110,0.05206403136253357
gp_latent_3,111,0.04225007817149162
gp_latent_3,112,0.050052136182785034
gp_latent_3,113,0.0137681495398283
gp_latent_3,114,0.023784123361110687
gp_latent_3,115,-0.017506100237369537
gp_latent_3,116,-0.008525112643837929
gp_latent_3,117,0.01810530014336109
gp_latent_3,118,0.009051667526364326
gp_latent_3,119,-0.003933475352823734
gp_latent_3,120,0.008233594708144665
gp_latent_3,121,0.044561587274074554
gp_latent_3,122,0.05054638534784317
gp_latent_3,123,0.017016543075442314
gp_latent_3,124,0.02381961978971958
gp_latent_3,125,0.05036117136478424
gp_latent_3,126,0.003781406208872795
gp_latent_3,127,0.0518922433257103
gp_latent_3,128,0.0015481868758797646
gp_latent_3,129,0.013830872252583504
gp_latent_3,130,-0.014651433564722538
gp_latent_3,131,0.010947288013994694
gp_latent_3,132,0.03434012085199356
gp_latent_3,133,-0.030236169695854187
gp_latent_3,134,0.0479922741651535
gp_latent_3,135,0.03765220195055008
gp_latent_3,136,0.015203572809696198
gp_latent_3,137,-0.030322350561618805
gp_latent_3,138,-0.026898810639977455
gp_latent_3,139,-0.015579022467136383
gp_latent_3,140,0.035137344151735306
gp_latent_3,141,-0.01816543936729431
gp_latent_3,142,0.011349260807037354
gp_latent_3,143,-0.0006389623740687966
gp_latent_3,144,0.04727928340435028
gp_latent_3,145,0.002764484379440546
gp_latent_3,146,0.009610616602003574
gp_latent_3,147,0.0031210684683173895
gp_latent_3,148,0.016661610454320908
gp_latent_3,149,0.00408575776964426
gp_latent_3,150,0.006054961588233709
gp_latent_3,151,0.017754551023244858
gp_latent_3,152,-0.035761795938014984
gp_latent_3,153,-0.0038249576464295387
gp_latent_3,154,0.02819669060409069
gp_latent_3,155,0.0247260220348835
gp_latent_3,156,0.010253764688968658
gp_latent_3,157,0.03956637158989906
gp_latent_3,158,0.03721647709608078
gp_latent_3,159,0.049977727234363556
gp_latent_3,160,-0.007443364709615707
gp_latent_3,161,-0.02135499380528927
gp_latent_3,162,0.018994927406311035
gp_latent_3,163,0.020342696458101273
gp_latent_3,164,0.013704842887818813
gp_latent_3,165,0.005709531717002392
gp_latent_3,166,-0.008154178038239479
gp_latent_3,167,0.009132817387580872
gp_latent_3,168,0.017454752698540688
gp_latent_3,169,0.009171735495328903
gp_latent_3,170,0.04085308313369751
gp_latent_3,171,0.010099341161549091
gp_latent_3,172,0.0014642837923020124
gp_latent_3,173,-0.010678444057703018
gp_latent_3,174,0.03354412317276001
gp_latent_3,175,0.024769339710474014
gp_latent_3,176,-0.016243470832705498
gp_latent_3,177,0.009381590411067009
gp_latent_3,178,0.005954936146736145
gp_latent_3,179,0.02917512133717537
gp_latent_3,180,-0.03160635381937027
gp_latent_3,181,-0.004632906056940556
gp_latent_3,182,0.023721618577837944
gp_latent_3,183,0.022093921899795532
gp_latent_3,184,-0.004721761681139469
gp_latent_3,185,0.02827325277030468
gp_latent_3,186,0.03559696674346924
gp_latent_3,187,-0.037988994270563126
gp_latent_3,188,-0.005159262102097273
gp_latent_3,189,0.009996023960411549
gp_latent_3,190,0.014745734632015228
gp_latent_3,191,-0.019116384908556938
gp_latent_3,192,-0.026924794539809227
gp_latent_3,193,-0.0028910909313708544
gp_latent_3,194,-0.008206664584577084
gp_latent_3,195,0.03062516450881958
gp_latent_3,196,-0.024626366794109344
gp_latent_3,197,-2.5457004085183144e-05
gp_latent_3,198,0.012537861242890358
gp_latent_3,199,0.01952134072780609
gp_latent_3,200,-0.03941294550895691
gp_latent_3,201,0.032640594989061356
gp_latent_3,202,0.05474671348929405
gp_latent_3,203,0.006508961785584688
gp_latent_3,204,-0.045369815081357956
gp_latent_3,205,-0.07317125797271729
gp_latent_3,206,0.04383819177746773
gp_latent_3,207,0.030167102813720703
gp_latent_3,208,-0.005609812680631876
gp_latent_3,209,-0.007973556406795979
gp_latent_3,210,0.014757725410163403
gp_latent_3,211,0.020739220082759857
gp_latent_3,212,-0.003913726657629013
gp_latent_3,213,-0.015492348000407219
gp_latent_3,214,0.009851411916315556
gp_latent_3,215,0.05847468972206116
gp_latent_3,216,-0.0049588484689593315
gp_latent_3,217,-0.025342045351862907
gp_latent_3,218,0.010695531032979488
gp_latent_3,219,-0.004036568105220795
gp_latent_3,220,0.045496147125959396
gp_latent_3,221,0.016030902042984962
gp_latent_3,222,-0.07363535463809967
gp_latent_3,223,-0.03665044903755188
gp_latent_3,224,-0.0062972926534712315
gp_latent_3,225,0.01704968512058258
gp_latent_3,226,-0.002531097736209631
gp_latent_3,227,0.0497090145945549
gp_latent_3,228,0.029283959418535233
gp_latent_3,229,-0.03357324004173279
gp_latent_3,230,0.027615569531917572
gp_latent_3,231,0.01971183903515339
gp_latent_3,232,0.028511716052889824
gp_latent_3,233,0.017950156703591347
gp_latent_3,234,-0.023342855274677277
gp_latent_3,235,0.018152283504605293
gp_latent_3,236,-0.017729343846440315
gp_latent_3,237,-0.003644587006419897
gp_latent_3,238,0.033035799860954285
gp_latent_3,239,0.026400865986943245
gp_latent_3,240,0.053859464824199677
gp_latent_3,241,0.03853160887956619
gp_latent_3,242,0.010339371860027313
gp_latent_3,243,0.09920230507850647
gp_latent_3,244,0.07554122805595398
gp_latent_3,245,0.06877436488866806
gp_latent_3,246,0.019860882312059402
gp_latent_3,247,0.015406889840960503
gp_latent_3,248,-0.03162449225783348
gp_latent_3,249,0.009077806957066059
gp_latent_3,250,0.022823909297585487
gp_latent_3,251,0.01356952078640461
gp_latent_3,252,-0.01207056362181902
gp_latent_3,253,0.015918217599391937
gp_latent_3,254,0.03274208679795265
gp_latent_3,255,-0.03125566989183426
gp_latent_3,256,0.024069536477327347
gp_latent_3,257,0.01276447158306837
gp_latent_3,258,0.05330934748053551
gp_latent_3,259,0.06075654178857803
gp_latent_3,260,0.06158827990293503
gp_latent_3,261,-0.012675004079937935
gp_latent_3,262,0.025959337130188942
gp_latent_3,263,0.0583823025226593
gp_latent_3,264,0.01965358667075634
gp_latent_3,265,0.018679961562156677
gp_latent_3,266,0.013795926235616207
gp_latent_3,267,0.01731119304895401
gp_latent_3,268,0.02863646298646927
gp_latent_3,269,0.0306251160800457
gp_latent_3,270,0.06744023412466049
gp_latent_3,271,-0.02669023722410202
gp_latent_3,272,0.02893722802400589
gp_latent_3,273,-0.06545668840408325
gp_latent_3,274,0.038118310272693634
gp_latent_3,275,0.010955289006233215
gp_latent_3,276,0.022037193179130554
gp_latent_3,277,-0.00368689582683146
gp_latent_3,278,0.002748783677816391
gp_latent_3,279,-0.012548761442303658
gp_latent_3,280,-0.03616490215063095
gp_latent_3,281,-0.012614660896360874
gp_latent_3,282,-0.056750375777482986
gp_latent_3,283,-0.04265182465314865
gp_latent_3,284,0.04796452820301056
gp_latent_3,285,0.06458541005849838
gp_latent_3,286,-0.006262229755520821
gp_latent_3,287,-0.024987975135445595
gp_latent_3,288,0.007471498101949692
gp_latent_3,289,-0.007889211177825928
gp_latent_3,290,-0.06551303714513779
gp_latent_3,291,0.033755287528038025
gp_latent_3,292,0.02021011710166931
gp_latent_3,293,-0.040610842406749725
gp_latent_3,294,-0.0033011746127158403
gp_latent_3,295,0.0070445179007947445
gp_latent_3,296,0.016692429780960083
gp_latent_3,297,0.03598871827125549
gp_latent_3,298,0.012556853704154491
gp_latent_3,299,0.008530755527317524
gp_latent_3,300,-0.03187261149287224
gp_latent_3,301,-0.03331819549202919
gp_latent_3,302,-0.029084013774991035
gp_latent_3,303,-0.019057057797908783
gp_latent_3,304,0.03786412999033928
gp_latent_3,305,0.005283997394144535
gp_latent_3,306,0.041127197444438934
gp_latent_3,307,0.012827308848500252
gp_latent_3,308,0.03690880909562111
gp_latent_3,309,-0.023653937503695488
gp_latent_3,310,-0.05762998387217522
gp_latent_3,311,-0.006308992393314838
gp_latent_3,312,0.0368824303150177
gp_latent_3,313,-0.001532962080091238
gp_latent_3,314,0.03391808643937111
gp_latent_3,315,0.018556496128439903
gp_latent_3,316,-0.03243289887905121
gp_latent_3,317,-0.019465848803520203
gp_latent_3,318,0.0318620502948761
gp_latent_3,319,-0.02220591902732849
gp_latent_3,320,0.05038854852318764
gp_latent_3,321,0.035529974848032
gp_latent_3,322,0.041838716715574265
gp_latent_3,323,0.019543174654245377
gp_latent_3,324,0.0067042699083685875
gp_latent_3,325,0.014892869628965855
gp_latent_3,326,0.02205388806760311
gp_latent_3,327,0.025310665369033813
gp_latent_3,328,0.0029015420004725456
gp_latent_3,329,0.01732286438345909
gp_latent_3,330,0.0013849418610334396
gp_latent_3,331,-0.020670846104621887
gp_latent_3,332,0.013081619516015053
gp_latent_3,333,0.01922384276986122
gp_latent_3,334,0.017397766932845116
gp_latent_3,335,0.05131454020738602
gp_latent_3,336,0.0019691495690494776
gp_latent_3,337,0.010270068421959877
gp_latent_3,338,0.08952722698450089
gp_latent_3,339,0.08168532699346542
gp_latent_3,340,0.016250671818852425
gp_latent_3,341,-0.03150131180882454
gp_latent_3,342,0.038281165063381195
gp_latent_3,343,0.02563670091331005
gp_latent_3,344,-0.03301562741398811
gp_latent_3,345,0.028873642906546593
gp_latent_3,346,0.003847717307507992
gp_latent_3,347,-0.008300146088004112
gp_latent_3,348,0.05282343551516533
gp_latent_3,349,-0.018702393397688866
gp_latent_3,350,0.05070622265338898
gp_latent_3,351,0.028866663575172424
gp_latent_3,352,0.014041214250028133
gp_latent_3,353,0.0032105823047459126
gp_latent_3,354,0.027066467329859734
gp_latent_3,355,0.006626781076192856
gp_latent_3,356,-0.0032729092054069042
gp_latent_3,357,0.010373931378126144
gp_latent_3,358,0.011277101933956146
gp_latent_3,359,0.009676000103354454
gp_latent_3,360,0.009401184506714344
gp_latent_3,361,0.01371893472969532
gp_latent_3,362,-0.016419466584920883
gp_latent_3,363,0.023325633257627487
gp_latent_3,364,0.012843136675655842
gp_latent_3,365,0.010815907269716263
gp_latent_3,366,-0.0004889665869995952
gp_latent_3,367,0.021930091083049774
gp_latent_3,368,0.011446341872215271
gp_latent_3,369,0.021440165117383003
gp_latent_3,370,-0.010253289714455605
gp_latent_3,371,0.057136259973049164
gp_latent_3,372,-0.014732679352164268
gp_latent_3,373,-0.011567563749849796
gp_latent_3,374,0.02924470230937004
gp_latent_3,375,-0.024862945079803467
gp_latent_3,376,-0.0034326263703405857
gp_latent_3,377,-0.04543058201670647
gp_latent_3,378,-0.030720723792910576
gp_latent_3,379,0.042419008910655975
gp_latent_3,380,-0.0392405241727829
gp_latent_3,381,0.03957810997962952
gp_latent_3,382,0.045887768268585205
gp_latent_3,383,0.022156544029712677
gp_latent_3,384,-0.04652716591954231
gp_latent_3,385,0.009212660603225231
gp_latent_3,386,0.03751572221517563
gp_latent_3,387,0.011454267427325249
gp_latent_3,388,0.02753661572933197
gp_latent_3,389,0.04273402690887451
gp_latent_3,390,-0.0008309262339025736
gp_latent_3,391,0.0361194871366024
gp_latent_3,392,0.0462348610162735
gp_latent_3,393,-0.012607584707438946
gp_latent_3,394,-0.009246353060007095
gp_latent_3,395,0.05083596333861351
gp_latent_3,396,0.01269559096544981
gp_latent_3,397,-0.0004714471288025379
gp_latent_3,398,0.024990173056721687
gp_latent_3,399,-0.01223618071526289
gp_latent_3,400,0.034980408847332
gp_latent_3,401,0.05227897688746452
gp_latent_3,402,0.03893669694662094
gp_latent_3,403,-0.026209479197859764
gp_latent_3,404,0.03521368280053139
gp_latent_3,405,0.02992003783583641
gp_latent_3,406,0.009450843557715416
gp_latent_3,407,-0.0001147119328379631
gp_latent_3,408,-0.012535860762000084
gp_latent_3,409,0.0005999854765832424
gp_latent_3,410,-0.013675364665687084
gp_latent_3,411,0.005689107812941074
gp_latent_3,412,0.06517250835895538
gp_latent_3,413,0.002950096968561411
gp_latent_3,414,-0.00854476448148489
gp_latent_3,415,-0.005415276624262333
gp_latent_3,416,-0.025489220395684242
gp_latent_3,417,-0.03855562210083008
gp_latent_3,418,-0.017342884093523026
gp_latent_3,419,-0.025061195716261864
gp_latent_3,420,0.009112526662647724
gp_latent_3,421,0.037576474249362946
gp_latent_3,422,0.02171085961163044
gp_latent_3,423,0.0013769915094599128
gp_latent_3,424,0.014646396972239017
gp_latent_3,425,0.011129106394946575
gp_latent_3,426,-0.023821186274290085
gp_latent_3,427,0.0009978472953662276
gp_latent_3,428,-0.021163657307624817
gp_latent_3,429,0.015029415488243103
gp_latent_3,430,-0.04003404825925827
gp_latent_3,431,0.020048659294843674
gp_latent_3,432,-0.018595015630126
gp_latent_3,433,-0.0063115800730884075
gp_latent_3,434,-0.03913602605462074
gp_latent_3,435,-0.03917516767978668
gp_latent_3,436,-0.0065207104198634624
gp_latent_3,437,-0.07271111756563187
gp_latent_3,438,-0.02868257835507393
gp_latent_3,439,-0.03988875448703766
gp_latent_3,440,-0.019922323524951935
gp_latent_3,441,0.006132204085588455
gp_latent_3,442,0.01380307786166668
gp_latent_3,443,0.03300520405173302
gp_latent_3,444,0.010054066777229309
gp_latent_3,445,-0.04424777626991272
gp_latent_3,446,0.02717311680316925
gp_latent_3,447,-0.03332662954926491
gp_latent_3,448,-0.04694553092122078
gp_latent_3,449,-0.011931562796235085
gp_latent_3,450,-0.03389544412493706
gp_latent_3,451,0.017671793699264526
gp_latent_3,452,0.006457473151385784
gp_latent_3,453,0.014766142703592777
gp_latent_3,454,0.015198972076177597
gp_latent_3,455,0.0166182778775692
gp_latent_3,456,-0.030919821932911873
gp_latent_3,457,0.018978910520672798
gp_latent_3,458,-0.07013081759214401
gp_latent_3,459,0.00948577281087637
gp_latent_3,460,0.002958297962322831
gp_latent_3,461,-0.027878358960151672
gp_latent_3,462,0.02626185119152069
gp_latent_3,463,0.015169018879532814
gp_latent_3,464,-0.006663124542683363
gp_latent_3,465,-0.02727426402270794
gp_latent_3,466,-0.02436003088951111
gp_latent_3,467,0.011793121695518494
gp_latent_3,468,0.029338514432311058
gp_latent_3,469,-0.001669068355113268
gp_latent_3,470,0.0024368034210056067
gp_latent_3,471,0.026101281866431236
gp_latent_3,472,-0.04201421141624451
gp_latent_3,473,-0.03707113862037659
gp_latent_3,474,0.01028014812618494
gp_latent_3,475,0.024513311684131622
gp_latent_3,476,-0.03552281856536865
gp_latent_3,477,0.027828345075249672
gp_latent_3,478,0.03315660357475281
gp_latent_3,479,-0.04994063824415207
gp_latent_3,480,-0.006721957586705685
gp_latent_3,481,0.041810110211372375
gp_latent_3,482,0.021833812817931175
gp_latent_3,483,-0.03479703515768051
gp_latent_3,484,-0.04612601548433304
gp_latent_3,485,-0.0435856394469738
gp_latent_3,486,0.03307800740003586
gp_latent_3,487,0.023196719586849213
gp_latent_3,488,-0.0003758531529456377
gp_latent_3,489,0.03127289563417435
gp_latent_3,490,0.032015517354011536
gp_latent_3,491,0.0058421967551112175
gp_latent_3,492,-0.042505089193582535
gp_latent_3,493,-0.025562342256307602
gp_latent_3,494,-0.044995807111263275
gp_latent_3,495,-0.03873591870069504
gp_latent_3,496,-0.04681717976927757
gp_latent_3,497,-0.07972776889801025
gp_latent_3,498,-0.03419595956802368
gp_latent_3,499,-0.045495592057704926
gp_latent_3,500,0.054671820253133774
gp_latent_3,501,0.04268723353743553
gp_latent_3,502,0.03128238022327423
gp_latent_3,503,0.012255101464688778
gp_latent_3,504,-0.06104399263858795
gp_latent_3,505,0.028368188068270683
gp_latent_3,506,0.04050227627158165
gp_latent_3,507,0.038189955055713654
gp_latent_3,508,0.018361633643507957
gp_latent_3,509,-0.0037002097815275192
gp_latent_3,510,0.026122918352484703
gp_latent_3,511,-0.027658771723508835
gp_latent_3,512,-0.016914241015911102
gp_latent_3,513,-0.0005957626271992922
gp_latent_3,514,0.0037105786614120007
gp_latent_3,515,0.03760897368192673
gp_latent_3,516,-0.00918392464518547
gp_latent_3,517,-0.014175575226545334
gp_latent_3,518,-0.003483738051727414
gp_latent_3,519,-0.01902058720588684
gp_latent_3,520,-0.059057846665382385
gp_latent_3,521,-0.04806653410196304
gp_latent_3,522,-0.012946292757987976
gp_latent_3,523,-0.004372401628643274
gp_latent_3,524,-0.004787590354681015
gp_latent_3,525,0.02374168112874031
gp_latent_3,526,0.02348647080361843
gp_latent_3,527,0.07213325798511505
gp_latent_3,528,0.06381405889987946
gp_latent_3,529,-0.03278541564941406
gp_latent_3,530,-0.07847942411899567
gp_latent_3,531,-0.07023332267999649
gp_latent_3,532,-0.04508031904697418
gp_latent_3,533,0.05014120414853096
gp_latent_3,534,0.014709731563925743
gp_latent_3,535,-0.042588576674461365
gp_latent_3,536,0.007156965788453817
gp_latent_3,537,-0.03474581986665726
gp_latent_3,538,0.007832206785678864
gp_latent_3,539,0.043362244963645935
gp_latent_3,540,-0.022958574816584587
gp_latent_3,541,-0.03427029028534889
gp_latent_3,542,-0.03177856281399727
gp_latent_3,543,-0.018902568146586418
gp_latent_3,544,-0.01468285545706749
gp_latent_3,545,-0.02647377923130989
gp_latent_3,546,-0.01085786335170269
gp_latent_3,547,-0.0005972189828753471
gp_latent_3,548,-0.01696963608264923
gp_latent_3,549,-0.020097075030207634
gp_latent_3,550,0.001335029024630785
gp_latent_3,551,0.015678493306040764
gp_latent_3,552,0.028225107118487358
gp_latent_3,553,0.02868783287703991
gp_latent_3,554,0.07413274049758911
gp_latent_3,555,0.05506251007318497
gp_latent_3,556,0.06755493581295013
gp_latent_3,557,0.052662454545497894
gp_latent_3,558,0.047257766127586365
gp_latent_3,559,0.05516950413584709
gp_latent_3,560,0.06832224875688553
gp_latent_3,561,0.0628778412938118
gp_latent_3,562,0.06418763846158981
gp_latent_3,563,0.04526550695300102
gp_latent_3,564,0.05865193158388138
gp_latent_3,565,0.051735591143369675
gp_latent_3,566,0.05918862670660019
gp_latent_3,567,0.05891502648591995
gp_latent_3,568,0.043365273624658585
gp_latent_3,569,0.0695459246635437
gp_latent_3,570,0.07396756857633591
gp_latent_3,571,0.08224118500947952
gp_latent_3,572,0.05363282561302185
gp_latent_3,573,0.06213070824742317
gp_latent_3,574,0.044122882187366486
gp_latent_3,575,-0.05985310673713684
gp_latent_3,576,-0.05202524736523628
gp_latent_3,577,-0.06263837218284607
gp_latent_3,578,-0.05496088042855263
gp_latent_3,579,-0.05412999540567398
gp_latent_3,580,-0.04851200059056282
gp_latent_3,581,0.03721712902188301
gp_latent_3,582,0.05395759642124176
gp_latent_3,583,-0.0161832757294178
gp_latent_3,584,-0.004539054352790117
gp_latent_3,585,0.0272983331233263
gp_latent_3,586,0.05784647539258003
gp_latent_3,587,0.07610536366701126
gp_latent_3,588,0.07906176149845123
gp_latent_3,589,-0.02123934216797352
gp_latent_3,590,-0.05366775020956993
gp_latent_3,591,0.0816727951169014
gp_latent_3,592,-0.09317963570356369
gp_latent_3,593,-0.010503074154257774
gp_latent_3,594,0.04483669996261597
gp_latent_3,595,0.019352689385414124
gp_latent_3,596,0.06422309577465057
gp_latent_3,597,0.07243134826421738
gp_latent_3,598,0.053173962980508804
gp_latent_3,599,-0.04587351530790329
gp_latent_3,600,-0.046989861875772476
gp_latent_3,601,-0.05584922060370445
gp_latent_3,602,0.06590661406517029
gp_latent_3,603,0.027008166536688805
gp_latent_3,604,0.06001971662044525
gp_latent_3,605,0.060616638511419296
gp_latent_3,606,0.05886051803827286
gp_latent_3,607,0.06853358447551727
gp_latent_3,608,0.06854041665792465
gp_latent_3,609,0.05308983102440834
gp_latent_3,610,0.05003171041607857
gp_latent_3,611,0.047251541167497635
gp_latent_3,612,-0.013672539964318275
gp_latent_3,613,0.009853108786046505
gp_latent_3,614,0.020669138059020042
gp_latent_3,615,0.016874181106686592
gp_latent_3,616,0.0002466517616994679
gp_latent_3,617,0.0222182497382164
gp_latent_3,618,-0.023974046111106873
gp_latent_3,619,-0.0033220623154193163
gp_latent_3,620,-0.00409122696146369
gp_latent_3,621,-0.01769191399216652
gp_latent_3,622,-0.030407657846808434
gp_latent_3,623,-0.03128407895565033
gp_latent_3,624,-0.04121014475822449
gp_latent_3,625,0.044360458850860596
gp_latent_3,626,0.0565522275865078
gp_latent_3,627,0.052103202790021896
gp_latent_3,628,-0.023406174033880234
gp_latent_3,629,-0.025584248825907707
gp_latent_3,630,-0.021064314991235733
gp_latent_3,631,-0.013583407737314701
gp_latent_3,632,-0.04212482273578644
gp_latent_3,633,-0.022203244268894196
gp_latent_3,634,-0.015628904104232788
gp_latent_3,635,0.060499388724565506
gp_latent_3,636,0.06680668890476227
gp_latent_3,637,0.06898891180753708
gp_latent_3,638,-0.05354054644703865
gp_latent_3,639,0.012432442978024483
gp_latent_3,640,0.05253425985574722
gp_latent_3,641,-0.059840016067028046
gp_latent_3,642,0.033733151853084564
gp_latent_3,643,0.06572914123535156
gp_latent_3,644,0.07167058438062668
gp_latent_3,645,-0.0010990970768034458
gp_latent_3,646,-0.043044716119766235
gp_latent_3,647,-0.051562950015068054
gp_latent_3,648,0.04999353736639023
gp_latent_3,649,0.057835571467876434
gp_latent_3,650,0.05442404747009277
gp_latent_3,651,0.05185692384839058
gp_latent_3,652,0.05628528073430061
gp_latent_3,653,0.04283995181322098
gp_latent_3,654,-0.0251015555113554
gp_latent_3,655,-0.006747313775122166
gp_latent_3,656,0.051813945174217224
gp_latent_3,657,0.06909920275211334
gp_latent_3,658,-0.011076023802161217
gp_latent_3,659,-0.0028863053303211927
gp_latent_3,660,-0.05755734071135521
gp_latent_3,661,-0.034241292625665665
gp_latent_3,662,-0.007330031134188175
gp_latent_3,663,0.06335548311471939
gp_latent_3,664,0.014334142208099365
gp_latent_3,665,-0.017926257103681564
gp_latent_3,666,-0.007352009415626526
gp_latent_3,667,0.051388196647167206
gp_latent_3,668,0.04291192814707756
gp_latent_3,669,0.07968911528587341
gp_latent_3,670,0.04873158037662506
gp_latent_3,671,-0.03612411022186279
gp_latent_3,672,-0.021022649481892586
gp_latent_3,673,-0.005584718193858862
gp_latent_3,674,-0.003471212927252054
gp_latent_3,675,-0.017645101994276047
gp_latent_3,676,-0.008156604133546352
gp_latent_3,677,-0.010926593095064163
gp_latent_3,678,0.013024205341935158
gp_latent_3,679,0.0709749311208725
gp_latent_3,680,0.07043632119894028
gp_latent_3,681,0.0788126289844513
gp_latent_3,682,0.07179803401231766
gp_latent_3,683,0.054047469049692154
gp_latent_3,684,0.06123845651745796
gp_latent_3,685,0.05752648413181305
gp_latent_3,686,0.05304908752441406
gp_latent_3,687,0.05355808883905411
gp_latent_3,688,0.07950633019208908
gp_latent_3,689,0.07651211321353912
gp_latent_3,690,-0.0009629386477172375
gp_latent_3,691,-0.040992479771375656
gp_latent_3,692,-0.0418219156563282
gp_latent_3,693,-0.05591565743088722
gp_latent_3,694,-0.0529416985809803
gp_latent_3,695,-0.07053042203187943
gp_latent_3,696,-0.048298437148332596
gp_latent_3,697,-0.05942147970199585
gp_latent_3,698,-0.06111321970820427
gp_latent_3,699,-0.05730799213051796
gp_latent_3,700,-0.07381807267665863
gp_latent_3,701,-0.06644684821367264
gp_latent_3,702,-0.033503808081150055
gp_latent_3,703,-0.010193324647843838
gp_latent_3,704,0.055425748229026794
gp_latent_3,705,0.05540676787495613
gp_latent_3,706,0.055105749517679214
gp_latent_3,707,0.07218902558088303
gp_latent_3,708,0.0642661452293396
gp_latent_3,709,0.07626490294933319
gp_latent_3,710,0.06400293856859207
gp_latent_3,711,-0.03537697345018387
gp_latent_3,712,-0.029722513630986214
gp_latent_3,713,-0.040321022272109985
gp_latent_3,714,-0.054443810135126114
gp_latent_3,715,-0.03777645528316498
gp_latent_3,716,-0.058017898350954056
gp_latent_3,717,0.04819416254758835
gp_latent_3,718,0.059307701885700226
gp_latent_3,719,0.05535329505801201
gp_latent_3,720,0.05285150930285454
gp_latent_3,721,0.0715852677822113
gp_latent_3,722,0.064751535654068
gp_latent_3,723,0.061302345246076584
gp_latent_3,724,-0.005413941107690334
gp_latent_3,725,-0.0073813823983073235
gp_latent_3,726,-0.018412506207823753
gp_latent_3,727,-0.010825575329363346
gp_latent_3,728,-0.010744258761405945
gp_latent_3,729,-0.049788039177656174
gp_latent_3,730,0.05978943780064583
gp_latent_3,731,0.0036058002151548862
gp_latent_3,732,-0.009142503142356873
gp_latent_3,733,0.06398559361696243
gp_latent_3,734,0.07279372215270996
gp_latent_3,735,-0.08261308819055557
gp_latent_3,736,-0.02225346490740776
gp_latent_3,737,0.03889660909771919
gp_latent_3,738,-0.020698895677924156
gp_latent_3,739,-0.022845569998025894
gp_latent_3,740,-0.013304656371474266
gp_latent_3,741,-0.04223549738526344
gp_latent_3,742,0.003253400791436434
gp_latent_3,743,-0.02185983397066593
gp_latent_3,744,0.004839571192860603
gp_latent_3,745,-0.03412451222538948
gp_latent_3,746,-0.0451187863945961
gp_latent_3,747,-0.06020328775048256
gp_latent_3,748,0.043539248406887054
gp_latent_3,749,-0.003845556639134884
gp_latent_3,750,-0.021533655002713203
gp_latent_3,751,0.030657511204481125
gp_latent_3,752,0.024768423289060593
gp_latent_3,753,0.03539205342531204
gp_latent_3,754,-0.02346431463956833
gp_latent_3,755,0.007577582262456417
gp_latent_3,756,-0.01401894073933363
gp_latent_3,757,-0.03987720236182213
gp_latent_3,758,-0.03826116770505905
gp_latent_3,759,0.04386422038078308
gp_latent_3,760,0.03733149543404579
gp_latent_3,761,-0.0074444664642214775
gp_latent_3,762,-0.06930612772703171
gp_latent_3,763,-0.03794926032423973
gp_latent_3,764,0.020609067752957344
gp_latent_3,765,-0.014540348201990128
gp_latent_3,766,-0.009892961010336876
gp_latent_3,767,-0.032887157052755356
gp_latent_3,768,0.05337675288319588
gp_latent_3,769,0.0058304313570261
gp_latent_3,770,-0.019725123420357704
gp_latent_3,771,0.01220132689923048
gp_latent_3,772,-0.014748658984899521
gp_latent_3,773,0.00011047953739762306
gp_latent_3,774,0.004400373436510563
gp_latent_3,775,0.008565985597670078
gp_latent_3,776,-0.033455174416303635
gp_latent_3,777,0.002749271225184202
gp_latent_3,778,-0.022265516221523285
gp_latent_3,779,0.013414938934147358
gp_latent_3,780,0.007936236448585987
gp_latent_3,781,0.009229484014213085
gp_latent_3,782,0.02263481728732586
gp_latent_3,783,-0.006158016622066498
gp_latent_3,784,0.005498233251273632
gp_latent_3,785,0.03888709843158722
gp_latent_3,786,0.03813668340444565
gp_latent_3,787,-0.060316283255815506
gp_latent_3,788,-0.047596275806427
gp_latent_3,789,-0.003949998412281275
gp_latent_3,790,0.009542640298604965
gp_latent_3,791,-0.004343612119555473
gp_latent_3,792,0.0009882994927465916
gp_latent_3,793,-0.02073320373892784
gp_latent_3,794,-0.03589071333408356
gp_latent_3,795,-0.030590763315558434
gp_latent_3,796,-0.009100313298404217
gp_latent_3,797,0.024752598255872726
gp_latent_3,798,-0.017180269584059715
gp_latent_3,799,0.019418662413954735
gp_latent_3,800,0.03946297988295555
gp_latent_3,801,-0.009966913610696793
gp_latent_3,802,0.03474417328834534
gp_latent_3,803,0.042967990040779114
gp_latent_3,804,0.004530999809503555
gp_latent_3,805,-0.040489111095666885
gp_latent_3,806,0.004769137129187584
gp_latent_3,807,0.03606967255473137
gp_latent_3,808,0.015210092067718506
gp_latent_3,809,-0.0014762480277568102
gp_latent_3,810,0.008670984767377377
gp_latent_3,811,-0.02937919646501541
gp_latent_3,812,-0.030323224142193794
gp_latent_3,813,0.0064002894796431065
gp_latent_3,814,-0.07081332802772522
gp_latent_3,815,-0.052506644278764725
gp_latent_3,816,0.029290076345205307
gp_latent_3,817,0.014163489453494549
gp_latent_3,818,-0.0030663814395666122
gp_latent_3,819,0.02096700295805931
gp_latent_3,820,0.017756082117557526
gp_latent_3,821,0.02454184554517269
gp_latent_3,822,0.01947459951043129
gp_latent_3,823,-0.027202550321817398
gp_latent_3,824,-0.009795578196644783
gp_latent_3,825,-0.0368107408285141
gp_latent_3,826,-0.05782582238316536
gp_latent_3,827,-0.06492511183023453
gp_latent_3,828,0.019531335681676865
gp_latent_3,829,0.018156522884964943
gp_latent_3,830,-0.017412710934877396
gp_latent_3,831,0.007798525504767895
gp_latent_3,832,0.018819062039256096
gp_latent_3,833,-0.001843161415308714
gp_latent_3,834,0.0016812514513731003
gp_latent_3,835,0.02626965194940567
gp_latent_3,836,-0.014386041089892387
gp_latent_3,837,0.0066621750593185425
gp_latent_3,838,0.013905628584325314
gp_latent_3,839,-0.006267544813454151
gp_latent_3,840,0.05031993240118027
gp_latent_3,841,0.015478251501917839
gp_latent_3,842,-0.02602747641503811
gp_latent_3,843,-0.002322886139154434
gp_latent_3,844,-0.001128351897932589
gp_latent_3,845,0.029047325253486633
gp_latent_3,846,-0.01255104597657919
gp_latent_3,847,-0.010427253320813179
gp_latent_3,848,-0.028129907324910164
gp_latent_3,849,-0.04158000648021698
gp_latent_3,850,0.0029130589682608843
gp_latent_3,851,0.007149226497858763
gp_latent_3,852,-0.0010803277837112546
gp_latent_3,853,0.015845496207475662
gp_latent_3,854,0.005844110623002052
gp_latent_3,855,0.0030592656694352627
gp_latent_3,856,0.03019365668296814
gp_latent_3,857,0.010096573270857334
gp_latent_3,858,0.017710044980049133
gp_latent_3,859,0.0021896124817430973
gp_latent_3,860,0.002091434085741639
gp_latent_3,861,0.018586574122309685
gp_latent_3,862,-0.016425414010882378
gp_latent_3,863,-0.017092389985919
gp_latent_3,864,0.003649401478469372
gp_latent_3,865,0.004189981613308191
gp_latent_3,866,-0.0024804959539324045
gp_latent_3,867,0.017695417627692223
gp_latent_3,868,-0.028179023414850235
gp_latent_3,869,0.032163552939891815
gp_latent_3,870,-0.04998082295060158
gp_latent_3,871,0.02342153526842594
gp_latent_3,872,-0.017600489780306816
gp_latent_3,873,-0.004894311539828777
gp_latent_3,874,0.027562832459807396
gp_latent_3,875,0.019190417602658272
gp_latent_3,876,0.03637275472283363
gp_latent_3,877,-0.0012755966745316982
gp_latent_3,878,-0.009841211140155792
gp_latent_3,879,-0.052061788737773895
gp_latent_3,880,-0.07231985032558441
gp_latent_3,881,0.03491221368312836
gp_latent_3,882,0.0121550178155303
gp_latent_3,883,0.026341423392295837
gp_latent_3,884,-0.04253973439335823
gp_latent_3,885,0.02328244410455227
gp_latent_3,886,0.0058999983593821526
gp_latent_3,887,-0.0352388434112072
gp_latent_3,888,-0.039281826466321945
gp_latent_3,889,0.00659699272364378
gp_latent_3,890,0.004464884288609028
gp_latent_3,891,-0.007650384213775396
gp_latent_3,892,-0.03568214550614357
gp_latent_3,893,-0.03087862767279148
gp_latent_3,894,-0.023659422993659973
gp_latent_3,895,-0.031141946092247963
gp_latent_3,896,-0.04240322485566139
gp_latent_3,897,0.019263649359345436
gp_latent_3,898,-0.012899103574454784
gp_latent_3,899,-0.032765038311481476
gp_latent_3,900,-0.04696943983435631
gp_latent_3,901,-0.03796856477856636
gp_latent_3,902,0.004101584665477276
gp_latent_3,903,-0.008041217923164368
gp_latent_3,904,-0.05790366232395172
gp_latent_3,905,-0.07523854076862335
gp_latent_3,906,-0.06028110533952713
gp_latent_3,907,-0.04561714828014374
gp_latent_3,908,-0.040934544056653976
gp_latent_3,909,0.043859656900167465
gp_latent_3,910,0.03980455547571182
gp_latent_3,911,-0.03738543391227722
gp_latent_3,912,-0.03560764715075493
gp_latent_3,913,-0.030679976567626
gp_latent_3,914,0.0010240781120955944
gp_latent_3,915,-0.010069578886032104
gp_latent_3,916,-0.027118220925331116
gp_latent_3,917,-0.03978966921567917
gp_latent_3,918,-0.00333699444308877
gp_latent_3,919,-0.05153921619057655
gp_latent_3,920,-0.04023592919111252
gp_latent_3,921,0.02646893821656704
gp_latent_3,922,-0.014670044183731079
gp_latent_3,923,0.015623694285750389
gp_latent_3,924,0.02516854554414749
gp_latent_3,925,0.042937856167554855
gp_latent_3,926,0.02124377340078354
gp_latent_3,927,0.036867983639240265
gp_latent_3,928,-0.0023144655860960484
gp_latent_3,929,-0.0039531090296804905
gp_latent_3,930,0.021634740754961967
gp_latent_3,931,0.00272303051315248
gp_latent_3,932,-0.03290887549519539
gp_latent_3,933,-0.0497000515460968
gp_latent_3,934,-0.03616886958479881
gp_latent_3,935,-0.02071859873831272
gp_latent_3,936,-0.033619221299886703
gp_latent_3,937,-0.05010192468762398
gp_latent_3,938,-0.01721365377306938
gp_latent_3,939,-0.03933556005358696
gp_latent_3,940,-0.06780622899532318
gp_latent_3,941,-0.006966223008930683
gp_latent_3,942,0.04649721086025238
gp_latent_3,943,0.03529665991663933
gp_latent_3,944,-0.025921441614627838
gp_latent_3,945,-0.07333486527204514
gp_latent_3,946,-0.0038677570410072803
gp_latent_3,947,0.004917736165225506
gp_latent_3,948,-0.023532122373580933
gp_latent_3,949,0.012295668944716454
class_intercept,0,0.1568913608789444
class_intercept,1,0.6297145485877991
class_intercept,2,-0.46574297547340393
class_intercept,3,-0.13710694015026093
class_share,0,0.2317158281803131
class_share,1,0.5579856038093567
class_share,2,0.07939942181110382
class_share,3,0.13089919090270996
beta_raw,"0,0",3.4118924140930176
beta_raw,"0,1",1.4010108709335327
beta_raw,"1,0",2.5740714073181152
beta_raw,"1,1",9.856739044189453
beta_raw,"2,0",1.500232219696045
beta_raw,"2,1",2.9201395511627197
beta_raw,"3,0",-2.446918249130249
beta_raw,"3,1",-3.7232205867767334
asc_raw,"0,0",-1.7395890951156616
asc_raw,"0,1",-1.7329148054122925
asc_raw,"1,0",-0.451374351978302
asc_raw,"1,1",1.2815338373184204
asc_raw,"2,0",-1.31692636013031
asc_raw,"2,1",3.3869004249572754
asc_raw,"3,0",-0.04782983660697937
asc_raw,"3,1",-1.8786711692810059
