param,index,value
kappa,0,0.04553110897541046
kappa,1,0.03992033004760742
kappa,2,0.04231184348464012
kappa,3,0.04545118287205696
kappa,4,0.05444173142313957
kappa,5,0.0384368896484375
lengthscale,0,0.44982966780662537
lengthscale,1,0.3636522591114044
lengthscale,2,0.38425981998443604
lengthscale,3,0.36737939715385437
lengthscale,4,0.5900558829307556
lengthscale,5,0.3779563903808594
gp_latent_0,0,-0.027777163311839104
gp_latent_0,1,-0.003657425520941615
gp_latent_0,2,-0.052110787481069565
gp_latent_0,3,-0.04598496854305267
gp_latent_0,4,-0.01654278114438057
gp_latent_0,5,-0.03007674589753151
gp_latent_0,6,0.006835577078163624
gp_latent_0,7,-0.02433123253285885
gp_latent_0,8,-0.04575824365019798
gp_latent_0,9,0.0024629964027553797
gp_latent_0,10,-0.0319368802011013
gp_latent_0,11,-0.016896992921829224
gp_latent_0,12,-0.041805971413850784
gp_latent_0,13,-0.04779675230383873
gp_latent_0,14,-0.05155934765934944
gp_latent_0,15,-0.044411685317754745
gp_latent_0,16,0.028671452775597572
gp_latent_0,17,0.039844147861003876
gp_latent_0,18,0.008943842723965645
gp_latent_0,19,-0.012590115889906883
gp_latent_0,20,-0.0057373810559511185
gp_latent_0,21,-0.041655562818050385
gp_latent_0,22,0.00040960480691865087
gp_latent_0,23,0.004924261476844549
gp_latent_0,24,-0.04586487635970116
gp_latent_0,25,-0.0016824547201395035
gp_latent_0,26,-0.05828762799501419
gp_latent_0,27,-0.05135117098689079
gp_latent_0,28,0.0025983790401369333
gp_latent_0,29,-0.001118253916501999
gp_latent_0,30,-0.005771704018115997
gp_latent_0,31,0.012255463749170303
gp_latent_0,32,-0.011094631627202034
gp_latent_0,33,-0.004335921257734299
gp_latent_0,34,-0.01735539734363556
gp_latent_0,35,-0.009804921224713326
gp_latent_0,36,-0.015465951524674892
gp_latent_0,37,-0.027122754603624344
gp_latent_0,38,0.04645835608243942
gp_latent_0,39,-0.000991116277873516
gp_latent_0,40,0.01644844003021717
gp_latent_0,41,0.031436700373888016
gp_latent_0,42,-0.011564362794160843
gp_latent_0,43,-0.027969853952527046
gp_latent_0,44,0.02909618616104126
gp_latent_0,45,0.006680594757199287
gp_latent_0,46,0.015823006629943848
gp_latent_0,47,-0.016179820522665977
gp_latent_0,48,0.037073493003845215
gp_latent_0,49,0.004354695789515972
gp_latent_0,50,-0.007383387070149183
gp_latent_0,51,-0.0032171225175261497
gp_latent_0,52,-0.05687948316335678
gp_latent_0,53,0.009639875963330269
gp_latent_0,54,-0.012398545630276203
gp_latent_0,55,0.030058590695261955
gp_latent_0,56,0.04142126813530922
gp_latent_0,57,-0.021971728652715683
gp_latent_0,58,-0.055610381066799164
gp_latent_0,59,-0.02755775675177574
gp_latent_0,60,-0.04558805748820305
gp_latent_0,61,0.019314641132950783
gp_latent_0,62,-0.005073683802038431
gp_latent_0,63,-0.007874317467212677
gp_latent_0,64,-0.013151105493307114
gp_latent_0,65,-0.033916667103767395
gp_latent_0,66,0.02693891152739525
gp_latent_0,67,0.006572309881448746
gp_latent_0,68,-0.006944292690604925
gp_latent_0,69,-0.03454545512795448
gp_latent_0,70,-0.05071692913770676
gp_latent_0,71,0.029561176896095276
gp_latent_0,72,-0.01614409312605858
gp_latent_0,73,0.030900422483682632
gp_latent_0,74,0.018750566989183426
gp_latent_0,75,0.032774653285741806
gp_latent_0,76,0.031880978494882584
gp_latent_0,77,0.02786405198276043
gp_latent_0,78,0.028594007715582848
gp_latent_0,79,0.012985912151634693
gp_latent_0,80,0.0436321422457695
gp_latent_0,81,0.015946030616760254
gp_latent_0,82,-0.018008217215538025
gp_latent_0,83,-0.04012900963425636
gp_latent_0,84,-0.052828941494226456
gp_latent_0,85,-0.003977794665843248
gp_latent_0,86,-0.0018681625369936228
gp_latent_0,87,0.044158048927783966
gp_latent_0,88,-0.011531994678080082
gp_latent_0,89,-0.012853211723268032
gp_latent_0,90,-0.024887802079319954
gp_latent_0,91,-0.0076330890879035
gp_latent_0,92,-0.013523650355637074
gp_latent_0,93,-0.0083825858309865
gp_latent_0,94,-0.03626999631524086
gp_latent_0,95,0.0025910758413374424
gp_latent_0,96,-0.02786966972053051
gp_latent_0,97,-0.006844730116426945
gp_latent_0,98,-0.018783336505293846
gp_latent_0,99,-0.00452252384275198
gp_latent_0,100,-0.01765822060406208
gp_latent_0,101,-0.0067159817554056644
gp_latent_0,102,-0.018136397004127502
gp_latent_0,103,-0.01258775219321251
gp_latent_0,104,-0.005464163608849049
gp_latent_0,105,-0.014123080298304558
gp_latent_0,106,-0.01628500409424305
gp_latent_0,107,0.009575010277330875
gp_latent_0,108,-0.05972140282392502
gp_latent_0,109,-0.05726948380470276
gp_latent_0,110,-0.04612928628921509
gp_latent_0,111,-0.05203965678811073
gp_latent_0,112,-0.07110752910375595
gp_latent_0,113,-0.027903223410248756
gp_latent_0,114,-0.005619443953037262
gp_latent_0,115,0.0015965902712196112
gp_latent_0,116,-0.006199019029736519
gp_latent_0,117,-0.0037421633023768663
gp_latent_0,118,0.0047929235734045506
gp_latent_0,119,0.001706261420622468
gp_latent_0,120,0.01858678087592125
gp_latent_0,121,-0.0100044384598732
gp_latent_0,122,-0.04940710589289665
gp_latent_0,123,-0.046960607171058655
gp_latent_0,124,-0.006825210526585579
gp_latent_0,125,-0.07573901861906052
gp_latent_0,126,0.016860250383615494
gp_latent_0,127,-0.05418771505355835
gp_latent_0,128,-0.0135340029373765
gp_latent_0,129,-0.00644322857260704
gp_latent_0,130,0.008431557565927505
gp_latent_0,131,0.005266744643449783
gp_latent_0,132,0.008314443752169609
gp_latent_0,133,0.02471286430954933
gp_latent_0,134,0.049519602209329605
gp_latent_0,135,0.04282986372709274
gp_latent_0,136,-0.0009766060393303633
gp_latent_0,137,-0.035796280950307846
gp_latent_0,138,-0.01696486584842205
gp_latent_0,139,-0.0006112323608249426
gp_latent_0,140,0.03460662439465523
gp_latent_0,141,-0.012821303680539131
gp_latent_0,142,-0.0288546159863472
gp_latent_0,143,-0.01955314353108406
gp_latent_0,144,0.055868107825517654
gp_latent_0,145,-0.021688062697649002
gp_latent_0,146,-0.028021620586514473
gp_latent_0,147,-0.014139996841549873
gp_latent_0,148,-0.004536766093224287
gp_latent_0,149,0.0020368751138448715
gp_latent_0,150,0.016764722764492035
gp_latent_0,151,-0.0979623794555664
gp_latent_0,152,-0.018583808094263077
gp_latent_0,153,0.019585132598876953
gp_latent_0,154,-0.09806658327579498
gp_latent_0,155,-0.10891646891832352
gp_latent_0,156,-0.006925201043486595
gp_latent_0,157,-0.01136860903352499
gp_latent_0,158,0.034994810819625854
gp_latent_0,159,-0.02662726305425167
gp_latent_0,160,-0.011244547553360462
gp_latent_0,161,-0.012065358459949493
gp_latent_0,162,-0.018760915845632553
gp_latent_0,163,-0.022302821278572083
gp_latent_0,164,-0.02125183492898941
gp_latent_0,165,-0.003975678700953722
gp_latent_0,166,0.0013799567241221666
gp_latent_0,167,-0.025795532390475273
gp_latent_0,168,-0.0136114452034235
gp_latent_0,169,-0.03766898810863495
gp_latent_0,170,-0.042174022644758224
gp_latent_0,171,-0.018350422382354736
gp_latent_0,172,-0.003109194803982973
gp_latent_0,173,-0.008815135806798935
gp_latent_0,174,-0.11600139737129211
gp_latent_0,175,-0.00404123542830348
gp_latent_0,176,0.054717160761356354
gp_latent_0,177,-0.011838898994028568
gp_latent_0,178,0.016616716980934143
gp_latent_0,179,0.014634905382990837
gp_latent_0,180,0.028371907770633698
gp_latent_0,181,-0.013544771820306778
gp_latent_0,182,-0.015120396390557289
gp_latent_0,183,-0.005403618328273296
gp_latent_0,184,0.023200619965791702
gp_latent_0,185,-0.012563182041049004
gp_latent_0,186,0.005905379541218281
gp_latent_0,187,-0.031169109046459198
gp_latent_0,188,0.005864663980901241
gp_latent_0,189,0.010832903906702995
gp_latent_0,190,-0.06856659054756165
gp_latent_0,191,-0.06270196288824081
gp_latent_0,192,-0.03871479257941246
gp_latent_0,193,-0.03161852806806564
gp_latent_0,194,-0.0027796002104878426
gp_latent_0,195,0.04538816213607788
gp_latent_0,196,0.008190775290131569
gp_latent_0,197,0.018981054425239563
gp_latent_0,198,-0.026336610317230225
gp_latent_0,199,0.03538866713643074
gp_latent_0,200,-0.051734939217567444
gp_latent_0,201,0.022220153361558914
gp_latent_0,202,-0.024949219077825546
gp_latent_0,203,0.0020961323752999306
gp_latent_0,204,-0.04292389377951622
gp_latent_0,205,-0.02972070500254631
gp_latent_0,206,-0.01620033197104931
gp_latent_0,207,-0.0016064431983977556
gp_latent_0,208,0.0065943095833063126
gp_latent_0,209,0.003232864197343588
gp_latent_0,210,-0.023442577570676804
gp_latent_0,211,0.028006378561258316
gp_latent_0,212,0.017604166641831398
gp_latent_0,213,-0.023074375465512276
gp_latent_0,214,-0.02402857504785061
gp_latent_0,215,0.026894547045230865
gp_latent_0,216,-0.026716751977801323
gp_latent_0,217,-0.03942215442657471
gp_latent_0,218,-0.0013388063525781035
gp_latent_0,219,0.00614505261182785
gp_latent_0,220,0.02586204931139946
gp_latent_0,221,0.052186980843544006
gp_latent_0,222,0.00682311924174428
gp_latent_0,223,0.016130005940794945
gp_latent_0,224,-0.021741116419434547
gp_latent_0,225,-0.008840302005410194
gp_latent_0,226,-0.0013079638592898846
gp_latent_0,227,-0.017923027276992798
gp_latent_0,228,0.0050163245759904385
gp_latent_0,229,-0.02436714805662632
gp_latent_0,230,-0.035106051713228226
gp_latent_0,231,-0.024596672505140305
gp_latent_0,232,0.005264079198241234
gp_latent_0,233,-0.004339955747127533
gp_latent_0,234,-0.004094261210411787
gp_latent_0,235,0.01542024128139019
gp_latent_0,236,0.012486969120800495
gp_latent_0,237,0.022420020774006844
gp_latent_0,238,-0.009446545504033566
gp_latent_0,239,0.022311361506581306
gp_latent_0,240,0.030594417825341225
gp_latent_0,241,0.021867547184228897
gp_latent_0,242,0.005579075310379267
gp_latent_0,243,0.005335414782166481
gp_latent_0,244,0.028132319450378418
gp_latent_0,245,-0.0071955472230911255
gp_latent_0,246,-0.02384919859468937
gp_latent_0,247,-0.011858388781547546
gp_latent_0,248,-0.035367704927921295
gp_latent_0,249,-0.0012855145614594221
gp_latent_0,250,0.0009393439395353198
gp_latent_0,251,0.014394442550837994
gp_latent_0,252,0.0016588116995990276
gp_latent_0,253,0.02405061572790146
gp_latent_0,254,0.03104877658188343
gp_latent_0,255,0.009666945785284042
gp_latent_0,256,0.02291412092745304
gp_latent_0,257,-0.013848254457116127
gp_latent_0,258,0.03909504413604736
gp_latent_0,259,0.018337281420826912
gp_latent_0,260,0.042735885828733444
gp_latent_0,261,-5.527521716430783e-05
gp_latent_0,262,-0.009614546783268452
gp_latent_0,263,0.019006922841072083
gp_latent_0,264,-0.0231484267860651
gp_latent_0,265,0.046085380017757416
gp_latent_0,266,-0.02560419775545597
gp_latent_0,267,-0.009380037896335125
gp_latent_0,268,0.012142200954258442
gp_latent_0,269,-0.040570102632045746
gp_latent_0,270,0.04230252280831337
gp_latent_0,271,-0.052819859236478806
gp_latent_0,272,0.00010745064355432987
gp_latent_0,273,0.0612180158495903
gp_latent_0,274,0.0048963939771056175
gp_latent_0,275,-0.010338865220546722
gp_latent_0,276,0.0252766702324152
gp_latent_0,277,-0.004077852237969637
gp_latent_0,278,0.008308413438498974
gp_latent_0,279,-0.019693076610565186
gp_latent_0,280,-0.00952281802892685
gp_latent_0,281,0.02806202508509159
gp_latent_0,282,0.013317016884684563
gp_latent_0,283,0.02371392399072647
gp_latent_0,284,-0.003734070807695389
gp_latent_0,285,-0.00922113936394453
gp_latent_0,286,0.012976489029824734
gp_latent_0,287,0.01663161814212799
gp_latent_0,288,-0.004462568089365959
gp_latent_0,289,0.002262839814648032
gp_latent_0,290,0.05187688022851944
gp_latent_0,291,0.05969226732850075
gp_latent_0,292,0.06090481951832771
gp_latent_0,293,0.0035099994856864214
gp_latent_0,294,0.00012906169285997748
gp_latent_0,295,-0.002104051411151886
gp_latent_0,296,0.05769050121307373
gp_latent_0,297,0.041965607553720474
gp_latent_0,298,-0.011057808995246887
gp_latent_0,299,-0.01780392788350582
gp_latent_0,300,-0.017197029665112495
gp_latent_0,301,-0.022988570854067802
gp_latent_0,302,-0.010282231494784355
gp_latent_0,303,-0.008551664650440216
gp_latent_0,304,0.006527583114802837
gp_latent_0,305,0.01423194445669651
gp_latent_0,306,0.03253839537501335
gp_latent_0,307,-0.004184413235634565
gp_latent_0,308,0.019668109714984894
gp_latent_0,309,0.011298352852463722
gp_latent_0,310,0.07546313107013702
gp_latent_0,311,0.01642150990664959
gp_latent_0,312,-0.01865069754421711
gp_latent_0,313,-0.030206339433789253
gp_latent_0,314,-0.011942269280552864
gp_latent_0,315,-0.02574400044977665
gp_latent_0,316,-0.04947453737258911
gp_latent_0,317,0.006625543348491192
gp_latent_0,318,-0.03429662436246872
gp_latent_0,319,-0.0290290005505085
gp_latent_0,320,0.0026422906666994095
gp_latent_0,321,-0.036973752081394196
gp_latent_0,322,-0.03857973590493202
gp_latent_0,323,0.0075145927257835865
gp_latent_0,324,-0.02618454396724701
gp_latent_0,325,-0.0135496836155653
gp_latent_0,326,0.020681198686361313
gp_latent_0,327,0.014836674556136131
gp_latent_0,328,-0.008657395839691162
gp_latent_0,329,0.020094290375709534
gp_latent_0,330,0.017909973859786987
gp_latent_0,331,-0.00777228781953454
gp_latent_0,332,-0.00882650725543499
gp_latent_0,333,-0.011111303232610226
gp_latent_0,334,-0.011811119504272938
gp_latent_0,335,0.041231658309698105
gp_latent_0,336,-0.00133305205963552
gp_latent_0,337,-0.005637560971081257
gp_latent_0,338,0.0038485401310026646
gp_latent_0,339,0.027031108736991882
gp_latent_0,340,0.004598396364599466
gp_latent_0,341,-0.011888239532709122
gp_latent_0,342,0.0032636416144669056
gp_latent_0,343,0.01071248296648264
gp_latent_0,344,-0.07301070541143417
gp_latent_0,345,-0.016925305128097534
gp_latent_0,346,-0.0036454577930271626
gp_latent_0,347,0.0017669834196567535
gp_latent_0,348,-0.03492608666419983
gp_latent_0,349,0.0006356560625135899
gp_latent_0,350,-0.04895511642098427
gp_latent_0,351,-0.0568188913166523
gp_latent_0,352,-0.06457804143428802
gp_latent_0,353,-0.011019679717719555
gp_latent_0,354,-0.040216170251369476
gp_latent_0,355,-0.010417178273200989
gp_latent_0,356,-0.05868039280176163
gp_latent_0,357,-0.014331079088151455
gp_latent_0,358,0.0005509594921022654
gp_latent_0,359,0.0083354152739048
gp_latent_0,360,0.0029757905285805464
gp_latent_0,361,0.0003370686899870634
gp_latent_0,362,-0.06041732802987099
gp_latent_0,363,-0.023607123643159866
gp_latent_0,364,-0.04275888577103615
gp_latent_0,365,-0.06738055497407913
gp_latent_0,366,-0.0115597452968359
gp_latent_0,367,-0.0393969789147377
gp_latent_0,368,0.026605838909745216
gp_latent_0,369,0.012864951975643635
gp_latent_0,370,-0.005076853558421135
gp_latent_0,371,-0.019987376406788826
gp_latent_0,372,-0.06373962014913559
gp_latent_0,373,0.0034848861396312714
gp_latent_0,374,0.004349870607256889
gp_latent_0,375,-0.038688771426677704
gp_latent_0,376,-0.008015383034944534
gp_latent_0,377,0.04491996020078659
gp_latent_0,378,0.04075217247009277
gp_latent_0,379,-0.011480052024126053
gp_latent_0,380,-0.02758089452981949
gp_latent_0,381,-0.038702063262462616
gp_latent_0,382,-0.04093310981988907
gp_latent_0,383,0.012354632839560509
gp_latent_0,384,-0.01882210746407509
gp_latent_0,385,-0.029769055545330048
gp_latent_0,386,-0.022093359380960464
gp_latent_0,387,-0.03497174382209778
gp_latent_0,388,-0.014659943990409374
gp_latent_0,389,-0.04450848326086998
gp_latent_0,390,-0.01979272998869419
gp_latent_0,391,-0.020453352481126785
gp_latent_0,392,-0.04186231642961502
gp_latent_0,393,0.06229257211089134
gp_latent_0,394,0.055475860834121704
gp_latent_0,395,-0.02849668264389038
gp_latent_0,396,0.0027016703970730305
gp_latent_0,397,-0.0696205347776413
gp_latent_0,398,-0.03815793991088867
gp_latent_0,399,-0.010973664931952953
gp_latent_0,400,-0.0243917815387249
gp_latent_0,401,0.0007085776887834072
gp_latent_0,402,-0.034240126609802246
gp_latent_0,403,-0.04078676924109459
gp_latent_0,404,-0.004959780722856522
gp_latent_0,405,-0.024519136175513268
gp_latent_0,406,-0.00783379003405571
gp_latent_0,407,-0.011654958128929138
gp_latent_0,408,0.0264783576130867
gp_latent_0,409,-0.020320968702435493
gp_latent_0,410,-0.006967099383473396
gp_latent_0,411,-0.01087102573364973
gp_latent_0,412,-0.05432971939444542
gp_latent_0,413,0.0009420397691428661
gp_latent_0,414,-0.012540030293166637
gp_latent_0,415,-0.06388167291879654
gp_latent_0,416,-0.015921469777822495
gp_latent_0,417,0.04746900498867035
gp_latent_0,418,0.010950779542326927
gp_latent_0,419,0.021116849035024643
gp_latent_0,420,-0.0027228984981775284
gp_latent_0,421,-0.007631528191268444
gp_latent_0,422,-0.048557523638010025
gp_latent_0,423,-0.008758015930652618
gp_latent_0,424,-0.11669465154409409
gp_latent_0,425,0.0010267916368320584
gp_latent_0,426,0.0430612787604332
gp_latent_0,427,0.045901477336883545
gp_latent_0,428,0.03294774889945984
gp_latent_0,429,-0.001401947345584631
gp_latent_0,430,0.032747577875852585
gp_latent_0,431,0.017575833946466446
gp_latent_0,432,0.018508324399590492
gp_latent_0,433,-0.01647740602493286
gp_latent_0,434,-0.04256346449255943
gp_latent_0,435,-0.034176211804151535
gp_latent_0,436,-0.012305160984396935
gp_latent_0,437,-0.022001024335622787
gp_latent_0,438,0.03442356735467911
gp_latent_0,439,0.04254665970802307
gp_latent_0,440,0.038437359035015106
gp_latent_0,441,0.005805887747555971
gp_latent_0,442,-0.016498740762472153
gp_latent_0,443,-0.013320628553628922
gp_latent_0,444,-0.022485977038741112
gp_latent_0,445,0.044139400124549866
gp_latent_0,446,-0.016443239524960518
gp_latent_0,447,-0.0450664721429348
gp_latent_0,448,-0.022280538454651833
gp_latent_0,449,-0.01653936132788658
gp_latent_0,450,-0.04416332766413689
gp_latent_0,451,-0.042501989752054214
gp_latent_0,452,-0.05914769694209099
gp_latent_0,453,-0.04846252501010895
gp_latent_0,454,0.04120126739144325
gp_latent_0,455,-0.03266938775777817
gp_latent_0,456,-0.063561350107193
gp_latent_0,457,-0.051540557295084
gp_latent_0,458,-0.030458718538284302
gp_latent_0,459,-0.018975988030433655
gp_latent_0,460,0.01670253463089466
gp_latent_0,461,0.05332176759839058
gp_latent_0,462,-0.005834659095853567
gp_latent_0,463,-0.003915451467037201
gp_latent_0,464,0.004320504143834114
gp_latent_0,465,0.008530320599675179
gp_latent_0,466,-0.036447957158088684
gp_latent_0,467,0.05856475606560707
gp_latent_0,468,-0.021138716489076614
gp_latent_0,469,0.02959924191236496
gp_latent_0,470,0.02137836068868637
gp_latent_0,471,-0.023046458140015602
gp_latent_0,472,0.02746577188372612
gp_latent_0,473,0.0569719560444355
gp_latent_0,474,0.036428648978471756
gp_latent_0,475,0.03689682483673096
gp_latent_0,476,0.021490933373570442
gp_latent_0,477,0.011379869654774666
gp_latent_0,478,0.006330458912998438
gp_latent_0,479,-0.03794516623020172
gp_latent_0,480,0.010209972970187664
gp_latent_0,481,-0.0312162134796381
gp_latent_0,482,-0.05584906041622162
gp_latent_0,483,0.03910161927342415
gp_latent_0,484,0.04459783807396889
gp_latent_0,485,0.04769580066204071
gp_latent_0,486,-0.024208441376686096
gp_latent_0,487,-0.02437475696206093
gp_latent_0,488,-0.002220168709754944
gp_latent_0,489,0.0351857952773571
gp_latent_0,490,-0.006278085522353649
gp_latent_0,491,0.014445032924413681
gp_latent_0,492,-0.02343534491956234
gp_latent_0,493,-0.05428610369563103
gp_latent_0,494,-0.038443706929683685
gp_latent_0,495,-0.049355678260326385
gp_latent_0,496,-0.035468269139528275
gp_latent_0,497,-0.04684167727828026
gp_latent_0,498,-0.01981355994939804
gp_latent_0,499,-0.04889998957514763
gp_latent_0,500,-0.03849329799413681
gp_latent_0,501,-0.061487358063459396
gp_latent_0,502,-0.0414925143122673
gp_latent_0,503,-0.06437493115663528
gp_latent_0,504,-0.028359543532133102
gp_latent_0,505,-0.02609262987971306
gp_latent_0,506,-0.032006122171878815
gp_latent_0,507,-0.04241882264614105
gp_latent_0,508,0.03597811236977577
gp_latent_0,509,-0.04197349026799202
gp_latent_0,510,-0.006293536629527807
gp_latent_0,511,-0.004474070388823748
gp_latent_0,512,-0.01546233519911766
gp_latent_0,513,-0.0245659276843071
gp_latent_0,514,-0.056796181946992874
gp_latent_0,515,-0.027606775984168053
gp_latent_0,516,-0.013078341260552406
gp_latent_0,517,-0.03276493027806282
gp_latent_0,518,-0.02680131420493126
gp_latent_0,519,-0.033187881112098694
gp_latent_0,520,0.08410140872001648
gp_latent_0,521,0.08611582219600677
gp_latent_0,522,-0.03372405841946602
gp_latent_0,523,0.05674587935209274
gp_latent_0,524,-0.0237533301115036
gp_latent_0,525,0.05034753680229187
gp_latent_0,526,0.05404084175825119
gp_latent_0,527,-0.07104077935218811
gp_latent_0,528,-0.054311055690050125
gp_latent_0,529,0.06315389275550842
gp_latent_0,530,0.020017050206661224
gp_latent_0,531,0.01660788804292679
gp_latent_0,532,0.03256342560052872
gp_latent_0,533,-0.024213632568717003
gp_latent_0,534,0.016700848937034607
gp_latent_0,535,0.07697838544845581
gp_latent_0,536,0.00019832933321595192
gp_latent_0,537,0.01629866287112236
gp_latent_0,538,-0.010211206041276455
gp_latent_0,539,-0.00841178186237812
gp_latent_0,540,0.01390915922820568
gp_latent_0,541,0.00288240984082222
gp_latent_0,542,0.012125369161367416
gp_latent_0,543,0.00466312887147069
gp_latent_0,544,-0.07543894648551941
gp_latent_0,545,-0.08835669606924057
gp_latent_0,546,-0.0842197984457016
gp_latent_0,547,-0.10542579740285873
gp_latent_0,548,-0.07441926747560501
gp_latent_0,549,-0.07917291671037674
gp_latent_0,550,-0.093431755900383
gp_latent_0,551,0.007568711414933205
gp_latent_0,552,0.055384133011102676
gp_latent_0,553,0.04963405430316925
gp_latent_0,554,-0.07386524975299835
gp_latent_0,555,-0.04937302693724632
gp_latent_0,556,-0.06265795975923538
gp_latent_0,557,-0.07588605582714081
gp_latent_0,558,-0.05887211859226227
gp_latent_0,559,-0.0626700222492218
gp_latent_0,560,-0.04886564612388611
gp_latent_0,561,-0.07831733673810959
gp_latent_0,562,-0.06472156196832657
gp_latent_0,563,-0.07383724302053452
gp_latent_0,564,-0.06416714936494827
gp_latent_0,565,-0.07172761112451553
gp_latent_0,566,-0.06189454346895218
gp_latent_0,567,-0.07570289075374603
gp_latent_0,568,-0.06917593628168106
gp_latent_0,569,-0.06899011880159378
gp_latent_0,570,-0.07729112356901169
gp_latent_0,571,-0.07123582065105438
gp_latent_0,572,-0.05644229054450989
gp_latent_0,573,-0.06696711480617523
gp_latent_0,574,-0.059995610266923904
gp_latent_0,575,0.03702542558312416
gp_latent_0,576,0.023420682176947594
gp_latent_0,577,0.028877008706331253
gp_latent_0,578,0.01705237105488777
gp_latent_0,579,0.03406313434243202
gp_latent_0,580,0.010008559562265873
gp_latent_0,581,-0.03882257640361786
gp_latent_0,582,-0.002508755773305893
gp_latent_0,583,-0.09063185006380081
gp_latent_0,584,-0.09689151495695114
gp_latent_0,585,0.06806092709302902
gp_latent_0,586,-0.07988964766263962
gp_latent_0,587,-0.07129301875829697
gp_latent_0,588,-0.06058899313211441
gp_latent_0,589,0.028668906539678574
gp_latent_0,590,0.03529776260256767
gp_latent_0,591,-0.0656895563006401
gp_latent_0,592,0.038803182542324066
gp_latent_0,593,-0.07288574427366257
gp_latent_0,594,-0.0651528537273407
gp_latent_0,595,0.0070369429886341095
gp_latent_0,596,0.023317629471421242
gp_latent_0,597,0.02871060185134411
gp_latent_0,598,0.008504585362970829
gp_latent_0,599,0.063449926674366
gp_latent_0,600,0.0625305026769638
gp_latent_0,601,0.07448197901248932
gp_latent_0,602,-0.014940395951271057
gp_latent_0,603,-0.005879073869436979
gp_latent_0,604,-0.0034554917365312576
gp_latent_0,605,-0.012362447567284107
gp_latent_0,606,0.0020738958846777678
gp_latent_0,607,0.016872141510248184
gp_latent_0,608,0.006872579921036959
gp_latent_0,609,-0.017587607726454735
gp_latent_0,610,-0.013733748346567154
gp_latent_0,611,0.014578813686966896
gp_latent_0,612,-0.01911158673465252
gp_latent_0,613,0.0350930318236351
gp_latent_0,614,-0.015540028922259808
gp_latent_0,615,0.041280597448349
gp_latent_0,616,-0.00034242309629917145
gp_latent_0,617,0.018193231895565987
gp_latent_0,618,0.02418757975101471
gp_latent_0,619,0.03257279843091965
gp_latent_0,620,0.016829833388328552
gp_latent_0,621,0.028522677719593048
gp_latent_0,622,-0.060354042798280716
gp_latent_0,623,-0.07416152209043503
gp_latent_0,624,0.08072912693023682
gp_latent_0,625,0.01781666837632656
gp_latent_0,626,-0.0004162606783211231
gp_latent_0,627,-0.002512011444196105
gp_latent_0,628,-0.006927069742232561
gp_latent_0,629,0.03340311348438263
gp_latent_0,630,0.010227467864751816
gp_latent_0,631,0.03093765676021576
gp_latent_0,632,0.01677626371383667
gp_latent_0,633,0.007025058846920729
gp_latent_0,634,-0.07268781960010529
gp_latent_0,635,-0.07007185369729996
gp_latent_0,636,-0.07366596907377243
gp_latent_0,637,-0.06357646733522415
gp_latent_0,638,0.06684315204620361
gp_latent_0,639,-0.01590770110487938
gp_latent_0,640,-0.06675641238689423
gp_latent_0,641,0.04496635124087334
gp_latent_0,642,-0.007413011975586414
gp_latent_0,643,0.01854608952999115
gp_latent_0,644,0.043402429670095444
gp_latent_0,645,0.0013246242888271809
gp_latent_0,646,0.08645714074373245
gp_latent_0,647,0.06466389447450638
gp_latent_0,648,-0.007149010896682739
gp_latent_0,649,-0.005480155348777771
gp_latent_0,650,-0.011234112083911896
gp_latent_0,651,-0.015598355792462826
gp_latent_0,652,0.00392555957660079
gp_latent_0,653,-0.01415972039103508
gp_latent_0,654,0.024390121921896935
gp_latent_0,655,0.014863593503832817
gp_latent_0,656,0.008839311078190804
gp_latent_0,657,-0.014421231113374233
gp_latent_0,658,-0.028114885091781616
gp_latent_0,659,-0.03441103175282478
gp_latent_0,660,0.07347803562879562
gp_latent_0,661,0.09586630016565323
gp_latent_0,662,-0.0015016284305602312
gp_latent_0,663,-0.04756950959563255
gp_latent_0,664,0.05636229366064072
gp_latent_0,665,-0.073799729347229
gp_latent_0,666,0.002074040239676833
gp_latent_0,667,-0.008635144680738449
gp_latent_0,668,-0.015424132347106934
gp_latent_0,669,0.034590769559144974
gp_latent_0,670,-0.0008744318038225174
gp_latent_0,671,0.016778310760855675
gp_latent_0,672,-0.0034513685386627913
gp_latent_0,673,0.017744099721312523
gp_latent_0,674,-0.087470643222332
gp_latent_0,675,-0.08664796501398087
gp_latent_0,676,-0.07522072643041611
gp_latent_0,677,-0.08764369040727615
gp_latent_0,678,0.047385189682245255
gp_latent_0,679,-0.09886065125465393
gp_latent_0,680,-0.06501391530036926
gp_latent_0,681,-0.07749560475349426
gp_latent_0,682,-0.04464448615908623
gp_latent_0,683,-0.07962482422590256
gp_latent_0,684,-0.08180668205022812
gp_latent_0,685,-0.07289639115333557
gp_latent_0,686,-0.05031886324286461
gp_latent_0,687,-0.07044773548841476
gp_latent_0,688,-0.05172910913825035
gp_latent_0,689,-0.06826972961425781
gp_latent_0,690,0.016518153250217438
gp_latent_0,691,0.06696116924285889
gp_latent_0,692,0.06949613988399506
gp_latent_0,693,0.0326160192489624
gp_latent_0,694,0.030997367575764656
gp_latent_0,695,0.02286650985479355
gp_latent_0,696,0.017420904710888863
gp_latent_0,697,0.011987126432359219
gp_latent_0,698,0.019394440576434135
gp_latent_0,699,0.027742229402065277
gp_latent_0,700,0.028781363740563393
gp_latent_0,701,0.014880169183015823
gp_latent_0,702,0.007905540987849236
gp_latent_0,703,-0.09196421504020691
gp_latent_0,704,-0.06821253895759583
gp_latent_0,705,-0.07725608348846436
gp_latent_0,706,-0.07589221000671387
gp_latent_0,707,-0.06345157325267792
gp_latent_0,708,-0.08162184804677963
gp_latent_0,709,0.03593961149454117
gp_latent_0,710,0.033077772706747055
gp_latent_0,711,-0.07217621803283691
gp_latent_0,712,-0.07054860889911652
gp_latent_0,713,-0.06858326494693756
gp_latent_0,714,-0.07622567564249039
gp_latent_0,715,0.008290763944387436
gp_latent_0,716,0.07574465125799179
gp_latent_0,717,-0.01825697161257267
gp_latent_0,718,0.0017145376186817884
gp_latent_0,719,-0.01480086985975504
gp_latent_0,720,0.007707198616117239
gp_latent_0,721,-0.009095242246985435
gp_latent_0,722,0.00011561403516680002
gp_latent_0,723,-0.014427944086492062
gp_latent_0,724,0.011514276266098022
gp_latent_0,725,0.02174478769302368
gp_latent_0,726,0.03127455711364746
gp_latent_0,727,0.03312312811613083
gp_latent_0,728,0.028033021837472916
gp_latent_0,729,0.07281562685966492
gp_latent_0,730,-0.011084377765655518
gp_latent_0,731,0.008799984119832516
gp_latent_0,732,0.06181252747774124
gp_latent_0,733,-0.06522958725690842
gp_latent_0,734,-0.0769069567322731
gp_latent_0,735,0.03326129913330078
gp_latent_0,736,0.018604302778840065
gp_latent_0,737,-0.006899749860167503
gp_latent_0,738,-0.06655167788267136
gp_latent_0,739,0.04345717653632164
gp_latent_0,740,-0.07046698033809662
gp_latent_0,741,0.065785251557827
gp_latent_0,742,-3.127008676528931e-05
gp_latent_0,743,0.004734569229185581
gp_latent_0,744,-0.038644008338451385
gp_latent_0,745,-0.05177931487560272
gp_latent_0,746,-0.059591591358184814
gp_latent_0,747,-0.06468368321657181
gp_latent_0,748,0.017996078357100487
gp_latent_0,749,0.0012314998311921954
gp_latent_0,750,0.005162717774510384
gp_latent_0,751,-0.023054806515574455
gp_latent_0,752,0.029551111161708832
gp_latent_0,753,0.02920878492295742
gp_latent_0,754,-0.010120399296283722
gp_latent_0,755,-0.0061329142190515995
gp_latent_0,756,0.01657307893037796
gp_latent_0,757,0.011554911732673645
gp_latent_0,758,-0.028407741338014603
gp_latent_0,759,0.006013014819473028
gp_latent_0,760,0.020459990948438644
gp_latent_0,761,0.005330612882971764
gp_latent_0,762,-0.01518050767481327
gp_latent_0,763,0.015677347779273987
gp_latent_0,764,-0.030909186229109764
gp_latent_0,765,0.00026248302310705185
gp_latent_0,766,-0.022881917655467987
gp_latent_0,767,-0.047050777822732925
gp_latent_0,768,0.02306433953344822
gp_latent_0,769,0.08215068280696869
gp_latent_0,770,0.06202482804656029
gp_latent_0,771,-0.012353204190731049
gp_latent_0,772,0.021630480885505676
gp_latent_0,773,-0.0025920080952346325
gp_latent_0,774,-0.015667520463466644
gp_latent_0,775,-0.009443894028663635
gp_latent_0,776,-0.014951521530747414
gp_latent_0,777,0.07169611752033234
gp_latent_0,778,0.060731031000614166
gp_latent_0,779,-0.013738108798861504
gp_latent_0,780,-0.03235626965761185
gp_latent_0,781,0.04881085455417633
gp_latent_0,782,0.023031655699014664
gp_latent_0,783,0.05746002122759819
gp_latent_0,784,0.017216840758919716
gp_latent_0,785,0.02407176047563553
gp_latent_0,786,-0.0077425469644367695
gp_latent_0,787,-0.0560649149119854
gp_latent_0,788,-0.05115605145692825
gp_latent_0,789,0.0003166289534419775
gp_latent_0,790,-0.011603725142776966
gp_latent_0,791,-0.011299370788037777
gp_latent_0,792,0.011631923727691174
gp_latent_0,793,-0.012834129855036736
gp_latent_0,794,0.002575052436441183
gp_latent_0,795,0.030248578637838364
gp_latent_0,796,0.027327798306941986
gp_latent_0,797,-0.00881492905318737
gp_latent_0,798,0.013404343277215958
gp_latent_0,799,-0.028413664549589157
gp_latent_0,800,-0.011646721512079239
gp_latent_0,801,0.04315433278679848
gp_latent_0,802,0.018696652725338936
gp_latent_0,803,0.02035222388803959
gp_latent_0,804,0.030488306656479836
gp_latent_0,805,-0.06426336616277695
gp_latent_0,806,0.014428894966840744
gp_latent_0,807,-0.023005757480859756
gp_latent_0,808,-0.06429041177034378
gp_latent_0,809,-0.027722138911485672
gp_latent_0,810,-0.07950073480606079
gp_latent_0,811,-0.04962366074323654
gp_latent_0,812,-0.07413460314273834
gp_latent_0,813,-0.006150950212031603
gp_latent_0,814,-0.03050679713487625
gp_latent_0,815,-0.042235299944877625
gp_latent_0,816,0.021367555484175682
gp_latent_0,817,0.02740318514406681
gp_latent_0,818,0.009851313196122646
gp_latent_0,819,-0.028187168762087822
gp_latent_0,820,-0.020063653588294983
gp_latent_0,821,-0.07449933141469955
gp_latent_0,822,-0.055844634771347046
gp_latent_0,823,-0.06459014117717743
gp_latent_0,824,0.015573713928461075
gp_latent_0,825,0.019934289157390594
gp_latent_0,826,-0.04501471668481827
gp_latent_0,827,-0.03138664737343788
gp_latent_0,828,0.018522093072533607
gp_latent_0,829,0.03210949897766113
gp_latent_0,830,0.005876064300537109
gp_latent_0,831,-0.00435614911839366
gp_latent_0,832,-0.0303131602704525
gp_latent_0,833,-0.008318319916725159
gp_latent_0,834,0.00019065523520112038
gp_latent_0,835,0.0440465547144413
gp_latent_0,836,0.019011281430721283
gp_latent_0,837,0.02626984380185604
gp_latent_0,838,-0.013949960470199585
gp_latent_0,839,-0.031309500336647034
gp_latent_0,840,0.020387638360261917
gp_latent_0,841,0.01550788339227438
gp_latent_0,842,0.032840546220541
gp_latent_0,843,0.043094098567962646
gp_latent_0,844,-0.038170285522937775
gp_latent_0,845,0.00842654425650835
gp_latent_0,846,0.02950267866253853
gp_latent_0,847,0.0011399933136999607
gp_latent_0,848,0.02091912180185318
gp_latent_0,849,-0.012919643893837929
gp_latent_0,850,0.06449782848358154
gp_latent_0,851,0.07585477828979492
gp_latent_0,852,0.028089439496397972
gp_latent_0,853,-0.01635904423892498
gp_latent_0,854,-0.02728782594203949
gp_latent_0,855,-0.03484809398651123
gp_latent_0,856,-0.007317266892641783
gp_latent_0,857,0.020321086049079895
gp_latent_0,858,-0.011092277243733406
gp_latent_0,859,-0.009014475159347057
gp_latent_0,860,-0.007583340164273977
gp_latent_0,861,-0.017968788743019104
gp_latent_0,862,0.04798534885048866
gp_latent_0,863,0.035272177308797836
gp_latent_0,864,0.015881719067692757
gp_latent_0,865,0.05864418298006058
gp_latent_0,866,0.02213870920240879
gp_latent_0,867,-0.004138150718063116
gp_latent_0,868,0.06019958108663559
gp_latent_0,869,0.016328152269124985
gp_latent_0,870,-0.030878078192472458
gp_latent_0,871,-0.0023988569155335426
gp_latent_0,872,0.03400110825896263
gp_latent_0,873,0.03024374693632126
gp_latent_0,874,-0.035231102257966995
gp_latent_0,875,0.0288199782371521
gp_latent_0,876,0.0023899096995592117
gp_latent_0,877,0.039862535893917084
gp_latent_0,878,-0.0020570242777466774
gp_latent_0,879,-0.07242310792207718
gp_latent_0,880,-0.009809015318751335
gp_latent_0,881,-0.010224643163383007
gp_latent_0,882,0.022682640701532364
gp_latent_0,883,-0.006258979439735413
gp_latent_0,884,0.05623780936002731
gp_latent_0,885,-0.05800051614642143
gp_latent_0,886,0.012057425454258919
gp_latent_0,887,0.0407467782497406
gp_latent_0,888,0.10082034021615982
gp_latent_0,889,-0.013088188134133816
gp_latent_0,890,0.026589285582304
gp_latent_0,891,0.02138742245733738
gp_latent_0,892,-0.061140090227127075
gp_latent_0,893,-0.03556329756975174
gp_latent_0,894,-0.025107987225055695
gp_latent_0,895,0.08622443675994873
gp_latent_0,896,0.013916591182351112
gp_latent_0,897,0.00026044435799121857
gp_latent_0,898,-0.008695434778928757
gp_latent_0,899,-0.05599803477525711
gp_latent_0,900,-0.07135280221700668
gp_latent_0,901,-0.08084747195243835
gp_latent_0,902,0.020207198336720467
gp_latent_0,903,-0.022337697446346283
gp_latent_0,904,-0.007976936176419258
gp_latent_0,905,-0.014926392585039139
gp_latent_0,906,-0.013166815042495728
gp_latent_0,907,0.0044927410781383514
gp_latent_0,908,0.016621485352516174
gp_latent_0,909,-0.06887546926736832
gp_latent_0,910,-0.05601852387189865
gp_latent_0,911,-0.07464949786663055
gp_latent_0,912,-0.07711506634950638
gp_latent_0,913,-0.07889208197593689
gp_latent_0,914,-0.06765636056661606
gp_latent_0,915,-0.039022352546453476
gp_latent_0,916,-0.0812901183962822
gp_latent_0,917,-0.03173452988266945
gp_latent_0,918,0.009740347042679787
gp_latent_0,919,0.04697021096944809
gp_latent_0,920,0.05524911358952522
gp_latent_0,921,-0.04417560249567032
gp_latent_0,922,0.03555850312113762
gp_latent_0,923,-0.04754885286092758
gp_latent_0,924,-0.009691417217254639
gp_latent_0,925,-0.04731370508670807
gp_latent_0,926,0.0002835603663697839
gp_latent_0,927,0.011708731763064861
gp_latent_0,928,-0.047570496797561646
gp_latent_0,929,-0.02364511601626873
gp_latent_0,930,0.007716282270848751
gp_latent_0,931,0.016995543614029884
gp_latent_0,932,0.00864038709551096
gp_latent_0,933,0.0033658246975392103
gp_latent_0,934,0.04399988800287247
gp_latent_0,935,0.06638508290052414
gp_latent_0,936,-0.06671527773141861
gp_latent_0,937,-0.07757901400327682
gp_latent_0,938,0.05477099120616913
gp_latent_0,939,-0.07039007544517517
gp_latent_0,940,-0.024564392864704132
gp_latent_0,941,0.024759165942668915
gp_latent_0,942,-0.05412205681204796
gp_latent_0,943,-0.042094409465789795
gp_latent_0,944,-0.08891434222459793
gp_latent_0,945,0.08221256732940674
gp_latent_0,946,-0.02172183245420456
gp_latent_0,947,-0.04784643277525902
gp_latent_0,948,-0.07305031269788742
gp_latent_0,949,0.0018411525525152683
gp_latent_1,0,0.03471725806593895
gp_latent_1,1,-0.042286183685064316
gp_latent_1,2,-0.027939658612012863
gp_latent_1,3,0.01044810377061367
gp_latent_1,4,0.006579105276614428
gp_latent_1,5,-0.001049875165335834
gp_latent_1,6,0.000506499782204628
gp_latent_1,7,0.008446680381894112
gp_latent_1,8,-0.04047459363937378
gp_latent_1,9,-0.03725551813840866
gp_latent_1,10,0.04364198073744774
gp_latent_1,11,-0.006692135240882635
gp_latent_1,12,-0.027287479490041733
gp_latent_1,13,0.0016893194988369942
gp_latent_1,14,-0.01587890461087227
gp_latent_1,15,0.005333208478987217
gp_latent_1,16,0.056185171008110046
gp_latent_1,17,0.000309464696329087
gp_latent_1,18,-0.02455047145485878
gp_latent_1,19,0.0014739823527634144
gp_latent_1,20,0.014934451319277287
gp_latent_1,21,-0.03984944149851799
gp_latent_1,22,-0.005431000143289566
gp_latent_1,23,-0.040290120989084244
gp_latent_1,24,-0.030618730932474136
gp_latent_1,25,0.052479878067970276
gp_latent_1,26,0.0623287633061409
gp_latent_1,27,-0.00913210865110159
gp_latent_1,28,0.007769415155053139
gp_latent_1,29,-0.03224126249551773
gp_latent_1,30,0.0010997653007507324
gp_latent_1,31,0.02881081961095333
gp_latent_1,32,-0.012487892992794514
gp_latent_1,33,-0.0477917306125164
gp_latent_1,34,-0.05062950402498245
gp_latent_1,35,-0.020260648801922798
gp_latent_1,36,0.028559710830450058
gp_latent_1,37,-0.012661943212151527
gp_latent_1,38,-0.03922020271420479
gp_latent_1,39,-0.0037546195089817047
gp_latent_1,40,0.07532572746276855
gp_latent_1,41,0.054735779762268066
gp_latent_1,42,-0.044433869421482086
gp_latent_1,43,-0.038876984268426895
gp_latent_1,44,0.07633020728826523
gp_latent_1,45,0.04805773124098778
gp_latent_1,46,0.009870841167867184
gp_latent_1,47,0.006696347147226334
gp_latent_1,48,-0.01690993830561638
gp_latent_1,49,0.029343999922275543
gp_latent_1,50,0.007706510368734598
gp_latent_1,51,-0.015036622062325478
gp_latent_1,52,-0.02831839770078659
gp_latent_1,53,-0.025953859090805054
gp_latent_1,54,-0.00800906028598547
gp_latent_1,55,0.011828671209514141
gp_latent_1,56,-0.02818235754966736
gp_latent_1,57,0.001198385376483202
gp_latent_1,58,-0.05359930545091629
gp_latent_1,59,0.0022995169274508953
gp_latent_1,60,-0.05371076241135597
gp_latent_1,61,0.008393301628530025
gp_latent_1,62,-0.0287887342274189
gp_latent_1,63,-0.010492397472262383
gp_latent_1,64,0.0013813282130286098
gp_latent_1,65,-0.04800383374094963
gp_latent_1,66,0.04140840470790863
gp_latent_1,67,0.0020090846810489893
gp_latent_1,68,-0.015324627980589867
gp_latent_1,69,-0.042252227663993835
gp_latent_1,70,-0.060912974178791046
gp_latent_1,71,-0.04629235342144966
gp_latent_1,72,-0.006227901205420494
gp_latent_1,73,0.004744772799313068
gp_latent_1,74,0.0026242188178002834
gp_latent_1,75,-0.06913036108016968
gp_latent_1,76,-0.03543468937277794
gp_latent_1,77,-0.04203154891729355
gp_latent_1,78,-0.032851509749889374
gp_latent_1,79,-0.008362763561308384
gp_latent_1,80,-0.06905204802751541
gp_latent_1,81,0.01738090254366398
gp_latent_1,82,0.041771091520786285
gp_latent_1,83,-0.0178499948233366
gp_latent_1,84,-0.06891074031591415
gp_latent_1,85,-0.004545122385025024
gp_latent_1,86,0.01947219856083393
gp_latent_1,87,0.03916631266474724
gp_latent_1,88,-0.018738815560936928
gp_latent_1,89,-0.0013144174590706825
gp_latent_1,90,0.015309481881558895
gp_latent_1,91,-0.0021399608813226223
gp_latent_1,92,-0.03533312305808067
gp_latent_1,93,0.0035658341366797686
gp_latent_1,94,-0.0001723598688840866
gp_latent_1,95,0.007111778948456049
gp_latent_1,96,-0.022871140390634537
gp_latent_1,97,-0.00035976438084617257
gp_latent_1,98,-0.0066685122437775135
gp_latent_1,99,0.021711504086852074
gp_latent_1,100,-0.031004345044493675
gp_latent_1,101,-0.024526162073016167
gp_latent_1,102,0.006478861439973116
gp_latent_1,103,0.024599868804216385
gp_latent_1,104,0.004704542923718691
gp_latent_1,105,0.002026903908699751
gp_latent_1,106,6.789295002818108e-05
gp_latent_1,107,0.0018957032589241862
gp_latent_1,108,0.002369784750044346
gp_latent_1,109,0.02213139459490776
gp_latent_1,110,0.007240921724587679
gp_latent_1,111,-0.0003251209855079651
gp_latent_1,112,0.02334200218319893
gp_latent_1,113,-0.010340675711631775
gp_latent_1,114,0.007824529893696308
gp_latent_1,115,-0.015525592491030693
gp_latent_1,116,-0.02874525636434555
gp_latent_1,117,0.014937380328774452
gp_latent_1,118,0.0013658253010362387
gp_latent_1,119,0.006030740216374397
gp_latent_1,120,-0.01990821212530136
gp_latent_1,121,-0.006741565186530352
gp_latent_1,122,0.02516392432153225
gp_latent_1,123,0.015566484071314335
gp_latent_1,124,0.03288235887885094
gp_latent_1,125,0.0031784733291715384
gp_latent_1,126,0.0011606537736952305
gp_latent_1,127,0.01633017510175705
gp_latent_1,128,0.018441693857312202
gp_latent_1,129,-0.012128593400120735
gp_latent_1,130,0.004893945995718241
gp_latent_1,131,-0.019019903615117073
gp_latent_1,132,0.004285058006644249
gp_latent_1,133,-0.03279680758714676
gp_latent_1,134,0.014282481744885445
gp_latent_1,135,0.03751131147146225
gp_latent_1,136,0.005348218139261007
gp_latent_1,137,-0.036156065762043
gp_latent_1,138,-0.04528909549117088
gp_latent_1,139,-0.01758139580488205
gp_latent_1,140,0.022470934316515923
gp_latent_1,141,-0.026969103142619133
gp_latent_1,142,-0.007371953688561916
gp_latent_1,143,0.025125611573457718
gp_latent_1,144,0.02402215264737606
gp_latent_1,145,0.007582356221973896
gp_latent_1,146,-0.024179738014936447
gp_latent_1,147,-0.01032197754830122
gp_latent_1,148,0.008151780813932419
gp_latent_1,149,0.0056344689801335335
gp_latent_1,150,0.026307975873351097
gp_latent_1,151,0.09396059066057205
gp_latent_1,152,0.01699146255850792
gp_latent_1,153,0.014370836317539215
gp_latent_1,154,0.09585437923669815
gp_latent_1,155,0.07393915206193924
gp_latent_1,156,-0.001710014883428812
gp_latent_1,157,0.007597588002681732
gp_latent_1,158,0.047708239406347275
gp_latent_1,159,-0.004126997664570808
gp_latent_1,160,-0.01747617870569229
gp_latent_1,161,-0.029395893216133118
gp_latent_1,162,0.024729859083890915
gp_latent_1,163,0.0416906513273716
gp_latent_1,164,0.01753769814968109
gp_latent_1,165,0.0023520593531429768
gp_latent_1,166,-0.0033335129264742136
gp_latent_1,167,0.03155163303017616
gp_latent_1,168,0.014276068657636642
gp_latent_1,169,0.007540108636021614
gp_latent_1,170,0.02168276160955429
gp_latent_1,171,0.005413167644292116
gp_latent_1,172,0.019202925264835358
gp_latent_1,173,-0.0037666966672986746
gp_latent_1,174,0.10256920754909515
gp_latent_1,175,-0.002027374692261219
gp_latent_1,176,0.04358469694852829
gp_latent_1,177,-0.0072240629233419895
gp_latent_1,178,0.015435902401804924
gp_latent_1,179,-0.010563871823251247
gp_latent_1,180,0.04007529839873314
gp_latent_1,181,0.053157079964876175
gp_latent_1,182,0.034093864262104034
gp_latent_1,183,0.057939380407333374
gp_latent_1,184,0.002255828585475683
gp_latent_1,185,-0.0025162193924188614
gp_latent_1,186,-0.008903324604034424
gp_latent_1,187,0.027518238872289658
gp_latent_1,188,0.009607111103832722
gp_latent_1,189,-0.011173199862241745
gp_latent_1,190,-0.024514779448509216
gp_latent_1,191,-0.021764302626252174
gp_latent_1,192,0.0002486351877450943
gp_latent_1,193,-0.02703196182847023
gp_latent_1,194,0.014471426606178284
gp_latent_1,195,0.006199026480317116
gp_latent_1,196,0.032265692949295044
gp_latent_1,197,0.009708430618047714
gp_latent_1,198,0.04925478249788284
gp_latent_1,199,-0.009112600237131119
gp_latent_1,200,0.015247546136379242
gp_latent_1,201,-0.010421926155686378
gp_latent_1,202,0.028962185606360435
gp_latent_1,203,-0.008144502528011799
gp_latent_1,204,-0.002949998714029789
gp_latent_1,205,-0.04946116358041763
gp_latent_1,206,0.012169480323791504
gp_latent_1,207,0.0029533114284276962
gp_latent_1,208,0.004778771195560694
gp_latent_1,209,0.004153148271143436
gp_latent_1,210,0.03274862840771675
gp_latent_1,211,-0.005154842976480722
gp_latent_1,212,0.002253533573821187
gp_latent_1,213,0.014942988753318787
gp_latent_1,214,0.017415307462215424
gp_latent_1,215,0.03243310749530792
gp_latent_1,216,0.009312577545642853
gp_latent_1,217,0.023754848167300224
gp_latent_1,218,-0.0019087777473032475
gp_latent_1,219,0.009181630797684193
gp_latent_1,220,0.03947553411126137
gp_latent_1,221,0.0035595030058175325
gp_latent_1,222,-0.009025415405631065
gp_latent_1,223,0.021320194005966187
gp_latent_1,224,-0.022067047655582428
gp_latent_1,225,0.009190659038722515
gp_latent_1,226,0.003693466540426016
gp_latent_1,227,-0.02928907237946987
gp_latent_1,228,0.002118306700140238
gp_latent_1,229,-0.03065348044037819
gp_latent_1,230,-0.03642122447490692
gp_latent_1,231,-0.035942185670137405
gp_latent_1,232,-0.000979478470981121
gp_latent_1,233,0.006924181245267391
gp_latent_1,234,-0.02903948351740837
gp_latent_1,235,-0.0010454119183123112
gp_latent_1,236,0.03774944320321083
gp_latent_1,237,0.08345717936754227
gp_latent_1,238,0.08882910013198853
gp_latent_1,239,0.015611730515956879
gp_latent_1,240,0.04506905749440193
gp_latent_1,241,0.02154715731739998
gp_latent_1,242,-0.005035836715251207
gp_latent_1,243,-0.07009803503751755
gp_latent_1,244,-0.07746753096580505
gp_latent_1,245,-0.05990919470787048
gp_latent_1,246,-0.04004340618848801
gp_latent_1,247,0.0053289951756596565
gp_latent_1,248,0.027201704680919647
gp_latent_1,249,-0.00467033963650465
gp_latent_1,250,0.020239226520061493
gp_latent_1,251,0.06894596666097641
gp_latent_1,252,0.013097928836941719
gp_latent_1,253,-0.057784076780080795
gp_latent_1,254,-0.0033673106227070093
gp_latent_1,255,-0.03912943974137306
gp_latent_1,256,0.016863884404301643
gp_latent_1,257,0.09582826495170593
gp_latent_1,258,0.03244581073522568
gp_latent_1,259,0.03525485098361969
gp_latent_1,260,0.01623501442372799
gp_latent_1,261,-0.0014700749889016151
gp_latent_1,262,0.004187937825918198
gp_latent_1,263,0.047991856932640076
gp_latent_1,264,0.020861761644482613
gp_latent_1,265,-0.011434314772486687
gp_latent_1,266,0.03743104264140129
gp_latent_1,267,0.007912799715995789
gp_latent_1,268,0.02390597201883793
gp_latent_1,269,-0.07251132279634476
gp_latent_1,270,-0.010854814201593399
gp_latent_1,271,-0.043908849358558655
gp_latent_1,272,0.015762947499752045
gp_latent_1,273,-0.0002495907247066498
gp_latent_1,274,0.0004826297517865896
gp_latent_1,275,0.021179961040616035
gp_latent_1,276,0.006234644912183285
gp_latent_1,277,0.003910623490810394
gp_latent_1,278,0.012228362262248993
gp_latent_1,279,0.0803198367357254
gp_latent_1,280,-0.018448399379849434
gp_latent_1,281,-0.036299824714660645
gp_latent_1,282,0.023412834852933884
gp_latent_1,283,0.009944627061486244
gp_latent_1,284,-0.04143790528178215
gp_latent_1,285,-0.017355531454086304
gp_latent_1,286,0.007424530107527971
gp_latent_1,287,-0.006195467431098223
gp_latent_1,288,0.00023538200184702873
gp_latent_1,289,0.010664248839020729
gp_latent_1,290,0.002942820079624653
gp_latent_1,291,-0.051963746547698975
gp_latent_1,292,-0.029733456671237946
gp_latent_1,293,0.010256713256239891
gp_latent_1,294,0.008047481998801231
gp_latent_1,295,0.003863460849970579
gp_latent_1,296,-0.036730583757162094
gp_latent_1,297,-0.0575387142598629
gp_latent_1,298,0.0270137470215559
gp_latent_1,299,0.011791053228080273
gp_latent_1,300,0.012092245742678642
gp_latent_1,301,0.015381988137960434
gp_latent_1,302,0.00970121007412672
gp_latent_1,303,-0.016128437593579292
gp_latent_1,304,-0.004983344580978155
gp_latent_1,305,-0.00714111328125
gp_latent_1,306,0.06306838244199753
gp_latent_1,307,0.02009378932416439
gp_latent_1,308,-0.005787556059658527
gp_latent_1,309,0.004519294947385788
gp_latent_1,310,0.0001461138017475605
gp_latent_1,311,-0.018866771832108498
gp_latent_1,312,-0.011824307963252068
gp_latent_1,313,0.012788933701813221
gp_latent_1,314,-0.007852474227547646
gp_latent_1,315,-0.038941822946071625
gp_latent_1,316,0.017349783331155777
gp_latent_1,317,-0.005372369661927223
gp_latent_1,318,-0.019314151257276535
gp_latent_1,319,0.004022892564535141
gp_latent_1,320,-0.013087328523397446
gp_latent_1,321,-0.02822190895676613
gp_latent_1,322,-0.0528409369289875
gp_latent_1,323,0.04342103376984596
gp_latent_1,324,0.008898860774934292
gp_latent_1,325,0.02742008864879608
gp_latent_1,326,0.03792167082428932
gp_latent_1,327,-0.008216079324483871
gp_latent_1,328,0.016931913793087006
gp_latent_1,329,0.010464001446962357
gp_latent_1,330,0.013211838901042938
gp_latent_1,331,-0.012328032404184341
gp_latent_1,332,0.04003584384918213
gp_latent_1,333,0.058201566338539124
gp_latent_1,334,-0.013617685995995998
gp_latent_1,335,0.02548343688249588
gp_latent_1,336,0.015994716435670853
gp_latent_1,337,0.003445841372013092
gp_latent_1,338,-0.0822550430893898
gp_latent_1,339,0.021731926128268242
gp_latent_1,340,-0.02539525181055069
gp_latent_1,341,0.0026065767742693424
gp_latent_1,342,-0.01893506944179535
gp_latent_1,343,0.012304462492465973
gp_latent_1,344,-0.09349192678928375
gp_latent_1,345,-0.0066517796367406845
gp_latent_1,346,-0.05127235874533653
gp_latent_1,347,0.0016360562294721603
gp_latent_1,348,0.017679806798696518
gp_latent_1,349,0.03710278123617172
gp_latent_1,350,-0.05258288234472275
gp_latent_1,351,-0.01736045815050602
gp_latent_1,352,0.05863191559910774
gp_latent_1,353,0.01649542897939682
gp_latent_1,354,0.04284252971410751
gp_latent_1,355,-0.00749225402250886
gp_latent_1,356,-0.012202735990285873
gp_latent_1,357,0.012331424281001091
gp_latent_1,358,0.02958785556256771
gp_latent_1,359,0.036489274352788925
gp_latent_1,360,0.010271715931594372
gp_latent_1,361,0.0022485600784420967
gp_latent_1,362,0.01803159900009632
gp_latent_1,363,0.013406841084361076
gp_latent_1,364,0.038833506405353546
gp_latent_1,365,-0.014787998050451279
gp_latent_1,366,0.006059353239834309
gp_latent_1,367,-0.013215122744441032
gp_latent_1,368,0.020167196169495583
gp_latent_1,369,0.030598731711506844
gp_latent_1,370,-0.007998140528798103
gp_latent_1,371,0.045532532036304474
gp_latent_1,372,0.018010657280683517
gp_latent_1,373,0.006882635410875082
gp_latent_1,374,-0.004359658807516098
gp_latent_1,375,0.009809581562876701
gp_latent_1,376,0.020559944212436676
gp_latent_1,377,-0.04313977435231209
gp_latent_1,378,0.012576659210026264
gp_latent_1,379,-0.0017723197815939784
gp_latent_1,380,-0.00877560954540968
gp_latent_1,381,-0.014954101294279099
gp_latent_1,382,-0.003907750826328993
gp_latent_1,383,-0.05298895388841629
gp_latent_1,384,0.007084215059876442
gp_latent_1,385,-0.04672330990433693
gp_latent_1,386,-0.01574777439236641
gp_latent_1,387,-0.006541016511619091
gp_latent_1,388,-0.017386486753821373
gp_latent_1,389,-0.06530917435884476
gp_latent_1,390,-0.024313051253557205
gp_latent_1,391,-0.02314724214375019
gp_latent_1,392,-0.007165036629885435
gp_latent_1,393,-0.028992915526032448
gp_latent_1,394,-0.03421259671449661
gp_latent_1,395,-0.0068741608411073685
gp_latent_1,396,-0.030144188553094864
gp_latent_1,397,-0.0009794061770662665
gp_latent_1,398,-0.053687985986471176
gp_latent_1,399,-0.013253542594611645
gp_latent_1,400,-0.025417640805244446
gp_latent_1,401,0.007795016281306744
gp_latent_1,402,-0.01558610238134861
gp_latent_1,403,0.0156239103525877
gp_latent_1,404,0.004600746091455221
gp_latent_1,405,0.016283757984638214
gp_latent_1,406,-0.009370221756398678
gp_latent_1,407,0.011608042754232883
gp_latent_1,408,0.009751800447702408
gp_latent_1,409,-0.011662889271974564
gp_latent_1,410,0.01487257145345211
gp_latent_1,411,0.02751171588897705
gp_latent_1,412,0.04283212497830391
gp_latent_1,413,-0.008133611641824245
gp_latent_1,414,-0.008658102713525295
gp_latent_1,415,-0.035098347812891006
gp_latent_1,416,-0.026985885575413704
gp_latent_1,417,-0.028284963220357895
gp_latent_1,418,0.01794149912893772
gp_latent_1,419,-0.0010610518511384726
gp_latent_1,420,0.0024948965292423964
gp_latent_1,421,-0.010816733352839947
gp_latent_1,422,0.014330518431961536
gp_latent_1,423,0.0014362772926688194
gp_latent_1,424,0.08101300895214081
gp_latent_1,425,-0.008267644792795181
gp_latent_1,426,-0.049705781042575836
gp_latent_1,427,-0.04122930392622948
gp_latent_1,428,-0.029206255450844765
gp_latent_1,429,0.04015010967850685
gp_latent_1,430,0.07522021979093552
gp_latent_1,431,0.018817197531461716
gp_latent_1,432,-0.004612900782376528
gp_latent_1,433,-0.011839194223284721
gp_latent_1,434,0.04831643030047417
gp_latent_1,435,0.03600527346134186
gp_latent_1,436,-0.004833358805626631
gp_latent_1,437,-0.047294870018959045
gp_latent_1,438,0.020329950377345085
gp_latent_1,439,0.07346773892641068
gp_latent_1,440,0.06508853286504745
gp_latent_1,441,0.027165288105607033
gp_latent_1,442,0.020518455654382706
gp_latent_1,443,0.0038134430069476366
gp_latent_1,444,0.04185986891388893
gp_latent_1,445,0.06479258090257645
gp_latent_1,446,0.033496614545583725
gp_latent_1,447,0.01621847227215767
gp_latent_1,448,0.026126252487301826
gp_latent_1,449,0.013644684106111526
gp_latent_1,450,0.026510171592235565
gp_latent_1,451,-0.02984013222157955
gp_latent_1,452,-0.028849482536315918
gp_latent_1,453,-0.021024588495492935
gp_latent_1,454,-0.04410431161522865
gp_latent_1,455,-0.01493025105446577
gp_latent_1,456,0.036621518433094025
gp_latent_1,457,-0.01553572341799736
gp_latent_1,458,-0.04657663777470589
gp_latent_1,459,-0.021474512293934822
gp_latent_1,460,0.007404897827655077
gp_latent_1,461,0.021329864859580994
gp_latent_1,462,0.03412053734064102
gp_latent_1,463,0.03550148010253906
gp_latent_1,464,-0.002010691910982132
gp_latent_1,465,0.014524723403155804
gp_latent_1,466,0.028880758211016655
gp_latent_1,467,-0.033126384019851685
gp_latent_1,468,-0.02573801577091217
gp_latent_1,469,-0.0642734244465828
gp_latent_1,470,0.007130129262804985
gp_latent_1,471,-0.026285767555236816
gp_latent_1,472,0.044390782713890076
gp_latent_1,473,0.055783819407224655
gp_latent_1,474,-0.0503460057079792
gp_latent_1,475,0.005246056243777275
gp_latent_1,476,0.08577357232570648
gp_latent_1,477,0.017020270228385925
gp_latent_1,478,0.00494494941085577
gp_latent_1,479,0.01775260642170906
gp_latent_1,480,-0.013463473878800869
gp_latent_1,481,0.020209604874253273
gp_latent_1,482,-0.031650543212890625
gp_latent_1,483,0.06625443696975708
gp_latent_1,484,0.07858560979366302
gp_latent_1,485,0.07375063002109528
gp_latent_1,486,0.03632476553320885
gp_latent_1,487,0.028856970369815826
gp_latent_1,488,0.03385910764336586
gp_latent_1,489,0.011524491012096405
gp_latent_1,490,0.008615702390670776
gp_latent_1,491,0.025996215641498566
gp_latent_1,492,0.036663491278886795
gp_latent_1,493,0.020195182412862778
gp_latent_1,494,0.014695081859827042
gp_latent_1,495,0.02599196881055832
gp_latent_1,496,0.015414138324558735
gp_latent_1,497,0.009722115471959114
gp_latent_1,498,0.018403001129627228
gp_latent_1,499,0.04128279909491539
gp_latent_1,500,0.02132934145629406
gp_latent_1,501,-0.006656693294644356
gp_latent_1,502,-0.02600841037929058
gp_latent_1,503,-0.034022603183984756
gp_latent_1,504,-0.039169229567050934
gp_latent_1,505,0.0031868431251496077
gp_latent_1,506,-0.03217800706624985
gp_latent_1,507,-0.02126682549715042
gp_latent_1,508,-0.05856248363852501
gp_latent_1,509,-0.012684198096394539
gp_latent_1,510,0.04450890049338341
gp_latent_1,511,-0.01165067683905363
gp_latent_1,512,-0.006415835116058588
gp_latent_1,513,0.008822273463010788
gp_latent_1,514,-0.030522530898451805
gp_latent_1,515,-0.03552079200744629
gp_latent_1,516,0.033970244228839874
gp_latent_1,517,0.065413698554039
gp_latent_1,518,0.02536802925169468
gp_latent_1,519,0.034633345901966095
gp_latent_1,520,-0.0009313048794865608
gp_latent_1,521,0.012609854340553284
gp_latent_1,522,0.03308584913611412
gp_latent_1,523,-0.031489595770835876
gp_latent_1,524,0.00836905650794506
gp_latent_1,525,-0.022093545645475388
gp_latent_1,526,-0.0387975238263607
gp_latent_1,527,0.02575472928583622
gp_latent_1,528,0.011933786794543266
gp_latent_1,529,-0.011593209579586983
gp_latent_1,530,0.017453506588935852
gp_latent_1,531,0.015300184488296509
gp_latent_1,532,-0.0005400441586971283
gp_latent_1,533,-0.07816122472286224
gp_latent_1,534,-0.0005349009297788143
gp_latent_1,535,0.006847734097391367
gp_latent_1,536,0.019937822595238686
gp_latent_1,537,0.015141389332711697
gp_latent_1,538,-0.01475373562425375
gp_latent_1,539,-0.02152666449546814
gp_latent_1,540,-0.005160955712199211
gp_latent_1,541,-0.008121935650706291
gp_latent_1,542,-0.0001875062007457018
gp_latent_1,543,-0.007644421420991421
gp_latent_1,544,0.05245591700077057
gp_latent_1,545,0.07997997105121613
gp_latent_1,546,0.07301875948905945
gp_latent_1,547,0.07092203944921494
gp_latent_1,548,0.07185081392526627
gp_latent_1,549,0.05366538465023041
gp_latent_1,550,0.06774254888296127
gp_latent_1,551,0.014026220887899399
gp_latent_1,552,-0.03245614841580391
gp_latent_1,553,-0.04126917943358421
gp_latent_1,554,0.0226996261626482
gp_latent_1,555,0.020689932629466057
gp_latent_1,556,0.03718945011496544
gp_latent_1,557,0.026695989072322845
gp_latent_1,558,0.019235659390687943
gp_latent_1,559,0.01762014999985695
gp_latent_1,560,0.025059884414076805
gp_latent_1,561,0.02587561309337616
gp_latent_1,562,0.03095599263906479
gp_latent_1,563,0.02668819949030876
gp_latent_1,564,0.018374940380454063
gp_latent_1,565,0.020895319059491158
gp_latent_1,566,0.023562271147966385
gp_latent_1,567,0.02016766183078289
gp_latent_1,568,0.014135179109871387
gp_latent_1,569,0.023311572149395943
gp_latent_1,570,0.017481550574302673
gp_latent_1,571,0.016291160136461258
gp_latent_1,572,0.03774945065379143
gp_latent_1,573,0.011212186887860298
gp_latent_1,574,0.0027695265598595142
gp_latent_1,575,0.011070696637034416
gp_latent_1,576,0.016766656190156937
gp_latent_1,577,-0.01779201067984104
gp_latent_1,578,-0.0015872783260419965
gp_latent_1,579,0.002783032599836588
gp_latent_1,580,-0.007487705908715725
gp_latent_1,581,-0.10160252451896667
gp_latent_1,582,0.002572578378021717
gp_latent_1,583,0.05382883548736572
gp_latent_1,584,0.07438140362501144
gp_latent_1,585,-0.033114079385995865
gp_latent_1,586,0.002573814708739519
gp_latent_1,587,0.02170315757393837
gp_latent_1,588,0.02028689719736576
gp_latent_1,589,-0.026070037856698036
gp_latent_1,590,-0.00022443709895014763
gp_latent_1,591,0.013761840760707855
gp_latent_1,592,0.004041820298880339
gp_latent_1,593,0.0354086197912693
gp_latent_1,594,0.02614479511976242
gp_latent_1,595,-0.0059424638748168945
gp_latent_1,596,0.00232843984849751
gp_latent_1,597,-0.0020715445280075073
gp_latent_1,598,-0.009931953623890877
gp_latent_1,599,0.01283717155456543
gp_latent_1,600,0.0008639977313578129
gp_latent_1,601,0.01895945705473423
gp_latent_1,602,-0.02345183864235878
gp_latent_1,603,-0.024304961785674095
gp_latent_1,604,-0.008113081566989422
gp_latent_1,605,-0.006702668499201536
gp_latent_1,606,-0.02050461247563362
gp_latent_1,607,-0.019015561789274216
gp_latent_1,608,-0.018420305103063583
gp_latent_1,609,-0.04573377966880798
gp_latent_1,610,-0.011785519309341908
gp_latent_1,611,-0.011674429289996624
gp_latent_1,612,0.08137450367212296
gp_latent_1,613,0.010814281180500984
gp_latent_1,614,0.019795024767518044
gp_latent_1,615,0.007067632395774126
gp_latent_1,616,-0.0010642167180776596
gp_latent_1,617,0.007946044206619263
gp_latent_1,618,0.0030925897881388664
gp_latent_1,619,0.014295635744929314
gp_latent_1,620,0.010102443397045135
gp_latent_1,621,0.03549335151910782
gp_latent_1,622,-0.05770890414714813
gp_latent_1,623,-0.042873814702034
gp_latent_1,624,0.007432583719491959
gp_latent_1,625,-0.03765696659684181
gp_latent_1,626,-0.01273264642804861
gp_latent_1,627,-0.0380130335688591
gp_latent_1,628,0.0799960047006607
gp_latent_1,629,0.004900641739368439
gp_latent_1,630,0.0049469550140202045
gp_latent_1,631,0.009372707456350327
gp_latent_1,632,0.007419674191623926
gp_latent_1,633,-0.011841031722724438
gp_latent_1,634,0.06275466084480286
gp_latent_1,635,0.02816489152610302
gp_latent_1,636,0.02092697098851204
gp_latent_1,637,0.0037956659216433764
gp_latent_1,638,-0.02819943241775036
gp_latent_1,639,-0.014569804072380066
gp_latent_1,640,0.008790042251348495
gp_latent_1,641,0.015124618075788021
gp_latent_1,642,-0.06083587557077408
gp_latent_1,643,0.021812018007040024
gp_latent_1,644,-0.0087010208517313
gp_latent_1,645,0.02913380041718483
gp_latent_1,646,-0.004672608338296413
gp_latent_1,647,-0.006719000171869993
gp_latent_1,648,-0.039472464472055435
gp_latent_1,649,-0.03246884047985077
gp_latent_1,650,-0.028184646740555763
gp_latent_1,651,-0.010837878100574017
gp_latent_1,652,-0.014305563643574715
gp_latent_1,653,-0.01780085265636444
gp_latent_1,654,-0.01828942261636257
gp_latent_1,655,0.0025118482299149036
gp_latent_1,656,-0.03909977152943611
gp_latent_1,657,-0.02323114685714245
gp_latent_1,658,0.03950425982475281
gp_latent_1,659,0.03880072012543678
gp_latent_1,660,-0.0028592466842383146
gp_latent_1,661,0.01343458890914917
gp_latent_1,662,0.03829869627952576
gp_latent_1,663,-0.0626707673072815
gp_latent_1,664,-0.032735757529735565
gp_latent_1,665,0.0624266192317009
gp_latent_1,666,-0.014406034722924232
gp_latent_1,667,-0.028123926371335983
gp_latent_1,668,-0.013854963704943657
gp_latent_1,669,-0.005929006263613701
gp_latent_1,670,-0.004964231513440609
gp_latent_1,671,0.007579836528748274
gp_latent_1,672,-0.011878013610839844
gp_latent_1,673,-0.011163798160851002
gp_latent_1,674,0.047089677304029465
gp_latent_1,675,0.05570729821920395
gp_latent_1,676,0.06219910830259323
gp_latent_1,677,0.06707066297531128
gp_latent_1,678,-0.02134782448410988
gp_latent_1,679,0.01380305364727974
gp_latent_1,680,0.015564014203846455
gp_latent_1,681,0.027731288224458694
gp_latent_1,682,0.011971537955105305
gp_latent_1,683,0.04015407711267471
gp_latent_1,684,0.027735503390431404
gp_latent_1,685,0.020687934011220932
gp_latent_1,686,0.023051755502820015
gp_latent_1,687,0.009476336650550365
gp_latent_1,688,0.015929806977510452
gp_latent_1,689,0.03788607567548752
gp_latent_1,690,0.011174710467457771
gp_latent_1,691,-0.023434894159436226
gp_latent_1,692,-0.01829037442803383
gp_latent_1,693,0.015922721475362778
gp_latent_1,694,0.009100185707211494
gp_latent_1,695,-0.000678373733535409
gp_latent_1,696,0.015130133368074894
gp_latent_1,697,0.006460121832787991
gp_latent_1,698,-0.0042078616097569466
gp_latent_1,699,0.008116333745419979
gp_latent_1,700,-0.005026283208280802
gp_latent_1,701,-0.005765334703028202
gp_latent_1,702,-0.011502483859658241
gp_latent_1,703,0.05071111395955086
gp_latent_1,704,-0.004297562874853611
gp_latent_1,705,0.013797207735478878
gp_latent_1,706,0.03271763026714325
gp_latent_1,707,0.0294560045003891
gp_latent_1,708,0.021280188113451004
gp_latent_1,709,-0.002183405449613929
gp_latent_1,710,-0.014596710912883282
gp_latent_1,711,-0.0521332211792469
gp_latent_1,712,-0.02141362428665161
gp_latent_1,713,-0.017138781026005745
gp_latent_1,714,-0.025802142918109894
gp_latent_1,715,0.028508855029940605
gp_latent_1,716,0.0013916585594415665
gp_latent_1,717,-0.011892907321453094
gp_latent_1,718,-0.01890767179429531
gp_latent_1,719,-0.015999503433704376
gp_latent_1,720,-0.01656508445739746
gp_latent_1,721,-0.031254131346940994
gp_latent_1,722,-0.004306941758841276
gp_latent_1,723,-0.015797898173332214
gp_latent_1,724,0.01468261145055294
gp_latent_1,725,0.020460879430174828
gp_latent_1,726,-0.0015074360417202115
gp_latent_1,727,-0.011402670294046402
gp_latent_1,728,0.015124449506402016
gp_latent_1,729,0.013200899586081505
gp_latent_1,730,-0.0354512520134449
gp_latent_1,731,-0.00620274618268013
gp_latent_1,732,-0.04543839022517204
gp_latent_1,733,0.0017506673466414213
gp_latent_1,734,0.03331999108195305
gp_latent_1,735,0.007793564815074205
gp_latent_1,736,0.020563628524541855
gp_latent_1,737,-0.03282667696475983
gp_latent_1,738,-0.043185412883758545
gp_latent_1,739,0.020493686199188232
gp_latent_1,740,0.04520528391003609
gp_latent_1,741,0.029925506561994553
gp_latent_1,742,-0.02520940825343132
gp_latent_1,743,-0.019917283207178116
gp_latent_1,744,0.005657265894114971
gp_latent_1,745,0.02107856050133705
gp_latent_1,746,0.0315559059381485
gp_latent_1,747,0.01145835593342781
gp_latent_1,748,-0.039422761648893356
gp_latent_1,749,-0.014035983942449093
gp_latent_1,750,0.011307714506983757
gp_latent_1,751,0.019395731389522552
gp_latent_1,752,-0.032025404274463654
gp_latent_1,753,-0.03015412762761116
gp_latent_1,754,0.008373693563044071
gp_latent_1,755,-0.021741783246397972
gp_latent_1,756,0.003928106278181076
gp_latent_1,757,-0.005373093299567699
gp_latent_1,758,-0.01956987753510475
gp_latent_1,759,0.0044900113716721535
gp_latent_1,760,-0.031665902584791183
gp_latent_1,761,-0.0008967146277427673
gp_latent_1,762,-0.029221612960100174
gp_latent_1,763,-0.010595917701721191
gp_latent_1,764,0.033066459000110626
gp_latent_1,765,-0.0053292978554964066
gp_latent_1,766,0.0452241487801075
gp_latent_1,767,0.024000322446227074
gp_latent_1,768,-0.031228583306074142
gp_latent_1,769,0.05499480664730072
gp_latent_1,770,0.057188551872968674
gp_latent_1,771,0.004275151994079351
gp_latent_1,772,0.000244789756834507
gp_latent_1,773,0.01383206620812416
gp_latent_1,774,0.030338319018483162
gp_latent_1,775,0.016960201784968376
gp_latent_1,776,0.019535459578037262
gp_latent_1,777,0.04811267554759979
gp_latent_1,778,0.034748852252960205
gp_latent_1,779,0.0033741826191544533
gp_latent_1,780,-0.01938723400235176
gp_latent_1,781,0.011910475790500641
gp_latent_1,782,-0.010342373512685299
gp_latent_1,783,-0.005219676531851292
gp_latent_1,784,0.004577628802508116
gp_latent_1,785,0.03183645009994507
gp_latent_1,786,0.002229775069281459
gp_latent_1,787,0.05972744897007942
gp_latent_1,788,0.05302252992987633
gp_latent_1,789,0.03931907191872597
gp_latent_1,790,0.04301843047142029
gp_latent_1,791,0.03622119128704071
gp_latent_1,792,0.04485340788960457
gp_latent_1,793,-0.045720621943473816
gp_latent_1,794,0.004783983342349529
gp_latent_1,795,0.04018015041947365
gp_latent_1,796,-0.013069231063127518
gp_latent_1,797,0.001687829033471644
gp_latent_1,798,-0.016518227756023407
gp_latent_1,799,-0.03829522803425789
gp_latent_1,800,0.015684451907873154
gp_latent_1,801,0.005132040474563837
gp_latent_1,802,0.001824940089136362
gp_latent_1,803,-0.026492441073060036
gp_latent_1,804,0.024023912847042084
gp_latent_1,805,0.02604091353714466
gp_latent_1,806,0.007814625278115273
gp_latent_1,807,0.0055173831060528755
gp_latent_1,808,-0.01615329086780548
gp_latent_1,809,0.026080558076500893
gp_latent_1,810,-0.006360851693898439
gp_latent_1,811,0.0008347776019945741
gp_latent_1,812,0.014712825417518616
gp_latent_1,813,0.015430173836648464
gp_latent_1,814,-0.006604121997952461
gp_latent_1,815,-0.00010630255565047264
gp_latent_1,816,0.018234724178910255
gp_latent_1,817,0.015474090352654457
gp_latent_1,818,-0.010144820436835289
gp_latent_1,819,-0.00964963436126709
gp_latent_1,820,0.021907437592744827
gp_latent_1,821,0.01821664720773697
gp_latent_1,822,-0.021383358165621758
gp_latent_1,823,0.005566809326410294
gp_latent_1,824,0.009268885478377342
gp_latent_1,825,0.06808985769748688
gp_latent_1,826,-0.02055390737950802
gp_latent_1,827,-0.028806418180465698
gp_latent_1,828,0.02376626990735531
gp_latent_1,829,0.01684197224676609
gp_latent_1,830,0.019087769091129303
gp_latent_1,831,-0.008657487109303474
gp_latent_1,832,0.011003509163856506
gp_latent_1,833,-0.00902736559510231
gp_latent_1,834,0.003764081746339798
gp_latent_1,835,-0.006422184407711029
gp_latent_1,836,-0.017534490674734116
gp_latent_1,837,0.030165500938892365
gp_latent_1,838,0.01947234757244587
gp_latent_1,839,0.04170651733875275
gp_latent_1,840,-0.03758738562464714
gp_latent_1,841,0.047259990125894547
gp_latent_1,842,0.003768093418329954
gp_latent_1,843,-0.019659141078591347
gp_latent_1,844,-0.045345939695835114
gp_latent_1,845,0.039355333894491196
gp_latent_1,846,-0.0010717178229242563
gp_latent_1,847,0.001410909928381443
gp_latent_1,848,0.015092546120285988
gp_latent_1,849,0.028179645538330078
gp_latent_1,850,0.005582197103649378
gp_latent_1,851,0.03578481450676918
gp_latent_1,852,0.007041723467409611
gp_latent_1,853,-0.011536875739693642
gp_latent_1,854,-0.02638770081102848
gp_latent_1,855,-0.026199016720056534
gp_latent_1,856,0.005890089087188244
gp_latent_1,857,0.0034921816550195217
gp_latent_1,858,0.018343554809689522
gp_latent_1,859,0.025819534435868263
gp_latent_1,860,0.030204489827156067
gp_latent_1,861,0.02539651095867157
gp_latent_1,862,0.04278792813420296
gp_latent_1,863,0.024181531742215157
gp_latent_1,864,0.03154706582427025
gp_latent_1,865,0.015518231317400932
gp_latent_1,866,-0.00778500409796834
gp_latent_1,867,0.014283101074397564
gp_latent_1,868,0.013871507719159126
gp_latent_1,869,0.01669969968497753
gp_latent_1,870,0.038893721997737885
gp_latent_1,871,0.03811182454228401
gp_latent_1,872,0.00027185073122382164
gp_latent_1,873,0.008296918123960495
gp_latent_1,874,-0.028390636667609215
gp_latent_1,875,0.00043179839849472046
gp_latent_1,876,0.026294909417629242
gp_latent_1,877,-0.010177559219300747
gp_latent_1,878,-0.013229270465672016
gp_latent_1,879,0.020172959193587303
gp_latent_1,880,-0.020367329940199852
gp_latent_1,881,0.018233003094792366
gp_latent_1,882,-0.021879518404603004
gp_latent_1,883,-0.014766300097107887
gp_latent_1,884,-0.02514631673693657
gp_latent_1,885,-0.01655082032084465
gp_latent_1,886,0.034086890518665314
gp_latent_1,887,-0.010559877380728722
gp_latent_1,888,0.031535934656858444
gp_latent_1,889,-0.014796847477555275
gp_latent_1,890,0.022463681176304817
gp_latent_1,891,0.043297696858644485
gp_latent_1,892,-0.03013903833925724
gp_latent_1,893,-0.019539687782526016
gp_latent_1,894,-0.02401668205857277
gp_latent_1,895,0.04533826932311058
gp_latent_1,896,0.02069316990673542
gp_latent_1,897,0.0135795371606946
gp_latent_1,898,0.002486280631273985
gp_latent_1,899,-0.08183297514915466
gp_latent_1,900,-0.0846969336271286
gp_latent_1,901,-0.07687094807624817
gp_latent_1,902,0.012925533577799797
gp_latent_1,903,-0.0088571235537529
gp_latent_1,904,-0.029042690992355347
gp_latent_1,905,-0.024911724030971527
gp_latent_1,906,-0.004309945274144411
gp_latent_1,907,-0.009898561984300613
gp_latent_1,908,0.007886219769716263
gp_latent_1,909,-0.015401487238705158
gp_latent_1,910,-0.02614881470799446
gp_latent_1,911,-0.06994298845529556
gp_latent_1,912,-0.07326706498861313
gp_latent_1,913,-0.09760261327028275
gp_latent_1,914,-0.014953691512346268
gp_latent_1,915,-0.02348119020462036
gp_latent_1,916,-0.09058088064193726
gp_latent_1,917,-0.02465634234249592
gp_latent_1,918,-0.022070031613111496
gp_latent_1,919,-0.005166418384760618
gp_latent_1,920,0.026425477117300034
gp_latent_1,921,-0.012095412239432335
gp_latent_1,922,0.04090875759720802
gp_latent_1,923,0.0023766050580888987
gp_latent_1,924,-0.03607289120554924
gp_latent_1,925,-0.009633174166083336
gp_latent_1,926,-0.01952935755252838
gp_latent_1,927,-0.011682072654366493
gp_latent_1,928,0.022175608202815056
gp_latent_1,929,0.018000952899456024
gp_latent_1,930,0.006196422968059778
gp_latent_1,931,-0.012780917808413506
gp_latent_1,932,0.012812653556466103
gp_latent_1,933,-0.005183809902518988
gp_latent_1,934,0.02942233718931675
gp_latent_1,935,0.007575017400085926
gp_latent_1,936,-0.06418133527040482
gp_latent_1,937,-0.08578149974346161
gp_latent_1,938,0.002822417765855789
gp_latent_1,939,-0.08310732990503311
gp_latent_1,940,-0.013076061382889748
gp_latent_1,941,0.010439213365316391
gp_latent_1,942,0.0035854242742061615
gp_latent_1,943,-0.023773591965436935
gp_latent_1,944,-0.09344311058521271
gp_latent_1,945,0.03545792028307915
gp_latent_1,946,-0.036496732383966446
gp_latent_1,947,0.021291282027959824
gp_latent_1,948,-0.07629963755607605
gp_latent_1,949,-0.03582877665758133
gp_latent_2,0,0.010922851040959358
gp_latent_2,1,0.01490518543869257
gp_latent_2,2,-0.0151694780215621
gp_latent_2,3,-0.027008533477783203
gp_latent_2,4,-0.03843231126666069
gp_latent_2,5,-0.018748976290225983
gp_latent_2,6,0.025841472670435905
gp_latent_2,7,0.03503970801830292
gp_latent_2,8,-0.027324123308062553
gp_latent_2,9,0.020250137895345688
gp_latent_2,10,-0.032605044543743134
gp_latent_2,11,-0.009928342886269093
gp_latent_2,12,-0.004702143836766481
gp_latent_2,13,0.03595254570245743
gp_latent_2,14,0.027100181207060814
gp_latent_2,15,0.033462658524513245
gp_latent_2,16,-0.002583153545856476
gp_latent_2,17,0.012839190661907196
gp_latent_2,18,0.01666221208870411
gp_latent_2,19,0.050171736627817154
gp_latent_2,20,0.01739668846130371
gp_latent_2,21,-0.03655652329325676
gp_latent_2,22,-0.004147802479565144
gp_latent_2,23,-0.0013789879158139229
gp_latent_2,24,-0.009270047768950462
gp_latent_2,25,0.018190812319517136
gp_latent_2,26,-0.027432871982455254
gp_latent_2,27,-0.03065674938261509
gp_latent_2,28,0.018774135038256645
gp_latent_2,29,0.03760470077395439
gp_latent_2,30,-0.012169765308499336
gp_latent_2,31,-0.006482796277850866
gp_latent_2,32,0.00638101389631629
gp_latent_2,33,-0.00716429203748703
gp_latent_2,34,0.07160995900630951
gp_latent_2,35,0.05951458960771561
gp_latent_2,36,-0.04392021894454956
gp_latent_2,37,-0.04257970675826073
gp_latent_2,38,-0.03502641245722771
gp_latent_2,39,0.039732277393341064
gp_latent_2,40,-0.011988932266831398
gp_latent_2,41,-0.022971225902438164
gp_latent_2,42,0.07396156340837479
gp_latent_2,43,-0.03190755844116211
gp_latent_2,44,-0.007902443408966064
gp_latent_2,45,0.02798537351191044
gp_latent_2,46,-0.017568079754710197
gp_latent_2,47,0.010901329107582569
gp_latent_2,48,0.0035227700136601925
gp_latent_2,49,-0.006042107939720154
gp_latent_2,50,0.011357670649886131
gp_latent_2,51,0.006224381737411022
gp_latent_2,52,-0.0021329668816179037
gp_latent_2,53,-0.002198478439822793
gp_latent_2,54,-0.011371931061148643
gp_latent_2,55,0.020905405282974243
gp_latent_2,56,0.010673190467059612
gp_latent_2,57,-0.029862569645047188
gp_latent_2,58,0.00663040392100811
gp_latent_2,59,-0.022490249946713448
gp_latent_2,60,0.010672430507838726
gp_latent_2,61,-0.01537255011498928
gp_latent_2,62,-0.008225695230066776
gp_latent_2,63,0.013003146275877953
gp_latent_2,64,-0.02055112086236477
gp_latent_2,65,0.022447770461440086
gp_latent_2,66,0.026958415284752846
gp_latent_2,67,-0.018975792452692986
gp_latent_2,68,0.002226507291197777
gp_latent_2,69,-0.004575613420456648
gp_latent_2,70,0.01705135591328144
gp_latent_2,71,0.03173025697469711
gp_latent_2,72,0.02019590325653553
gp_latent_2,73,-0.01444372721016407
gp_latent_2,74,-0.0268489271402359
gp_latent_2,75,0.023262331262230873
gp_latent_2,76,0.046007029712200165
gp_latent_2,77,0.005821294616907835
gp_latent_2,78,0.02915377914905548
gp_latent_2,79,0.0044916486367583275
gp_latent_2,80,0.0434219054877758
gp_latent_2,81,0.0016852827975526452
gp_latent_2,82,-0.06431972235441208
gp_latent_2,83,0.01189466193318367
gp_latent_2,84,0.014672488905489445
gp_latent_2,85,0.012655297294259071
gp_latent_2,86,0.009923313744366169
gp_latent_2,87,0.013166635297238827
gp_latent_2,88,0.02121443673968315
gp_latent_2,89,0.007573197595775127
gp_latent_2,90,0.005631778389215469
gp_latent_2,91,-0.014431124553084373
gp_latent_2,92,-0.01752176508307457
gp_latent_2,93,-0.001022180076688528
gp_latent_2,94,0.04649031162261963
gp_latent_2,95,-0.00044389604590833187
gp_latent_2,96,0.0141434445977211
gp_latent_2,97,-0.0015427853213623166
gp_latent_2,98,-0.022949516773223877
gp_latent_2,99,-0.014487005770206451
gp_latent_2,100,0.024076949805021286
gp_latent_2,101,-0.007409045938402414
gp_latent_2,102,-0.024842800572514534
gp_latent_2,103,-0.01438797265291214
gp_latent_2,104,0.015434681437909603
gp_latent_2,105,0.020017128437757492
gp_latent_2,106,-0.016292952001094818
gp_latent_2,107,-0.003036316717043519
gp_latent_2,108,-0.02517308108508587
gp_latent_2,109,-0.024073122069239616
gp_latent_2,110,-0.03457514941692352
gp_latent_2,111,-0.016908859834074974
gp_latent_2,112,-0.010856576263904572
gp_latent_2,113,0.008496765047311783
gp_latent_2,114,-0.0019444245845079422
gp_latent_2,115,0.009698986075818539
gp_latent_2,116,0.009829160757362843
gp_latent_2,117,-0.01556459628045559
gp_latent_2,118,0.020836157724261284
gp_latent_2,119,-0.011289720423519611
gp_latent_2,120,-0.0055008018389344215
gp_latent_2,121,-0.06827279180288315
gp_latent_2,122,-0.05405757576227188
gp_latent_2,123,-0.026352716609835625
gp_latent_2,124,0.024408098310232162
gp_latent_2,125,-0.025151459500193596
gp_latent_2,126,-0.007126267068088055
gp_latent_2,127,-0.061228517442941666
gp_latent_2,128,-0.002220294438302517
gp_latent_2,129,0.0042596617713570595
gp_latent_2,130,-0.020888451486825943
gp_latent_2,131,0.005762435961514711
gp_latent_2,132,-0.016962800174951553
gp_latent_2,133,-0.03531556949019432
gp_latent_2,134,0.0229234229773283
gp_latent_2,135,0.015737920999526978
gp_latent_2,136,-0.025963297113776207
gp_latent_2,137,-0.031183522194623947
gp_latent_2,138,-0.027885349467396736
gp_latent_2,139,-0.07002635300159454
gp_latent_2,140,0.0440966822206974
gp_latent_2,141,0.003567615058273077
gp_latent_2,142,-0.022542286664247513
gp_latent_2,143,-0.03585057705640793
gp_latent_2,144,-0.0019378962460905313
gp_latent_2,145,0.007505178451538086
gp_latent_2,146,0.013410835526883602
gp_latent_2,147,0.018164407461881638
gp_latent_2,148,0.012534050270915031
gp_latent_2,149,0.014010663144290447
gp_latent_2,150,0.017292510718107224
gp_latent_2,151,-0.012670652940869331
gp_latent_2,152,-0.04200224205851555
gp_latent_2,153,-0.020968645811080933
gp_latent_2,154,-0.007916918024420738
gp_latent_2,155,0.0035891919396817684
gp_latent_2,156,0.03055436909198761
gp_latent_2,157,0.001955233048647642
gp_latent_2,158,-0.009168012998998165
gp_latent_2,159,0.025781825184822083
gp_latent_2,160,-0.010648071765899658
gp_latent_2,161,0.002630857517942786
gp_latent_2,162,-0.00571379903703928
gp_latent_2,163,-0.0014520823024213314
gp_latent_2,164,0.0003782636485993862
gp_latent_2,165,0.014511790126562119
gp_latent_2,166,-0.013375068083405495
gp_latent_2,167,-0.03771353140473366
gp_latent_2,168,0.020430047065019608
gp_latent_2,169,0.016150057315826416
gp_latent_2,170,0.018299097195267677
gp_latent_2,171,-0.01677287369966507
gp_latent_2,172,0.035226862877607346
gp_latent_2,173,-0.0004331486125010997
gp_latent_2,174,-0.004896029829978943
gp_latent_2,175,0.01126239076256752
gp_latent_2,176,0.020030522719025612
gp_latent_2,177,-0.010905381292104721
gp_latent_2,178,-0.013301958329975605
gp_latent_2,179,0.030276460573077202
gp_latent_2,180,0.011150969192385674
gp_latent_2,181,0.05390810966491699
gp_latent_2,182,0.04007561877369881
gp_latent_2,183,0.03892534598708153
gp_latent_2,184,0.021992981433868408
gp_latent_2,185,-0.0026927024591714144
gp_latent_2,186,-0.006534952204674482
gp_latent_2,187,-0.059607475996017456
gp_latent_2,188,-0.025813285261392593
gp_latent_2,189,-0.010898756794631481
gp_latent_2,190,0.011476854793727398
gp_latent_2,191,0.002287754788994789
gp_latent_2,192,-0.014608576893806458
gp_latent_2,193,-0.02018837071955204
gp_latent_2,194,-0.013022607192397118
gp_latent_2,195,-0.006923014298081398
gp_latent_2,196,0.0018654712475836277
gp_latent_2,197,0.00466743903234601
gp_latent_2,198,0.03467878699302673
gp_latent_2,199,0.009690659120678902
gp_latent_2,200,-0.062302734702825546
gp_latent_2,201,0.016884563490748405
gp_latent_2,202,-0.026563795283436775
gp_latent_2,203,0.0060642184689641
gp_latent_2,204,0.018120359629392624
gp_latent_2,205,-0.008198514580726624
gp_latent_2,206,-0.030703425407409668
gp_latent_2,207,-0.01754763536155224
gp_latent_2,208,0.01450275257229805
gp_latent_2,209,0.02013700269162655
gp_latent_2,210,0.013518420048058033
gp_latent_2,211,-0.0028253807686269283
gp_latent_2,212,0.024631137028336525
gp_latent_2,213,0.02861829847097397
gp_latent_2,214,0.029117606580257416
gp_latent_2,215,-0.0005438298685476184
gp_latent_2,216,0.01682286337018013
gp_latent_2,217,-0.07854261994361877
gp_latent_2,218,-0.01381552405655384
gp_latent_2,219,-0.012482188642024994
gp_latent_2,220,0.014515986666083336
gp_latent_2,221,0.01854563131928444
gp_latent_2,222,-0.004847892560064793
gp_latent_2,223,0.002291713375598192
gp_latent_2,224,0.021022727712988853
gp_latent_2,225,-0.014584049582481384
gp_latent_2,226,0.010651512071490288
gp_latent_2,227,0.010674568824470043
gp_latent_2,228,0.0013069799169898033
gp_latent_2,229,-0.020837681367993355
gp_latent_2,230,-0.0014474475756287575
gp_latent_2,231,-0.01491893082857132
gp_latent_2,232,-0.0011352235451340675
gp_latent_2,233,0.01708087883889675
gp_latent_2,234,0.01629757136106491
gp_latent_2,235,0.009365224279463291
gp_latent_2,236,-0.0018624186050146818
gp_latent_2,237,-0.02399381250143051
gp_latent_2,238,-0.006969588343054056
gp_latent_2,239,-0.02177218161523342
gp_latent_2,240,-0.004470795392990112
gp_latent_2,241,-0.015925295650959015
gp_latent_2,242,0.011723794043064117
gp_latent_2,243,-0.05557961016893387
gp_latent_2,244,-0.06166648864746094
gp_latent_2,245,-0.06633040308952332
gp_latent_2,246,-0.019846275448799133
gp_latent_2,247,-0.006318062078207731
gp_latent_2,248,-0.01700531505048275
gp_latent_2,249,0.0026715961284935474
gp_latent_2,250,-0.013548847287893295
gp_latent_2,251,0.02198958396911621
gp_latent_2,252,0.011400913819670677
gp_latent_2,253,-0.0008864262490533292
gp_latent_2,254,-0.0276582520455122
gp_latent_2,255,-0.0029919357039034367
gp_latent_2,256,0.004307681694626808
gp_latent_2,257,-0.029005322605371475
gp_latent_2,258,-0.009014260023832321
gp_latent_2,259,0.006242549978196621
gp_latent_2,260,-0.0075332485139369965
gp_latent_2,261,0.01490697916597128
gp_latent_2,262,-0.00032277777791023254
gp_latent_2,263,0.00877122301608324
gp_latent_2,264,0.013981541618704796
gp_latent_2,265,-0.009040339849889278
gp_latent_2,266,0.05023014917969704
gp_latent_2,267,-0.017888756468892097
gp_latent_2,268,0.014086194336414337
gp_latent_2,269,0.018880149349570274
gp_latent_2,270,-0.012771542184054852
gp_latent_2,271,0.03734500706195831
gp_latent_2,272,0.001936453627422452
gp_latent_2,273,0.024349141865968704
gp_latent_2,274,0.03434854745864868
gp_latent_2,275,-0.025889931246638298
gp_latent_2,276,-0.025045758113265038
gp_latent_2,277,-0.011631347239017487
gp_latent_2,278,0.008740579709410667
gp_latent_2,279,-0.01351768709719181
gp_latent_2,280,0.0012603547656908631
gp_latent_2,281,-0.013901607133448124
gp_latent_2,282,0.02405374124646187
gp_latent_2,283,-0.032679688185453415
gp_latent_2,284,0.015029119327664375
gp_latent_2,285,0.0278656966984272
gp_latent_2,286,0.01802048645913601
gp_latent_2,287,-0.0022595219779759645
gp_latent_2,288,-0.0032377284951508045
gp_latent_2,289,0.011976515874266624
gp_latent_2,290,0.014000291004776955
gp_latent_2,291,0.025391455739736557
gp_latent_2,292,0.024861129000782967
gp_latent_2,293,-0.018862633034586906
gp_latent_2,294,-0.02387789636850357
gp_latent_2,295,0.018528269603848457
gp_latent_2,296,-0.0004438241012394428
gp_latent_2,297,0.008642163127660751
gp_latent_2,298,-0.01015514601022005
gp_latent_2,299,-0.015556404367089272
gp_latent_2,300,-0.020092297345399857
gp_latent_2,301,-0.02464970387518406
gp_latent_2,302,-0.011118798516690731
gp_latent_2,303,0.034675922244787216
gp_latent_2,304,-0.035695791244506836
gp_latent_2,305,-0.017332619056105614
gp_latent_2,306,0.018385756760835648
gp_latent_2,307,-0.012185679748654366
gp_latent_2,308,-0.0262689720839262
gp_latent_2,309,-0.014563119038939476
gp_latent_2,310,0.039191365242004395
gp_latent_2,311,-0.0387883335351944
gp_latent_2,312,0.03433536738157272
gp_latent_2,313,-0.03749491274356842
gp_latent_2,314,0.03708507865667343
gp_latent_2,315,-0.010116721503436565
gp_latent_2,316,0.028857022523880005
gp_latent_2,317,0.009197565726935863
gp_latent_2,318,-0.04310489445924759
gp_latent_2,319,-0.0026220716536045074
gp_latent_2,320,-0.011241806671023369
gp_latent_2,321,-0.03537444397807121
gp_latent_2,322,0.006982479244470596
gp_latent_2,323,0.0490214042365551
gp_latent_2,324,-0.026130342856049538
gp_latent_2,325,-0.026623640209436417
gp_latent_2,326,0.021664857864379883
gp_latent_2,327,0.0013969875872135162
gp_latent_2,328,0.005970537196844816
gp_latent_2,329,-0.020683888345956802
gp_latent_2,330,0.028286803513765335
gp_latent_2,331,0.015118671581149101
gp_latent_2,332,-0.034479960799217224
gp_latent_2,333,-0.025342684239149094
gp_latent_2,334,0.0010633565252646804
gp_latent_2,335,-0.002946921158581972
gp_latent_2,336,0.0028210850432515144
gp_latent_2,337,-0.024122610688209534
gp_latent_2,338,-0.05664759501814842
gp_latent_2,339,0.00957802589982748
gp_latent_2,340,0.014006661251187325
gp_latent_2,341,0.012547453865408897
gp_latent_2,342,0.002521838527172804
gp_latent_2,343,-0.03032260201871395
gp_latent_2,344,0.0017705513164401054
gp_latent_2,345,-0.00040255114436149597
gp_latent_2,346,0.0048131197690963745
gp_latent_2,347,0.0010982571402564645
gp_latent_2,348,-0.0042770178988575935
gp_latent_2,349,-0.03304697200655937
gp_latent_2,350,-0.027698202058672905
gp_latent_2,351,-0.021305639296770096
gp_latent_2,352,-0.024028396233916283
gp_latent_2,353,-0.01129532977938652
gp_latent_2,354,0.004388130269944668
gp_latent_2,355,-0.020510682836174965
gp_latent_2,356,0.0026406128890812397
gp_latent_2,357,0.007256677374243736
gp_latent_2,358,-0.023661497980356216
gp_latent_2,359,-0.012436233460903168
gp_latent_2,360,0.034233756363391876
gp_latent_2,361,0.010668180882930756
gp_latent_2,362,0.014624334871768951
gp_latent_2,363,-0.007087014615535736
gp_latent_2,364,-0.025092115625739098
gp_latent_2,365,0.01869596540927887
gp_latent_2,366,0.013955334201455116
gp_latent_2,367,-0.0462784469127655
gp_latent_2,368,0.03093799576163292
gp_latent_2,369,-0.0015019056154415011
gp_latent_2,370,0.005482940468937159
gp_latent_2,371,0.004019578918814659
gp_latent_2,372,0.0201641283929348
gp_latent_2,373,-0.0053949919529259205
gp_latent_2,374,0.013452920131385326
gp_latent_2,375,-0.014515186659991741
gp_latent_2,376,-0.0028178375214338303
gp_latent_2,377,0.04606229066848755
gp_latent_2,378,0.025200949981808662
gp_latent_2,379,0.010817430913448334
gp_latent_2,380,0.01742579974234104
gp_latent_2,381,0.06253866106271744
gp_latent_2,382,0.0637921616435051
gp_latent_2,383,0.011762566864490509
gp_latent_2,384,-0.004715364426374435
gp_latent_2,385,0.00852848682552576
gp_latent_2,386,0.06054001301527023
gp_latent_2,387,0.07361280173063278
gp_latent_2,388,0.05052600055932999
gp_latent_2,389,-0.004704613704234362
gp_latent_2,390,0.006914040073752403
gp_latent_2,391,0.08025523275136948
gp_latent_2,392,0.07118307054042816
gp_latent_2,393,0.03372180089354515
gp_latent_2,394,0.06692792475223541
gp_latent_2,395,0.05881163477897644
gp_latent_2,396,-0.011562314815819263
gp_latent_2,397,-0.021240541711449623
gp_latent_2,398,0.006940348073840141
gp_latent_2,399,-0.026371195912361145
gp_latent_2,400,0.05047657713294029
gp_latent_2,401,0.03264252096414566
gp_latent_2,402,0.05437587574124336
gp_latent_2,403,-0.007510769180953503
gp_latent_2,404,0.008829810656607151
gp_latent_2,405,-0.013939820230007172
gp_latent_2,406,-0.026069290935993195
gp_latent_2,407,-0.0009253837633877993
gp_latent_2,408,-0.002626055618748069
gp_latent_2,409,-0.001562534598633647
gp_latent_2,410,0.007733888458460569
gp_latent_2,411,-0.02461082488298416
gp_latent_2,412,0.0038413144648075104
gp_latent_2,413,0.00282304547727108
gp_latent_2,414,-0.0002866344293579459
gp_latent_2,415,-0.02734219655394554
gp_latent_2,416,-0.023358767852187157
gp_latent_2,417,0.0496978797018528
gp_latent_2,418,0.003466282971203327
gp_latent_2,419,-0.012289308942854404
gp_latent_2,420,0.005374381318688393
gp_latent_2,421,-0.02152872458100319
gp_latent_2,422,0.01745077222585678
gp_latent_2,423,-0.005890876520425081
gp_latent_2,424,-0.022442199289798737
gp_latent_2,425,-0.01036449708044529
gp_latent_2,426,-0.040815792977809906
gp_latent_2,427,-0.03834443539381027
gp_latent_2,428,-0.019937487319111824
gp_latent_2,429,0.026370514184236526
gp_latent_2,430,0.044913966208696365
gp_latent_2,431,0.020209547132253647
gp_latent_2,432,-0.00027478509582579136
gp_latent_2,433,-0.005937542300671339
gp_latent_2,434,-0.08678022027015686
gp_latent_2,435,-0.06467216461896896
gp_latent_2,436,-0.0017390840221196413
gp_latent_2,437,0.014850703999400139
gp_latent_2,438,0.031287141144275665
gp_latent_2,439,0.032512202858924866
gp_latent_2,440,0.03277655318379402
gp_latent_2,441,0.11913736164569855
gp_latent_2,442,0.08466850221157074
gp_latent_2,443,0.011402950622141361
gp_latent_2,444,-4.588393494486809e-05
gp_latent_2,445,0.027004186064004898
gp_latent_2,446,0.10736065357923508
gp_latent_2,447,-0.06740952283143997
gp_latent_2,448,-0.0762988030910492
gp_latent_2,449,-0.07148869335651398
gp_latent_2,450,-0.0740831270813942
gp_latent_2,451,0.01871606707572937
gp_latent_2,452,-9.486731141805649e-05
gp_latent_2,453,0.02376697026193142
gp_latent_2,454,0.04472941905260086
gp_latent_2,455,0.025165289640426636
gp_latent_2,456,-0.08368831872940063
gp_latent_2,457,0.012774432078003883
gp_latent_2,458,0.0310587827116251
gp_latent_2,459,0.027430323883891106
gp_latent_2,460,0.010734567418694496
gp_latent_2,461,0.023578006774187088
gp_latent_2,462,0.10835427045822144
gp_latent_2,463,0.014199950732290745
gp_latent_2,464,-0.0040605575777590275
gp_latent_2,465,-0.011105853132903576
gp_latent_2,466,-0.07313158363103867
gp_latent_2,467,0.024137461557984352
gp_latent_2,468,-0.006369371898472309
gp_latent_2,469,-0.0347905233502388
gp_latent_2,470,-0.004675315227359533
gp_latent_2,471,0.0053864773362874985
gp_latent_2,472,0.03179129958152771
gp_latent_2,473,0.036591898649930954
gp_latent_2,474,-0.0338313989341259
gp_latent_2,475,0.021147726103663445
gp_latent_2,476,0.034963008016347885
gp_latent_2,477,0.026296798139810562
gp_latent_2,478,0.016476232558488846
gp_latent_2,479,-0.0880216658115387
gp_latent_2,480,0.015785975381731987
gp_latent_2,481,-0.028472520411014557
gp_latent_2,482,0.019700227305293083
gp_latent_2,483,0.037902750074863434
gp_latent_2,484,0.040940262377262115
gp_latent_2,485,0.038256410509347916
gp_latent_2,486,0.08687597513198853
gp_latent_2,487,0.09184218943119049
gp_latent_2,488,0.014981908723711967
gp_latent_2,489,0.0338846892118454
gp_latent_2,490,0.022998780012130737
gp_latent_2,491,-0.0013282491127029061
gp_latent_2,492,-0.08620814979076385
gp_latent_2,493,-0.04950781166553497
gp_latent_2,494,-0.06971374154090881
gp_latent_2,495,-0.06256452202796936
gp_latent_2,496,-0.07329295575618744
gp_latent_2,497,-0.07185089588165283
gp_latent_2,498,-0.07474704831838608
gp_latent_2,499,-0.08768346160650253
gp_latent_2,500,-0.055960867553949356
gp_latent_2,501,-0.007862627506256104
gp_latent_2,502,-0.0027743063401430845
gp_latent_2,503,0.011272400617599487
gp_latent_2,504,0.004643735010176897
gp_latent_2,505,0.02818314917385578
gp_latent_2,506,0.0063400971703231335
gp_latent_2,507,0.03420773148536682
gp_latent_2,508,0.019193224608898163
gp_latent_2,509,-0.01612480916082859
gp_latent_2,510,-0.007695705164223909
gp_latent_2,511,-0.006234651897102594
gp_latent_2,512,0.009590408764779568
gp_latent_2,513,-0.015785738825798035
gp_latent_2,514,0.02354089356958866
gp_latent_2,515,-0.01300790999084711
gp_latent_2,516,-0.020604807883501053
gp_latent_2,517,-0.01755678281188011
gp_latent_2,518,-0.027960866689682007
gp_latent_2,519,-0.012657735496759415
gp_latent_2,520,0.013831899501383305
gp_latent_2,521,-0.0005508041940629482
gp_latent_2,522,-0.013479255139827728
gp_latent_2,523,-0.013296267949044704
gp_latent_2,524,-0.0061886003240942955
gp_latent_2,525,0.029543455690145493
gp_latent_2,526,0.010634795762598515
gp_latent_2,527,-0.06484954059123993
gp_latent_2,528,-0.05466240644454956
gp_latent_2,529,-0.03453724831342697
gp_latent_2,530,-0.04191349819302559
gp_latent_2,531,-0.04249614477157593
gp_latent_2,532,-0.046134717762470245
gp_latent_2,533,0.01711326278746128
gp_latent_2,534,0.01939505524933338
gp_latent_2,535,0.0074655828066170216
gp_latent_2,536,-0.029043298214673996
gp_latent_2,537,-0.05027402937412262
gp_latent_2,538,0.016465241089463234
gp_latent_2,539,0.024073351174592972
gp_latent_2,540,-0.0777556449174881
gp_latent_2,541,0.029863866046071053
gp_latent_2,542,0.0015383590944111347
gp_latent_2,543,0.02661348134279251
gp_latent_2,544,0.06548861414194107
gp_latent_2,545,0.06602802872657776
gp_latent_2,546,0.08271952718496323
gp_latent_2,547,0.07122886180877686
gp_latent_2,548,0.052913978695869446
gp_latent_2,549,0.06720460951328278
gp_latent_2,550,0.06676832586526871
gp_latent_2,551,0.0034011551178991795
gp_latent_2,552,0.02863980643451214
gp_latent_2,553,0.018134981393814087
gp_latent_2,554,-0.058535970747470856
gp_latent_2,555,-0.04876748472452164
gp_latent_2,556,-0.05099309980869293
gp_latent_2,557,-0.043049830943346024
gp_latent_2,558,-0.04629877954721451
gp_latent_2,559,-0.04369432479143143
gp_latent_2,560,-0.06933943182229996
gp_latent_2,561,-0.04162263497710228
gp_latent_2,562,-0.05670166015625
gp_latent_2,563,-0.053206562995910645
gp_latent_2,564,-0.0464843288064003
gp_latent_2,565,-0.07086946815252304
gp_latent_2,566,-0.05464325100183487
gp_latent_2,567,-0.052337221801280975
gp_latent_2,568,-0.04210638999938965
gp_latent_2,569,-0.0538831390440464
gp_latent_2,570,-0.05355150252580643
gp_latent_2,571,-0.060215484350919724
gp_latent_2,572,-0.05551506206393242
gp_latent_2,573,-0.0670304149389267
gp_latent_2,574,-0.05244793742895126
gp_latent_2,575,-0.05291283130645752
gp_latent_2,576,-0.04416489973664284
gp_latent_2,577,-0.0584450289607048
gp_latent_2,578,-0.04091324657201767
gp_latent_2,579,-0.07666853070259094
gp_latent_2,580,-0.037125639617443085
gp_latent_2,581,0.01540119107812643
gp_latent_2,582,-0.005209873430430889
gp_latent_2,583,0.07078917324542999
gp_latent_2,584,0.06830218434333801
gp_latent_2,585,0.046914149075746536
gp_latent_2,586,-0.05435198172926903
gp_latent_2,587,-0.05372777581214905
gp_latent_2,588,-0.030615536496043205
gp_latent_2,589,0.0063218711875379086
gp_latent_2,590,-0.047648925334215164
gp_latent_2,591,-0.05105336010456085
gp_latent_2,592,-0.04476267099380493
gp_latent_2,593,0.06756391376256943
gp_latent_2,594,-0.05649386718869209
gp_latent_2,595,0.026950761675834656
gp_latent_2,596,-0.004242781084030867
gp_latent_2,597,-0.011610923334956169
gp_latent_2,598,-0.004467823542654514
gp_latent_2,599,-0.0019570617005228996
gp_latent_2,600,0.009444180876016617
gp_latent_2,601,0.00908245611935854
gp_latent_2,602,0.007605048827826977
gp_latent_2,603,0.021746909245848656
gp_latent_2,604,0.037596091628074646
gp_latent_2,605,0.001065629068762064
gp_latent_2,606,-0.0008406010456383228
gp_latent_2,607,0.021775398403406143
gp_latent_2,608,0.020254621282219887
gp_latent_2,609,-0.0012006820179522038
gp_latent_2,610,0.011197337880730629
gp_latent_2,611,0.014058531261980534
gp_latent_2,612,-0.030636176466941833
gp_latent_2,613,-0.0544247105717659
gp_latent_2,614,-0.052148450165987015
gp_latent_2,615,-0.03284387290477753
gp_latent_2,616,-0.037870995700359344
gp_latent_2,617,-0.05222426727414131
gp_latent_2,618,-0.0648115947842598
gp_latent_2,619,-0.05432065203785896
gp_latent_2,620,-0.08007803559303284
gp_latent_2,621,-0.1037086695432663
gp_latent_2,622,0.02885260432958603
gp_latent_2,623,0.019511310383677483
gp_latent_2,624,0.016057755798101425
gp_latent_2,625,0.038076967000961304
gp_latent_2,626,0.002160896547138691
gp_latent_2,627,0.02737981453537941
gp_latent_2,628,-0.028077444061636925
gp_latent_2,629,-0.06445355713367462
gp_latent_2,630,-0.06789864599704742
gp_latent_2,631,-0.06411601603031158
gp_latent_2,632,-0.0030917655676603317
gp_latent_2,633,0.011096155270934105
gp_latent_2,634,0.06574567407369614
gp_latent_2,635,-0.05321042239665985
gp_latent_2,636,-0.03710711747407913
gp_latent_2,637,-0.03152633085846901
gp_latent_2,638,-0.01368078961968422
gp_latent_2,639,0.03762231022119522
gp_latent_2,640,-0.062052711844444275
gp_latent_2,641,-0.03399995341897011
gp_latent_2,642,0.016548587009310722
gp_latent_2,643,-0.01920541189610958
gp_latent_2,644,0.010936270467936993
gp_latent_2,645,0.024251407012343407
gp_latent_2,646,0.017103523015975952
gp_latent_2,647,0.01787467487156391
gp_latent_2,648,0.020023413002490997
gp_latent_2,649,0.03175729513168335
gp_latent_2,650,0.008128148503601551
gp_latent_2,651,0.00024380791001021862
gp_latent_2,652,0.015889130532741547
gp_latent_2,653,0.014880236238241196
gp_latent_2,654,-0.06819245219230652
gp_latent_2,655,-0.0750565379858017
gp_latent_2,656,0.01736372336745262
gp_latent_2,657,0.021048149093985558
gp_latent_2,658,-0.027107344940304756
gp_latent_2,659,-0.026744287461042404
gp_latent_2,660,0.0012539452873170376
gp_latent_2,661,0.0178214181214571
gp_latent_2,662,-0.005143460817635059
gp_latent_2,663,0.009140992537140846
gp_latent_2,664,0.02331458404660225
gp_latent_2,665,0.05580196902155876
gp_latent_2,666,0.012403867207467556
gp_latent_2,667,0.017844749614596367
gp_latent_2,668,0.017803164198994637
gp_latent_2,669,-0.013829871080815792
gp_latent_2,670,0.0018337182700634003
gp_latent_2,671,0.00507040461525321
gp_latent_2,672,0.0217621810734272
gp_latent_2,673,0.007983137853443623
gp_latent_2,674,0.08223836123943329
gp_latent_2,675,0.09024389088153839
gp_latent_2,676,0.0894811600446701
gp_latent_2,677,0.07219969481229782
gp_latent_2,678,0.026301708072423935
gp_latent_2,679,-0.058765705674886703
gp_latent_2,680,-0.0613289475440979
gp_latent_2,681,-0.0513387992978096
gp_latent_2,682,-0.056067872792482376
gp_latent_2,683,-0.06704838573932648
gp_latent_2,684,-0.05839511379599571
gp_latent_2,685,-0.05071013793349266
gp_latent_2,686,-0.05162450671195984
gp_latent_2,687,-0.05689709261059761
gp_latent_2,688,-0.0634855404496193
gp_latent_2,689,-0.04462207853794098
gp_latent_2,690,-0.021479962393641472
gp_latent_2,691,-0.027586691081523895
gp_latent_2,692,-0.042833346873521805
gp_latent_2,693,-0.05006349831819534
gp_latent_2,694,-0.05524244159460068
gp_latent_2,695,-0.030577627941966057
gp_latent_2,696,-0.0516023114323616
gp_latent_2,697,-0.07657430320978165
gp_latent_2,698,-0.04462761804461479
gp_latent_2,699,-0.03688874840736389
gp_latent_2,700,-0.04839909449219704
gp_latent_2,701,-0.044479694217443466
gp_latent_2,702,0.012385621666908264
gp_latent_2,703,0.057144735008478165
gp_latent_2,704,-0.07037115097045898
gp_latent_2,705,-0.0511845238506794
gp_latent_2,706,-0.04995465278625488
gp_latent_2,707,-0.06666134297847748
gp_latent_2,708,-0.06012989580631256
gp_latent_2,709,-0.024142643436789513
gp_latent_2,710,0.00023360084742307663
gp_latent_2,711,0.025066446512937546
gp_latent_2,712,0.031311996281147
gp_latent_2,713,0.027272822335362434
gp_latent_2,714,0.0010973858879879117
gp_latent_2,715,-0.0187733992934227
gp_latent_2,716,-0.0077300723642110825
gp_latent_2,717,0.008207801729440689
gp_latent_2,718,0.008035092614591122
gp_latent_2,719,0.02449425309896469
gp_latent_2,720,0.00012239860370755196
gp_latent_2,721,0.02819548361003399
gp_latent_2,722,0.01704089716076851
gp_latent_2,723,0.03138768672943115
gp_latent_2,724,-0.02957548201084137
gp_latent_2,725,-0.07295798510313034
gp_latent_2,726,-0.07275626063346863
gp_latent_2,727,-0.06693841516971588
gp_latent_2,728,-0.061345867812633514
gp_latent_2,729,-0.011456070467829704
gp_latent_2,730,0.027575304731726646
gp_latent_2,731,-0.04331638664007187
gp_latent_2,732,0.016156505793333054
gp_latent_2,733,-0.07189306616783142
gp_latent_2,734,-0.06077682971954346
gp_latent_2,735,-0.0507081113755703
gp_latent_2,736,0.017260784283280373
gp_latent_2,737,0.021587038412690163
gp_latent_2,738,0.025127682834863663
gp_latent_2,739,0.03287482261657715
gp_latent_2,740,0.06786807626485825
gp_latent_2,741,0.04137026518583298
gp_latent_2,742,0.01370537281036377
gp_latent_2,743,0.02390589751303196
gp_latent_2,744,-0.02348695509135723
gp_latent_2,745,-0.030859611928462982
gp_latent_2,746,-0.02554410509765148
gp_latent_2,747,-0.04016216844320297
gp_latent_2,748,-0.04333384335041046
gp_latent_2,749,0.04695094749331474
gp_latent_2,750,-0.015413240529596806
gp_latent_2,751,-0.029943356290459633
gp_latent_2,752,-0.0531877800822258
gp_latent_2,753,-0.036992933601140976
gp_latent_2,754,-0.027232374995946884
gp_latent_2,755,-0.0007858471944928169
gp_latent_2,756,0.01652977243065834
gp_latent_2,757,-0.008987978100776672
gp_latent_2,758,0.02035432495176792
gp_latent_2,759,-0.01154654286801815
gp_latent_2,760,-0.036889396607875824
gp_latent_2,761,0.05803321674466133
gp_latent_2,762,-0.02676408737897873
gp_latent_2,763,0.015275220386683941
gp_latent_2,764,-0.027683936059474945
gp_latent_2,765,0.058497365564107895
gp_latent_2,766,0.028183599933981895
gp_latent_2,767,0.02312888763844967
gp_latent_2,768,-0.04981369525194168
gp_latent_2,769,0.003660929389297962
gp_latent_2,770,0.03336741030216217
gp_latent_2,771,0.009486734867095947
gp_latent_2,772,0.03275435417890549
gp_latent_2,773,-0.022246401757001877
gp_latent_2,774,-0.027782898396253586
gp_latent_2,775,-0.028618458658456802
gp_latent_2,776,-0.036132875829935074
gp_latent_2,777,0.01416052971035242
gp_latent_2,778,-0.08589930087327957
gp_latent_2,779,-0.0003623226657509804
gp_latent_2,780,0.0017260174499824643
gp_latent_2,781,0.014623766764998436
gp_latent_2,782,0.017878085374832153
gp_latent_2,783,0.015672361478209496
gp_latent_2,784,0.038804616779088974
gp_latent_2,785,-0.07874353975057602
gp_latent_2,786,-0.07686394453048706
gp_latent_2,787,0.028877628967165947
gp_latent_2,788,0.02578233927488327
gp_latent_2,789,-0.015098631381988525
gp_latent_2,790,-0.011105723679065704
gp_latent_2,791,-0.015000616200268269
gp_latent_2,792,-0.06288695335388184
gp_latent_2,793,0.014715798199176788
gp_latent_2,794,0.00716878566890955
gp_latent_2,795,-0.05277677997946739
gp_latent_2,796,-0.06185167655348778
gp_latent_2,797,0.004574652295559645
gp_latent_2,798,-0.04992709308862686
gp_latent_2,799,-0.03359280526638031
gp_latent_2,800,-0.07871552556753159
gp_latent_2,801,-0.08707209676504135
gp_latent_2,802,-0.1062113493680954
gp_latent_2,803,-0.0469072125852108
gp_latent_2,804,0.03907089680433273
gp_latent_2,805,-0.010722313076257706
gp_latent_2,806,-0.01799442246556282
gp_latent_2,807,-0.058271776884794235
gp_latent_2,808,-0.06712942570447922
gp_latent_2,809,-0.021585673093795776
gp_latent_2,810,-0.06282754987478256
gp_latent_2,811,-0.037103720009326935
gp_latent_2,812,-0.015908148139715195
gp_latent_2,813,-0.0196154173463583
gp_latent_2,814,-0.015800463035702705
gp_latent_2,815,-0.006405764725059271
gp_latent_2,816,0.02222335897386074
gp_latent_2,817,0.04645044729113579
gp_latent_2,818,0.011941793374717236
gp_latent_2,819,-0.03869527205824852
gp_latent_2,820,-0.010335742495954037
gp_latent_2,821,-0.07106094807386398
gp_latent_2,822,-0.08850685507059097
gp_latent_2,823,-0.0020952201448380947
gp_latent_2,824,0.010049478150904179
gp_latent_2,825,-0.02617485076189041
gp_latent_2,826,-0.03500247746706009
gp_latent_2,827,-0.010918905958533287
gp_latent_2,828,0.04590253159403801
gp_latent_2,829,0.04133414477109909
gp_latent_2,830,0.00012669921852648258
gp_latent_2,831,-0.02062515914440155
gp_latent_2,832,0.020553508773446083
gp_latent_2,833,0.05388907343149185
gp_latent_2,834,0.005872747860848904
gp_latent_2,835,-0.045118119567632675
gp_latent_2,836,0.052706699818372726
gp_latent_2,837,0.021324744448065758
gp_latent_2,838,-0.020242080092430115
gp_latent_2,839,0.04349564388394356
gp_latent_2,840,-0.03965658321976662
gp_latent_2,841,0.0075987521559000015
gp_latent_2,842,-0.06554456800222397
gp_latent_2,843,-0.035509590059518814
gp_latent_2,844,-0.027895769104361534
gp_latent_2,845,-0.0735631063580513
gp_latent_2,846,-0.0031009656377136707
gp_latent_2,847,-0.0002053096832241863
gp_latent_2,848,0.007374351844191551
gp_latent_2,849,0.012814799323678017
gp_latent_2,850,0.026052219793200493
gp_latent_2,851,0.010066134855151176
gp_latent_2,852,-0.05991729348897934
gp_latent_2,853,-0.08350856602191925
gp_latent_2,854,-0.02318248338997364
gp_latent_2,855,-0.039108023047447205
gp_latent_2,856,0.01523667387664318
gp_latent_2,857,0.026863345876336098
gp_latent_2,858,-0.04106983542442322
gp_latent_2,859,-0.00471795629709959
gp_latent_2,860,-0.03798370435833931
gp_latent_2,861,-0.044728685170412064
gp_latent_2,862,-0.021967031061649323
gp_latent_2,863,-0.014841447584331036
gp_latent_2,864,-0.011563673615455627
gp_latent_2,865,0.030186623334884644
gp_latent_2,866,-0.05673990026116371
gp_latent_2,867,0.0015000889543443918
gp_latent_2,868,-0.09856391698122025
gp_latent_2,869,-0.10806720703840256
gp_latent_2,870,0.012534608133137226
gp_latent_2,871,-0.02441353164613247
gp_latent_2,872,-0.03465401008725166
gp_latent_2,873,-0.05972134321928024
gp_latent_2,874,-0.023311560973525047
gp_latent_2,875,0.02159501612186432
gp_latent_2,876,-0.09421949833631516
gp_latent_2,877,0.0025340886786580086
gp_latent_2,878,0.054740726947784424
gp_latent_2,879,-0.023225951939821243
gp_latent_2,880,-0.030890610069036484
gp_latent_2,881,-0.06891477853059769
gp_latent_2,882,1.02317426353693e-05
gp_latent_2,883,0.03324103727936745
gp_latent_2,884,-0.02951384149491787
gp_latent_2,885,-0.07715757936239243
gp_latent_2,886,0.013919061049818993
gp_latent_2,887,-0.015114176087081432
gp_latent_2,888,-0.005200974643230438
gp_latent_2,889,-0.016204720363020897
gp_latent_2,890,0.024482611566781998
gp_latent_2,891,0.007847994565963745
gp_latent_2,892,0.029806289821863174
gp_latent_2,893,0.01863134652376175
gp_latent_2,894,0.023051878437399864
gp_latent_2,895,-0.011376828886568546
gp_latent_2,896,-0.010228456929326057
gp_latent_2,897,0.0010241405107080936
gp_latent_2,898,0.017374034970998764
gp_latent_2,899,0.015714244917035103
gp_latent_2,900,0.017753060907125473
gp_latent_2,901,0.027077678591012955
gp_latent_2,902,0.002312667667865753
gp_latent_2,903,-0.0020941332913935184
gp_latent_2,904,-0.038872674107551575
gp_latent_2,905,-0.015432247892022133
gp_latent_2,906,-0.016931895166635513
gp_latent_2,907,-0.02534053474664688
gp_latent_2,908,-0.021569736301898956
gp_latent_2,909,-0.00410963362082839
gp_latent_2,910,-0.000996532617136836
gp_latent_2,911,-0.008869476616382599
gp_latent_2,912,0.007959779351949692
gp_latent_2,913,0.022870877757668495
gp_latent_2,914,-0.07040361315011978
gp_latent_2,915,0.018368232995271683
gp_latent_2,916,0.029786044731736183
gp_latent_2,917,0.009179743006825447
gp_latent_2,918,-0.011569654569029808
gp_latent_2,919,-0.032297927886247635
gp_latent_2,920,-0.029157625511288643
gp_latent_2,921,-0.04818081483244896
gp_latent_2,922,0.031921084970235825
gp_latent_2,923,-0.054054513573646545
gp_latent_2,924,-0.036169156432151794
gp_latent_2,925,-0.017106646671891212
gp_latent_2,926,0.013518783263862133
gp_latent_2,927,-0.018899494782090187
gp_latent_2,928,-0.010513851419091225
gp_latent_2,929,0.013151898048818111
gp_latent_2,930,0.0071193743497133255
gp_latent_2,931,-0.001876956783235073
gp_latent_2,932,-0.01163645088672638
gp_latent_2,933,-0.00728453416377306
gp_latent_2,934,-0.0027560333255678415
gp_latent_2,935,0.003807215951383114
gp_latent_2,936,0.013294573873281479
gp_latent_2,937,-0.008493943139910698
gp_latent_2,938,-0.01495408359915018
gp_latent_2,939,-0.0033015860244631767
gp_latent_2,940,-0.011390140280127525
gp_latent_2,941,0.00433486420661211
gp_latent_2,942,-0.06490881741046906
gp_latent_2,943,-0.004199952818453312
gp_latent_2,944,0.016013406217098236
gp_latent_2,945,-0.02570350468158722
gp_latent_2,946,-0.011378525756299496
gp_latent_2,947,0.017786722630262375
gp_latent_2,948,0.01740756258368492
gp_latent_2,949,0.021272145211696625
gp_latent_3,0,0.04809582233428955
gp_latent_3,1,0.017284413799643517
gp_latent_3,2,-0.06242487579584122
gp_latent_3,3,0.051350779831409454
gp_latent_3,4,0.0407286062836647
gp_latent_3,5,-0.006666027475148439
gp_latent_3,6,0.01022341474890709
gp_latent_3,7,0.025246869772672653
gp_latent_3,8,-0.053778473287820816
gp_latent_3,9,0.026403604075312614
gp_latent_3,10,0.044632937759160995
gp_latent_3,11,-0.0075454507023096085
gp_latent_3,12,-0.01056250836700201
gp_latent_3,13,0.0036823574919253588
gp_latent_3,14,0.002746519399806857
gp_latent_3,15,-0.027105972170829773
gp_latent_3,16,0.0010951319709420204
gp_latent_3,17,-0.01055832114070654
gp_latent_3,18,0.011640673503279686
gp_latent_3,19,0.017198726534843445
gp_latent_3,20,0.007688252255320549
gp_latent_3,21,-0.04781889170408249
gp_latent_3,22,-0.0019413966219872236
gp_latent_3,23,0.02215198427438736
gp_latent_3,24,-0.04799823835492134
gp_latent_3,25,-0.01248209923505783
gp_latent_3,26,0.07298864424228668
gp_latent_3,27,-0.05098975449800491
gp_latent_3,28,-0.0062893712893128395
gp_latent_3,29,-0.02668038383126259
gp_latent_3,30,-0.041296787559986115
gp_latent_3,31,-0.011985355988144875
gp_latent_3,32,-0.0038426571991294622
gp_latent_3,33,0.005370745901018381
gp_latent_3,34,0.013400874100625515
gp_latent_3,35,0.033336058259010315
gp_latent_3,36,-0.04346255958080292
gp_latent_3,37,-0.05079127848148346
gp_latent_3,38,-0.03034070134162903
gp_latent_3,39,-0.020029986277222633
gp_latent_3,40,-0.10923171043395996
gp_latent_3,41,-0.10044451802968979
gp_latent_3,42,0.02147965505719185
gp_latent_3,43,-0.05505964532494545
gp_latent_3,44,-0.055891722440719604
gp_latent_3,45,6.71755988150835e-05
gp_latent_3,46,0.026386473327875137
gp_latent_3,47,-0.004105419851839542
gp_latent_3,48,0.04694483429193497
gp_latent_3,49,-0.041245486587285995
gp_latent_3,50,-0.02380167692899704
gp_latent_3,51,-0.011076840572059155
gp_latent_3,52,-0.01065855473279953
gp_latent_3,53,0.05203466862440109
gp_latent_3,54,0.01184988021850586
gp_latent_3,55,0.06631447374820709
gp_latent_3,56,0.06718524545431137
gp_latent_3,57,-0.008642940782010555
gp_latent_3,58,0.006517804227769375
gp_latent_3,59,0.06598855555057526
gp_latent_3,60,-0.048073895275592804
gp_latent_3,61,0.004688013345003128
gp_latent_3,62,0.029508918523788452
gp_latent_3,63,0.039323464035987854
gp_latent_3,64,0.015286259353160858
gp_latent_3,65,-0.04483076184988022
gp_latent_3,66,-0.0556713230907917
gp_latent_3,67,-0.00020953768398612738
gp_latent_3,68,-0.00864393450319767
gp_latent_3,69,-0.06884554773569107
gp_latent_3,70,-0.06789470463991165
gp_latent_3,71,-0.025347638875246048
gp_latent_3,72,-0.017764504998922348
gp_latent_3,73,-0.03163961321115494
gp_latent_3,74,-0.01103150099515915
gp_latent_3,75,-0.04463381692767143
gp_latent_3,76,-0.029023120179772377
gp_latent_3,77,-0.025294486433267593
gp_latent_3,78,-0.029875067993998528
gp_latent_3,79,-0.004252638667821884
gp_latent_3,80,-0.024703171104192734
gp_latent_3,81,0.025865979492664337
gp_latent_3,82,0.004404437728226185
gp_latent_3,83,-0.011977176181972027
gp_latent_3,84,-0.0472407266497612
gp_latent_3,85,-0.01252262108027935
gp_latent_3,86,-0.032426297664642334
gp_latent_3,87,-0.0017912702169269323
gp_latent_3,88,-0.0019663262646645308
gp_latent_3,89,-0.036712754517793655
gp_latent_3,90,-0.007430103607475758
gp_latent_3,91,0.02858789823949337
gp_latent_3,92,0.020885102450847626
gp_latent_3,93,0.03236151114106178
gp_latent_3,94,0.0005163833848200738
gp_latent_3,95,0.018743673339486122
gp_latent_3,96,0.001651887083426118
gp_latent_3,97,0.021212363615632057
gp_latent_3,98,0.020476646721363068
gp_latent_3,99,0.008236527442932129
gp_latent_3,100,-0.007715724408626556
gp_latent_3,101,0.010702801868319511
gp_latent_3,102,0.010078432969748974
gp_latent_3,103,-0.01329970732331276
gp_latent_3,104,0.017176849767565727
gp_latent_3,105,-0.006982338614761829
gp_latent_3,106,0.0005580564611591399
gp_latent_3,107,0.013430114835500717
gp_latent_3,108,0.029072323814034462
gp_latent_3,109,0.028964664787054062
gp_latent_3,110,0.006351645570248365
gp_latent_3,111,0.03678115829825401
gp_latent_3,112,0.030338747426867485
gp_latent_3,113,-0.006628685165196657
gp_latent_3,114,0.005526041146367788
gp_latent_3,115,0.0058713871985673904
gp_latent_3,116,-0.006231615785509348
gp_latent_3,117,-0.0068259043619036674
gp_latent_3,118,0.011367088183760643
gp_latent_3,119,-0.010419324971735477
gp_latent_3,120,-0.02850811928510666
gp_latent_3,121,0.010817496106028557
gp_latent_3,122,0.006892330013215542
gp_latent_3,123,0.03152015432715416
gp_latent_3,124,0.012892006896436214
gp_latent_3,125,0.04052174836397171
gp_latent_3,126,0.023525312542915344
gp_latent_3,127,0.003426705952733755
gp_latent_3,128,-0.017672447487711906
gp_latent_3,129,-0.005027342587709427
gp_latent_3,130,0.008848912082612514
gp_latent_3,131,0.018665995448827744
gp_latent_3,132,0.0056082699447870255
gp_latent_3,133,0.01297314278781414
gp_latent_3,134,0.010942290537059307
gp_latent_3,135,0.014027022756636143
gp_latent_3,136,0.018488245084881783
gp_latent_3,137,0.03165119141340256
gp_latent_3,138,0.01380191557109356
gp_latent_3,139,0.03602522611618042
gp_latent_3,140,0.02682839334011078
gp_latent_3,141,0.014291551895439625
gp_latent_3,142,-0.018804024904966354
gp_latent_3,143,0.008690571412444115
gp_latent_3,144,0.012927849777042866
gp_latent_3,145,0.007294924929738045
gp_latent_3,146,0.012640735134482384
gp_latent_3,147,-0.005576843861490488
gp_latent_3,148,-0.01068897545337677
gp_latent_3,149,-0.02126138284802437
gp_latent_3,150,-0.03275472670793533
gp_latent_3,151,0.019556984305381775
gp_latent_3,152,-0.06255503743886948
gp_latent_3,153,-0.013674333691596985
gp_latent_3,154,0.028548482805490494
gp_latent_3,155,0.01874294877052307
gp_latent_3,156,0.017695922404527664
gp_latent_3,157,0.011927401646971703
gp_latent_3,158,0.017025023698806763
gp_latent_3,159,0.031678833067417145
gp_latent_3,160,0.0018493563402444124
gp_latent_3,161,0.008154213428497314
gp_latent_3,162,-0.04101895913481712
gp_latent_3,163,-0.044660698622465134
gp_latent_3,164,-0.0001041945070028305
gp_latent_3,165,-0.0016155707417055964
gp_latent_3,166,-0.002832419006153941
gp_latent_3,167,-0.004401715938001871
gp_latent_3,168,0.017652450129389763
gp_latent_3,169,-0.005164226517081261
gp_latent_3,170,-0.03473260626196861
gp_latent_3,171,-0.012318983674049377
gp_latent_3,172,0.018649935722351074
gp_latent_3,173,0.012567900121212006
gp_latent_3,174,0.017085948958992958
gp_latent_3,175,-0.008877098560333252
gp_latent_3,176,-0.03635983541607857
gp_latent_3,177,-0.02852115035057068
gp_latent_3,178,0.008147802203893661
gp_latent_3,179,-0.06707295775413513
gp_latent_3,180,-0.03305826336145401
gp_latent_3,181,0.020398281514644623
gp_latent_3,182,0.01382380910217762
gp_latent_3,183,-0.000950702466070652
gp_latent_3,184,-0.0242716483771801
gp_latent_3,185,0.024898720905184746
gp_latent_3,186,-0.009061702527105808
gp_latent_3,187,-0.013995947316288948
gp_latent_3,188,0.010995020158588886
gp_latent_3,189,-0.00019183650147169828
gp_latent_3,190,-0.005475375335663557
gp_latent_3,191,-0.022071177139878273
gp_latent_3,192,-0.00411804486066103
gp_latent_3,193,-0.01366329938173294
gp_latent_3,194,-0.0025907899253070354
gp_latent_3,195,-0.021299997344613075
gp_latent_3,196,0.020536646246910095
gp_latent_3,197,-0.005012098699808121
gp_latent_3,198,0.005041226744651794
gp_latent_3,199,0.04250315949320793
gp_latent_3,200,-0.024661006405949593
gp_latent_3,201,0.007618776056915522
gp_latent_3,202,0.02338954620063305
gp_latent_3,203,0.004017210565507412
gp_latent_3,204,-0.011766537092626095
gp_latent_3,205,0.010157550685107708
gp_latent_3,206,0.02733893319964409
gp_latent_3,207,-0.03607575595378876
gp_latent_3,208,0.00047561246901750565
gp_latent_3,209,-0.008690139278769493
gp_latent_3,210,0.03055952489376068
gp_latent_3,211,-0.014427987858653069
gp_latent_3,212,-0.018637115135788918
gp_latent_3,213,-0.03312022611498833
gp_latent_3,214,0.03632744029164314
gp_latent_3,215,0.007968034595251083
gp_latent_3,216,0.03563765436410904
gp_latent_3,217,-0.00850913766771555
gp_latent_3,218,0.0012112334370613098
gp_latent_3,219,0.006904221139848232
gp_latent_3,220,-0.014438959769904613
gp_latent_3,221,-0.01810644380748272
gp_latent_3,222,-0.015627358108758926
gp_latent_3,223,-0.005953118205070496
gp_latent_3,224,-0.009516177698969841
gp_latent_3,225,0.000972159206867218
gp_latent_3,226,-0.038431715220212936
gp_latent_3,227,0.017912546172738075
gp_latent_3,228,0.04615575447678566
gp_latent_3,229,-0.006636432372033596
gp_latent_3,230,0.020902004092931747
gp_latent_3,231,0.011271795257925987
gp_latent_3,232,-0.00827860925346613
gp_latent_3,233,-0.02598409354686737
gp_latent_3,234,-0.008040284737944603
gp_latent_3,235,-0.009442394599318504
gp_latent_3,236,0.002563155721873045
gp_latent_3,237,-0.03547768294811249
gp_latent_3,238,-0.04510413482785225
gp_latent_3,239,0.0027406460139900446
gp_latent_3,240,-0.027741888538002968
gp_latent_3,241,-0.0437583401799202
gp_latent_3,242,-0.007655331864953041
gp_latent_3,243,-0.002150122541934252
gp_latent_3,244,-0.029468202963471413
gp_latent_3,245,0.006323148496448994
gp_latent_3,246,-0.020878667011857033
gp_latent_3,247,0.06862761080265045
gp_latent_3,248,0.018266096711158752
gp_latent_3,249,-0.009090922772884369
gp_latent_3,250,-0.013171733357012272
gp_latent_3,251,0.019929448142647743
gp_latent_3,252,0.02718402072787285
gp_latent_3,253,0.03379090502858162
gp_latent_3,254,-0.00421771639958024
gp_latent_3,255,-0.0287669338285923
gp_latent_3,256,-0.03610613942146301
gp_latent_3,257,-0.030592121183872223
gp_latent_3,258,-0.03581736609339714
gp_latent_3,259,-0.032310426235198975
gp_latent_3,260,-0.03998351842164993
gp_latent_3,261,0.01071824599057436
gp_latent_3,262,-0.007883588783442974
gp_latent_3,263,-0.0016155870398506522
gp_latent_3,264,0.055085089057683945
gp_latent_3,265,-0.014014828018844128
gp_latent_3,266,-0.0033169640228152275
gp_latent_3,267,0.034053027629852295
gp_latent_3,268,-0.011993052437901497
gp_latent_3,269,0.03134777769446373
gp_latent_3,270,-0.024293800815939903
gp_latent_3,271,-0.02551453560590744
gp_latent_3,272,-0.023458270356059074
gp_latent_3,273,0.08621925860643387
gp_latent_3,274,0.03304210305213928
gp_latent_3,275,0.00930299237370491
gp_latent_3,276,0.000870908610522747
gp_latent_3,277,0.005858332384377718
gp_latent_3,278,0.037326011806726456
gp_latent_3,279,0.029191158711910248
gp_latent_3,280,0.0079619400203228
gp_latent_3,281,0.023332517594099045
gp_latent_3,282,-0.03641817346215248
gp_latent_3,283,0.06251540035009384
gp_latent_3,284,-0.06959553062915802
gp_latent_3,285,-0.06790532916784286
gp_latent_3,286,-0.0001844465732574463
gp_latent_3,287,-0.005848306696861982
gp_latent_3,288,-0.009934292174875736
gp_latent_3,289,0.003488051937893033
gp_latent_3,290,0.004530704114586115
gp_latent_3,291,0.04625886678695679
gp_latent_3,292,0.06832479685544968
gp_latent_3,293,0.010268432088196278
gp_latent_3,294,0.03037097677588463
gp_latent_3,295,-0.006111185997724533
gp_latent_3,296,0.058926355093717575
gp_latent_3,297,0.054933033883571625
gp_latent_3,298,-0.016668515279889107
gp_latent_3,299,0.012699142098426819
gp_latent_3,300,-0.010631817393004894
gp_latent_3,301,-0.00831298716366291
gp_latent_3,302,-0.013080454431474209
gp_latent_3,303,0.013549970462918282
gp_latent_3,304,-0.04614754021167755
gp_latent_3,305,0.0013918413314968348
gp_latent_3,306,-0.0014875526539981365
gp_latent_3,307,0.029452046379446983
gp_latent_3,308,-0.01486736536026001
gp_latent_3,309,0.013249784708023071
gp_latent_3,310,0.08208160847425461
gp_latent_3,311,0.021835550665855408
gp_latent_3,312,-0.006644079927355051
gp_latent_3,313,-0.028178013861179352
gp_latent_3,314,-0.01129465363919735
gp_latent_3,315,-0.06274526566267014
gp_latent_3,316,0.004853611811995506
gp_latent_3,317,-0.012528890743851662
gp_latent_3,318,-0.036526959389448166
gp_latent_3,319,-0.023320678621530533
gp_latent_3,320,0.0463794581592083
gp_latent_3,321,-0.0321711041033268
gp_latent_3,322,-0.0545387864112854
gp_latent_3,323,-0.055636364966630936
gp_latent_3,324,0.01593209058046341
gp_latent_3,325,-0.003951909951865673
gp_latent_3,326,-0.06069766357541084
gp_latent_3,327,-0.0013531821314245462
gp_latent_3,328,-0.03951643407344818
gp_latent_3,329,-0.03989739716053009
gp_latent_3,330,-0.023796914145350456
gp_latent_3,331,0.003490491770207882
gp_latent_3,332,-0.02548648975789547
gp_latent_3,333,-0.027871571481227875
gp_latent_3,334,0.011489528231322765
gp_latent_3,335,-0.016270920634269714
gp_latent_3,336,0.014221574179828167
gp_latent_3,337,-0.019668087363243103
gp_latent_3,338,-0.01107284426689148
gp_latent_3,339,-0.03478145971894264
gp_latent_3,340,0.0005611577071249485
gp_latent_3,341,-0.07453662157058716
gp_latent_3,342,0.022579027339816093
gp_latent_3,343,-0.028040453791618347
gp_latent_3,344,-0.02644657902419567
gp_latent_3,345,0.015570886433124542
gp_latent_3,346,0.028925413265824318
gp_latent_3,347,-0.0023849615827202797
gp_latent_3,348,0.04039343073964119
gp_latent_3,349,-0.001847919076681137
gp_latent_3,350,-0.066470205783844
gp_latent_3,351,-0.039048321545124054
gp_latent_3,352,0.050240933895111084
gp_latent_3,353,-0.0127341877669096
gp_latent_3,354,-0.019635915756225586
gp_latent_3,355,0.00785587914288044
gp_latent_3,356,-0.041971828788518906
gp_latent_3,357,-0.006712050177156925
gp_latent_3,358,-0.017165448516607285
gp_latent_3,359,0.0005816146731376648
gp_latent_3,360,-0.02965138852596283
gp_latent_3,361,0.0011146768229082227
gp_latent_3,362,-0.018120869994163513
gp_latent_3,363,-0.022625450044870377
gp_latent_3,364,0.07067028433084488
gp_latent_3,365,-0.012584262527525425
gp_latent_3,366,0.017784202471375465
gp_latent_3,367,0.051128070801496506
gp_latent_3,368,0.044052109122276306
gp_latent_3,369,0.006578370928764343
gp_latent_3,370,0.007576480507850647
gp_latent_3,371,0.03613083437085152
gp_latent_3,372,-0.017269562929868698
gp_latent_3,373,0.015561876818537712
gp_latent_3,374,0.06538106501102448
gp_latent_3,375,-0.030407143756747246
gp_latent_3,376,-0.004061567131429911
gp_latent_3,377,0.02847086824476719
gp_latent_3,378,0.0727982297539711
gp_latent_3,379,0.04699777066707611
gp_latent_3,380,-0.03817472234368324
gp_latent_3,381,0.07562228292226791
gp_latent_3,382,0.07246760278940201
gp_latent_3,383,0.04533533379435539
gp_latent_3,384,-0.016736086457967758
gp_latent_3,385,-0.058525849133729935
gp_latent_3,386,0.08711467683315277
gp_latent_3,387,0.09230776876211166
gp_latent_3,388,0.06761882454156876
gp_latent_3,389,-0.08078179508447647
gp_latent_3,390,-0.002016452606767416
gp_latent_3,391,0.09155464917421341
gp_latent_3,392,0.08039306104183197
gp_latent_3,393,0.021886071190238
gp_latent_3,394,0.0507391132414341
gp_latent_3,395,0.08203839510679245
gp_latent_3,396,0.03433950990438461
gp_latent_3,397,0.0657629445195198
gp_latent_3,398,-0.06620346009731293
gp_latent_3,399,0.06916888058185577
gp_latent_3,400,0.08521678298711777
gp_latent_3,401,0.0497201569378376
gp_latent_3,402,0.07557503134012222
gp_latent_3,403,-0.014638804830610752
gp_latent_3,404,0.010012811049818993
gp_latent_3,405,-0.019936710596084595
gp_latent_3,406,0.012190290726721287
gp_latent_3,407,0.010971936397254467
gp_latent_3,408,-0.005158968269824982
gp_latent_3,409,-0.013383861631155014
gp_latent_3,410,0.005986126605421305
gp_latent_3,411,-0.002969308290630579
gp_latent_3,412,0.01265631802380085
gp_latent_3,413,-0.003969160839915276
gp_latent_3,414,-0.008821130730211735
gp_latent_3,415,-0.0020720248576253653
gp_latent_3,416,0.02706643007695675
gp_latent_3,417,0.012655931524932384
gp_latent_3,418,0.012657400220632553
gp_latent_3,419,0.01170714944601059
gp_latent_3,420,-0.01229244377464056
gp_latent_3,421,0.016648393124341965
gp_latent_3,422,0.017586832866072655
gp_latent_3,423,0.014539485797286034
gp_latent_3,424,0.006049147807061672
gp_latent_3,425,-0.0024588643573224545
gp_latent_3,426,0.0729997530579567
gp_latent_3,427,0.08674778044223785
gp_latent_3,428,0.06956181675195694
gp_latent_3,429,-0.020277749747037888
gp_latent_3,430,0.03539730980992317
gp_latent_3,431,-0.08270174264907837
gp_latent_3,432,-0.0007919380441308022
gp_latent_3,433,-0.012024277821183205
gp_latent_3,434,-0.030086835846304893
gp_latent_3,435,-0.010895167477428913
gp_latent_3,436,-0.002120573539286852
gp_latent_3,437,-0.0008184784092009068
gp_latent_3,438,-0.004526887089014053
gp_latent_3,439,0.0387958362698555
gp_latent_3,440,0.021191027015447617
gp_latent_3,441,-0.054299380630254745
gp_latent_3,442,-0.0776103138923645
gp_latent_3,443,-0.08891008794307709
gp_latent_3,444,-0.01704506203532219
gp_latent_3,445,0.02140864171087742
gp_latent_3,446,-0.04584270715713501
gp_latent_3,447,-0.01952429674565792
gp_latent_3,448,0.016079744324088097
gp_latent_3,449,-0.014849773608148098
gp_latent_3,450,-0.017555318772792816
gp_latent_3,451,-0.013211270794272423
gp_latent_3,452,-0.009990018792450428
gp_latent_3,453,-0.005423484370112419
gp_latent_3,454,-0.036103181540966034
gp_latent_3,455,-0.009454797022044659
gp_latent_3,456,-0.007911997847259045
gp_latent_3,457,-0.010728675872087479
gp_latent_3,458,0.020237861201167107
gp_latent_3,459,-0.024572281166911125
gp_latent_3,460,0.03171997144818306
gp_latent_3,461,-0.01418379507958889
gp_latent_3,462,-0.07990584522485733
gp_latent_3,463,0.002520978916436434
gp_latent_3,464,0.0038841424975544214
gp_latent_3,465,0.007212736643850803
gp_latent_3,466,-0.02032649517059326
gp_latent_3,467,-0.041993509978055954
gp_latent_3,468,0.03334333747625351
gp_latent_3,469,0.07019872218370438
gp_latent_3,470,-0.01668805442750454
gp_latent_3,471,0.03702431544661522
gp_latent_3,472,0.027246665209531784
gp_latent_3,473,0.010109947063028812
gp_latent_3,474,0.07174988090991974
gp_latent_3,475,-0.07652533054351807
gp_latent_3,476,0.017591826617717743
gp_latent_3,477,-0.08838324248790741
gp_latent_3,478,-0.02018754556775093
gp_latent_3,479,-0.027781449258327484
gp_latent_3,480,0.00522236805409193
gp_latent_3,481,0.026968004181981087
gp_latent_3,482,-0.00058760866522789
gp_latent_3,483,0.04789769649505615
gp_latent_3,484,0.017068907618522644
gp_latent_3,485,0.01265157014131546
gp_latent_3,486,-0.06624715775251389
gp_latent_3,487,-0.060822661966085434
gp_latent_3,488,0.016716742888092995
gp_latent_3,489,-0.08618427813053131
gp_latent_3,490,-0.09151528030633926
gp_latent_3,491,-0.02223454788327217
gp_latent_3,492,-0.019799474626779556
gp_latent_3,493,-0.026749063283205032
gp_latent_3,494,-0.04275639355182648
gp_latent_3,495,-0.028235314413905144
gp_latent_3,496,-0.040590014308691025
gp_latent_3,497,-0.03689372166991234
gp_latent_3,498,-0.021861087530851364
gp_latent_3,499,-0.007492394652217627
gp_latent_3,500,-0.0018500655423849821
gp_latent_3,501,0.008965587243437767
gp_latent_3,502,-0.006205893121659756
gp_latent_3,503,0.00532959308475256
gp_latent_3,504,0.019847383722662926
gp_latent_3,505,-0.005747627466917038
gp_latent_3,506,-0.030365750193595886
gp_latent_3,507,-0.009878607466816902
gp_latent_3,508,-0.03614537790417671
gp_latent_3,509,-0.027460694313049316
gp_latent_3,510,-0.00041448522824794054
gp_latent_3,511,0.0025162966921925545
gp_latent_3,512,0.0009900289587676525
gp_latent_3,513,-0.02493414096534252
gp_latent_3,514,-0.01091819629073143
gp_latent_3,515,-0.032011087983846664
gp_latent_3,516,-0.0017511758487671614
gp_latent_3,517,-0.022288819774985313
gp_latent_3,518,-0.010801950469613075
gp_latent_3,519,-0.017145873978734016
gp_latent_3,520,0.05629992112517357
gp_latent_3,521,0.05624211207032204
gp_latent_3,522,-0.017681650817394257
gp_latent_3,523,0.004231187514960766
gp_latent_3,524,0.025760162621736526
gp_latent_3,525,0.025561995804309845
gp_latent_3,526,-0.007433571387082338
gp_latent_3,527,-0.01681499369442463
gp_latent_3,528,-0.020169567316770554
gp_latent_3,529,-0.0070184627547860146
gp_latent_3,530,0.012387530878186226
gp_latent_3,531,0.008029969409108162
gp_latent_3,532,-0.0009255317854695022
gp_latent_3,533,0.010515366680920124
gp_latent_3,534,-0.00999403651803732
gp_latent_3,535,0.0879935771226883
gp_latent_3,536,0.04367097094655037
gp_latent_3,537,-0.03538762778043747
gp_latent_3,538,-0.020728077739477158
gp_latent_3,539,-0.1053682267665863
gp_latent_3,540,-0.042787645012140274
gp_latent_3,541,-0.07557529211044312
gp_latent_3,542,-0.06685246527194977
gp_latent_3,543,-0.08520925045013428
gp_latent_3,544,0.06764060258865356
gp_latent_3,545,0.08083833754062653
gp_latent_3,546,0.07273399829864502
gp_latent_3,547,0.06212518736720085
gp_latent_3,548,0.09737326204776764
gp_latent_3,549,0.06429244577884674
gp_latent_3,550,0.07436073571443558
gp_latent_3,551,-0.027205396443605423
gp_latent_3,552,-0.005180268082767725
gp_latent_3,553,0.0175392534583807
gp_latent_3,554,-0.017432771623134613
gp_latent_3,555,-0.014788016676902771
gp_latent_3,556,-0.013875726610422134
gp_latent_3,557,-0.00987459160387516
gp_latent_3,558,-0.012784406542778015
gp_latent_3,559,-0.0243655014783144
gp_latent_3,560,-0.012576110661029816
gp_latent_3,561,-0.02872874028980732
gp_latent_3,562,-0.019631627947092056
gp_latent_3,563,-0.010953322984278202
gp_latent_3,564,-0.0231169443577528
gp_latent_3,565,-0.01973539963364601
gp_latent_3,566,-0.008099212311208248
gp_latent_3,567,-0.027133997529745102
gp_latent_3,568,-0.005625993944704533
gp_latent_3,569,-0.0016469683032482862
gp_latent_3,570,-0.011995701119303703
gp_latent_3,571,-0.014597952365875244
gp_latent_3,572,-0.027807749807834625
gp_latent_3,573,-0.014834325760602951
gp_latent_3,574,-0.01479419507086277
gp_latent_3,575,0.005219206679612398
gp_latent_3,576,0.006231536157429218
gp_latent_3,577,-0.0006349948234856129
gp_latent_3,578,0.0034524542279541492
gp_latent_3,579,0.00787054467946291
gp_latent_3,580,0.009645307436585426
gp_latent_3,581,0.024332037195563316
gp_latent_3,582,-0.0020327616948634386
gp_latent_3,583,0.06610516458749771
gp_latent_3,584,0.07522575557231903
gp_latent_3,585,0.002510011661797762
gp_latent_3,586,-0.005555243697017431
gp_latent_3,587,-0.025185152888298035
gp_latent_3,588,-0.007063577882945538
gp_latent_3,589,0.007905113510787487
gp_latent_3,590,0.015574051067233086
gp_latent_3,591,-0.020322445780038834
gp_latent_3,592,0.0041075171902775764
gp_latent_3,593,0.06714189797639847
gp_latent_3,594,-0.026337195187807083
gp_latent_3,595,-0.00662216916680336
gp_latent_3,596,-0.023014038801193237
gp_latent_3,597,-0.00924027618020773
gp_latent_3,598,-0.010021038353443146
gp_latent_3,599,0.09192445874214172
gp_latent_3,600,0.10571397095918655
gp_latent_3,601,0.09302479028701782
gp_latent_3,602,-0.09090213477611542
gp_latent_3,603,-0.07157863676548004
gp_latent_3,604,-0.08057679980993271
gp_latent_3,605,-0.07963620126247406
gp_latent_3,606,-0.09912674129009247
gp_latent_3,607,-0.08717819303274155
gp_latent_3,608,-0.07320278882980347
gp_latent_3,609,-0.08017700910568237
gp_latent_3,610,-0.07858147472143173
gp_latent_3,611,-0.07665751874446869
gp_latent_3,612,0.02983519248664379
gp_latent_3,613,0.0364118292927742
gp_latent_3,614,0.042689498513936996
gp_latent_3,615,0.032474368810653687
gp_latent_3,616,0.022637002170085907
gp_latent_3,617,0.0605599619448185
gp_latent_3,618,-0.041344135999679565
gp_latent_3,619,-0.019293121993541718
gp_latent_3,620,-0.040628883987665176
gp_latent_3,621,-0.04001190885901451
gp_latent_3,622,-0.03533076494932175
gp_latent_3,623,-0.03629951551556587
gp_latent_3,624,0.10078716278076172
gp_latent_3,625,-0.09013886004686356
gp_latent_3,626,-0.08282656967639923
gp_latent_3,627,-0.07789448648691177
gp_latent_3,628,0.04894552007317543
gp_latent_3,629,-0.024346325546503067
gp_latent_3,630,-0.016818270087242126
gp_latent_3,631,-0.024417942389845848
gp_latent_3,632,0.06611070781946182
gp_latent_3,633,-0.07681258767843246
gp_latent_3,634,0.06727096438407898
gp_latent_3,635,-0.01730349101126194
gp_latent_3,636,-0.012876477092504501
gp_latent_3,637,0.0025860946625471115
gp_latent_3,638,-0.012297514826059341
gp_latent_3,639,0.0005178786814212799
gp_latent_3,640,-0.023040905594825745
gp_latent_3,641,0.001460988074541092
gp_latent_3,642,1.4382880181074142e-05
gp_latent_3,643,-0.01945602335035801
gp_latent_3,644,0.003454110585153103
gp_latent_3,645,0.032746847718954086
gp_latent_3,646,0.0838870033621788
gp_latent_3,647,0.09846551716327667
gp_latent_3,648,-0.09577028453350067
gp_latent_3,649,-0.08764079213142395
gp_latent_3,650,-0.07746373862028122
gp_latent_3,651,-0.08367609232664108
gp_latent_3,652,-0.07941016554832458
gp_latent_3,653,-0.08638423681259155
gp_latent_3,654,-0.030883360654115677
gp_latent_3,655,-0.046694204211235046
gp_latent_3,656,-0.08037395030260086
gp_latent_3,657,-0.09201887249946594
gp_latent_3,658,-0.023169714957475662
gp_latent_3,659,0.00017550028860569
gp_latent_3,660,0.06599871814250946
gp_latent_3,661,0.06830088794231415
gp_latent_3,662,-0.02004593424499035
gp_latent_3,663,0.022215740755200386
gp_latent_3,664,-0.004960890859365463
gp_latent_3,665,0.08765939623117447
gp_latent_3,666,0.006331683602184057
gp_latent_3,667,-0.07123726606369019
gp_latent_3,668,-0.08452851325273514
gp_latent_3,669,-0.022713633254170418
gp_latent_3,670,-0.002488162834197283
gp_latent_3,671,-0.0798579528927803
gp_latent_3,672,-0.07621537148952484
gp_latent_3,673,-0.07293090224266052
gp_latent_3,674,0.09251930564641953
gp_latent_3,675,0.07097646594047546
gp_latent_3,676,0.09856399148702621
gp_latent_3,677,0.08996593207120895
gp_latent_3,678,0.004092773422598839
gp_latent_3,679,-0.009950950741767883
gp_latent_3,680,-0.035625673830509186
gp_latent_3,681,-0.007892939262092113
gp_latent_3,682,-0.012274467386305332
gp_latent_3,683,-0.021995650604367256
gp_latent_3,684,-0.02362276054918766
gp_latent_3,685,-0.03093833476305008
gp_latent_3,686,-0.017472701147198677
gp_latent_3,687,-0.012495208531618118
gp_latent_3,688,-0.023756347596645355
gp_latent_3,689,-0.003423278918489814
gp_latent_3,690,-0.02004336379468441
gp_latent_3,691,-0.00020067556761205196
gp_latent_3,692,0.021891634911298752
gp_latent_3,693,-0.0016709350747987628
gp_latent_3,694,0.007756744045764208
gp_latent_3,695,-0.0011763006914407015
gp_latent_3,696,-0.004922665189951658
gp_latent_3,697,0.008441241458058357
gp_latent_3,698,0.011171882972121239
gp_latent_3,699,0.002760489471256733
gp_latent_3,700,0.002768221776932478
gp_latent_3,701,0.015464031137526035
gp_latent_3,702,-0.06282351911067963
gp_latent_3,703,0.08550377935171127
gp_latent_3,704,-0.014430771581828594
gp_latent_3,705,-0.010902898386120796
gp_latent_3,706,-0.022527825087308884
gp_latent_3,707,-0.023712392896413803
gp_latent_3,708,-0.0003475492703728378
gp_latent_3,709,-0.015592495910823345
gp_latent_3,710,-0.006099876947700977
gp_latent_3,711,-0.022212551906704903
gp_latent_3,712,-0.011060038581490517
gp_latent_3,713,-0.0055753495544195175
gp_latent_3,714,-0.008075744844973087
gp_latent_3,715,0.05120556801557541
gp_latent_3,716,0.08527994155883789
gp_latent_3,717,-0.08367520570755005
gp_latent_3,718,-0.08663757890462875
gp_latent_3,719,-0.10030893981456757
gp_latent_3,720,-0.09089092910289764
gp_latent_3,721,-0.09580741077661514
gp_latent_3,722,-0.09022556990385056
gp_latent_3,723,-0.08844917267560959
gp_latent_3,724,0.04170390963554382
gp_latent_3,725,-0.018593551591038704
gp_latent_3,726,-0.022454403340816498
gp_latent_3,727,-0.01684190146625042
gp_latent_3,728,-0.0277499221265316
gp_latent_3,729,0.07732220739126205
gp_latent_3,730,-0.08712105453014374
gp_latent_3,731,0.04824043810367584
gp_latent_3,732,0.013157561421394348
gp_latent_3,733,-0.017647624015808105
gp_latent_3,734,-0.0049070934765040874
gp_latent_3,735,-0.014423145912587643
gp_latent_3,736,0.06438378244638443
gp_latent_3,737,-0.07624943554401398
gp_latent_3,738,-0.030854513868689537
gp_latent_3,739,0.012478761374950409
gp_latent_3,740,0.06708303093910217
gp_latent_3,741,0.005434868857264519
gp_latent_3,742,-0.00809389166533947
gp_latent_3,743,-0.033441346138715744
gp_latent_3,744,-0.081466443836689
gp_latent_3,745,0.01070407498627901
gp_latent_3,746,0.010182417929172516
gp_latent_3,747,0.003168240189552307
gp_latent_3,748,0.036987412720918655
gp_latent_3,749,0.015893802046775818
gp_latent_3,750,-0.008020720444619656
gp_latent_3,751,-0.08953139930963516
gp_latent_3,752,0.029467279091477394
gp_latent_3,753,0.03839254379272461
gp_latent_3,754,-0.011942831799387932
gp_latent_3,755,-0.005996646359562874
gp_latent_3,756,0.007630414795130491
gp_latent_3,757,-0.01737159490585327
gp_latent_3,758,-0.018054364249110222
gp_latent_3,759,-0.022455714643001556
gp_latent_3,760,0.04894901439547539
gp_latent_3,761,0.011780929751694202
gp_latent_3,762,0.0557100735604763
gp_latent_3,763,-0.015312958508729935
gp_latent_3,764,-0.07419883459806442
gp_latent_3,765,0.022473108023405075
gp_latent_3,766,-0.03028734400868416
gp_latent_3,767,-0.05098513513803482
gp_latent_3,768,0.05406980216503143
gp_latent_3,769,0.022728467360138893
gp_latent_3,770,0.01471860520541668
gp_latent_3,771,0.014283291064202785
gp_latent_3,772,0.051188476383686066
gp_latent_3,773,-0.01096111536026001
gp_latent_3,774,0.04538969323039055
gp_latent_3,775,0.05483189597725868
gp_latent_3,776,-0.019156966358423233
gp_latent_3,777,0.009243086911737919
gp_latent_3,778,-0.0399608351290226
gp_latent_3,779,0.0394078828394413
gp_latent_3,780,0.009178442880511284
gp_latent_3,781,0.06293123960494995
gp_latent_3,782,0.030877910554409027
gp_latent_3,783,0.05813487619161606
gp_latent_3,784,0.0524514801800251
gp_latent_3,785,-0.008217927999794483
gp_latent_3,786,-0.019533677026629448
gp_latent_3,787,0.003478684928268194
gp_latent_3,788,-0.0033708959817886353
gp_latent_3,789,0.043522998690605164
gp_latent_3,790,0.043884750455617905
gp_latent_3,791,0.02649517171084881
gp_latent_3,792,0.053628627210855484
gp_latent_3,793,-0.04492904990911484
gp_latent_3,794,-0.006123153027147055
gp_latent_3,795,-0.014963343739509583
gp_latent_3,796,-0.04045389965176582
gp_latent_3,797,0.009994568303227425
gp_latent_3,798,-0.035137053579092026
gp_latent_3,799,0.06798391789197922
gp_latent_3,800,-0.02685358375310898
gp_latent_3,801,-0.05209314823150635
gp_latent_3,802,-0.012890901416540146
gp_latent_3,803,0.038816992193460464
gp_latent_3,804,0.020627805963158607
gp_latent_3,805,-0.006105627864599228
gp_latent_3,806,0.010335812345147133
gp_latent_3,807,-0.02680620178580284
gp_latent_3,808,-0.06283548474311829
gp_latent_3,809,-0.09437796473503113
gp_latent_3,810,-0.02632608823478222
gp_latent_3,811,0.003844067919999361
gp_latent_3,812,-0.004072216339409351
gp_latent_3,813,0.030465953052043915
gp_latent_3,814,0.04236909747123718
gp_latent_3,815,0.05034719035029411
gp_latent_3,816,0.017201336100697517
gp_latent_3,817,0.03455159440636635
gp_latent_3,818,0.011038489639759064
gp_latent_3,819,-0.09537865221500397
gp_latent_3,820,-0.08461964875459671
gp_latent_3,821,-0.05486837029457092
gp_latent_3,822,-0.03726355358958244
gp_latent_3,823,-0.006746385712176561
gp_latent_3,824,-0.012218423187732697
gp_latent_3,825,-0.021241117268800735
gp_latent_3,826,0.02717386744916439
gp_latent_3,827,0.05715963616967201
gp_latent_3,828,0.037991397082805634
gp_latent_3,829,0.03032921999692917
gp_latent_3,830,0.001554136979393661
gp_latent_3,831,0.00017521122936159372
gp_latent_3,832,-0.005500372499227524
gp_latent_3,833,0.024913020431995392
gp_latent_3,834,0.00600084476172924
gp_latent_3,835,-0.01567676290869713
gp_latent_3,836,0.023493438959121704
gp_latent_3,837,0.014735895209014416
gp_latent_3,838,-0.11889676004648209
gp_latent_3,839,-0.04372512921690941
gp_latent_3,840,0.03801250457763672
gp_latent_3,841,0.02159256674349308
gp_latent_3,842,-0.03902275487780571
gp_latent_3,843,-0.021156657487154007
gp_latent_3,844,0.057565588504076004
gp_latent_3,845,-0.038721486926078796
gp_latent_3,846,0.013590773567557335
gp_latent_3,847,0.002757664304226637
gp_latent_3,848,0.02944101206958294
gp_latent_3,849,-0.0011340067721903324
gp_latent_3,850,0.015549544245004654
gp_latent_3,851,0.01993231102824211
gp_latent_3,852,-0.027904970571398735
gp_latent_3,853,0.001288900850340724
gp_latent_3,854,0.05215540900826454
gp_latent_3,855,0.05530241131782532
gp_latent_3,856,0.016687169671058655
gp_latent_3,857,0.05120403319597244
gp_latent_3,858,-0.007632686756551266
gp_latent_3,859,0.03987078741192818
gp_latent_3,860,0.035675376653671265
gp_latent_3,861,0.028070315718650818
gp_latent_3,862,-0.0061549236997962
gp_latent_3,863,-0.004477711860090494
gp_latent_3,864,-0.010785877704620361
gp_latent_3,865,0.01204486284404993
gp_latent_3,866,-0.03923012316226959
gp_latent_3,867,0.03204194828867912
gp_latent_3,868,-0.06298743188381195
gp_latent_3,869,-0.033415574580430984
gp_latent_3,870,0.024888796731829643
gp_latent_3,871,0.01359548419713974
gp_latent_3,872,-0.03995654359459877
gp_latent_3,873,-0.020651744678616524
gp_latent_3,874,0.0557636059820652
gp_latent_3,875,0.06306012719869614
gp_latent_3,876,-0.008132504299283028
gp_latent_3,877,0.06292756646871567
gp_latent_3,878,0.020118333399295807
gp_latent_3,879,0.010741588659584522
gp_latent_3,880,0.04664280265569687
gp_latent_3,881,-0.027264459058642387
gp_latent_3,882,0.05349908396601677
gp_latent_3,883,-0.0037153763696551323
gp_latent_3,884,-0.0012274411274120212
gp_latent_3,885,0.02106371894478798
gp_latent_3,886,0.011989391408860683
gp_latent_3,887,-0.0038291504606604576
gp_latent_3,888,0.0053064958192408085
gp_latent_3,889,-0.01633012481033802
gp_latent_3,890,-0.01885647140443325
gp_latent_3,891,-0.024325162172317505
gp_latent_3,892,-0.032315392047166824
gp_latent_3,893,-0.02437620796263218
gp_latent_3,894,-0.02353542111814022
gp_latent_3,895,0.021197853609919548
gp_latent_3,896,0.03760262578725815
gp_latent_3,897,0.015513794496655464
gp_latent_3,898,-0.10940250009298325
gp_latent_3,899,-0.027065221220254898
gp_latent_3,900,-0.018988052383065224
gp_latent_3,901,0.005876623559743166
gp_latent_3,902,-0.005117751192301512
gp_latent_3,903,0.01949736475944519
gp_latent_3,904,-0.0022663932759314775
gp_latent_3,905,-0.005151079967617989
gp_latent_3,906,-0.000894149299710989
gp_latent_3,907,0.010044313967227936
gp_latent_3,908,0.01850726641714573
gp_latent_3,909,0.0006623715162277222
gp_latent_3,910,0.006909294985234737
gp_latent_3,911,-0.028150824829936028
gp_latent_3,912,-0.031002679839730263
gp_latent_3,913,-0.03130602836608887
gp_latent_3,914,0.02595299668610096
gp_latent_3,915,-0.020877916365861893
gp_latent_3,916,-0.023806173354387283
gp_latent_3,917,-0.012840280309319496
gp_latent_3,918,0.011057695373892784
gp_latent_3,919,0.020652158185839653
gp_latent_3,920,0.006933270022273064
gp_latent_3,921,0.025980619713664055
gp_latent_3,922,-0.013764909468591213
gp_latent_3,923,0.024466652423143387
gp_latent_3,924,0.0446157306432724
gp_latent_3,925,0.006536765955388546
gp_latent_3,926,-0.004090450704097748
gp_latent_3,927,0.014470870606601238
gp_latent_3,928,-0.02376335859298706
gp_latent_3,929,-0.08845493197441101
gp_latent_3,930,-0.0687677413225174
gp_latent_3,931,0.016053790226578712
gp_latent_3,932,0.02890828810632229
gp_latent_3,933,0.022667858749628067
gp_latent_3,934,-0.06973212212324142
gp_latent_3,935,-0.0598183237016201
gp_latent_3,936,-0.0017832067096605897
gp_latent_3,937,-0.012138751335442066
gp_latent_3,938,-0.08274805545806885
gp_latent_3,939,-0.03673481568694115
gp_latent_3,940,0.013313047587871552
gp_latent_3,941,-0.014874503947794437
gp_latent_3,942,0.04375557601451874
gp_latent_3,943,-0.0013561430387198925
gp_latent_3,944,-0.006291012279689312
gp_latent_3,945,0.0011206581257283688
gp_latent_3,946,0.0068333325907588005
gp_latent_3,947,-0.09430906176567078
gp_latent_3,948,-0.013248199597001076
gp_latent_3,949,-0.013824326917529106
gp_latent_4,0,0.08725954592227936
gp_latent_4,1,0.042008113116025925
gp_latent_4,2,0.12140371650457382
gp_latent_4,3,0.00864324439316988
gp_latent_4,4,-0.00361010548658669
gp_latent_4,5,-0.015114122070372105
gp_latent_4,6,0.007040789816528559
gp_latent_4,7,-0.021560292690992355
gp_latent_4,8,0.12801536917686462
gp_latent_4,9,0.03983307257294655
gp_latent_4,10,0.03949858993291855
gp_latent_4,11,0.006982821971178055
gp_latent_4,12,0.08552183955907822
gp_latent_4,13,0.08218250423669815
gp_latent_4,14,0.08637280762195587
gp_latent_4,15,0.002817403059452772
gp_latent_4,16,-0.04815050959587097
gp_latent_4,17,-0.046775467693805695
gp_latent_4,18,0.06618370115756989
gp_latent_4,19,-0.0016266084276139736
gp_latent_4,20,0.007081552408635616
gp_latent_4,21,0.14069783687591553
gp_latent_4,22,-0.033388856798410416
gp_latent_4,23,0.04010433331131935
gp_latent_4,24,0.1278562843799591
gp_latent_4,25,-0.041888926178216934
gp_latent_4,26,0.048208609223365784
gp_latent_4,27,0.14276757836341858
gp_latent_4,28,-0.0202417504042387
gp_latent_4,29,0.008382938802242279
gp_latent_4,30,0.00750973355025053
gp_latent_4,31,-0.002520613372325897
gp_latent_4,32,0.010935535654425621
gp_latent_4,33,-0.037663862109184265
gp_latent_4,34,0.09525945782661438
gp_latent_4,35,0.10077165812253952
gp_latent_4,36,0.0037435709964483976
gp_latent_4,37,0.06480550765991211
gp_latent_4,38,0.013006187044084072
gp_latent_4,39,-0.03130781650543213
gp_latent_4,40,0.023293625563383102
gp_latent_4,41,0.006553279235959053
gp_latent_4,42,0.08122174441814423
gp_latent_4,43,0.0716194435954094
gp_latent_4,44,0.015470071695744991
gp_latent_4,45,0.041754402220249176
gp_latent_4,46,-0.003249731380492449
gp_latent_4,47,0.021623743698000908
gp_latent_4,48,0.0664333626627922
gp_latent_4,49,0.025776032358407974
gp_latent_4,50,0.0013277120888233185
gp_latent_4,51,0.018786536529660225
gp_latent_4,52,0.060047879815101624
gp_latent_4,53,0.006713577546179295
gp_latent_4,54,0.03020123951137066
gp_latent_4,55,0.07091675698757172
gp_latent_4,56,0.06682245433330536
gp_latent_4,57,-0.0055193714797496796
gp_latent_4,58,0.060673244297504425
gp_latent_4,59,0.04914145916700363
gp_latent_4,60,-0.08353200554847717
gp_latent_4,61,-0.02725391462445259
gp_latent_4,62,-0.04002250358462334
gp_latent_4,63,0.07470718771219254
gp_latent_4,64,-0.005695958621799946
gp_latent_4,65,-0.09143594652414322
gp_latent_4,66,0.04122038930654526
gp_latent_4,67,0.032947149127721786
gp_latent_4,68,0.01542271114885807
gp_latent_4,69,-0.0949563980102539
gp_latent_4,70,-0.08817604184150696
gp_latent_4,71,-0.04949311912059784
gp_latent_4,72,0.03562344238162041
gp_latent_4,73,0.02159232646226883
gp_latent_4,74,0.06518565863370895
gp_latent_4,75,-0.033612776547670364
gp_latent_4,76,-0.035122402012348175
gp_latent_4,77,-0.0370456762611866
gp_latent_4,78,-0.04893271625041962
gp_latent_4,79,0.015865415334701538
gp_latent_4,80,-0.03520866483449936
gp_latent_4,81,0.02210795134305954
gp_latent_4,82,-0.0011154916137456894
gp_latent_4,83,0.04540253058075905
gp_latent_4,84,-0.0740758627653122
gp_latent_4,85,0.0159480981528759
gp_latent_4,86,0.03219285234808922
gp_latent_4,87,-0.03184625878930092
gp_latent_4,88,0.0218520350754261
gp_latent_4,89,0.012090872973203659
gp_latent_4,90,0.013629297725856304
gp_latent_4,91,-0.02594939060509205
gp_latent_4,92,0.06088267266750336
gp_latent_4,93,0.006234683562070131
gp_latent_4,94,-0.010581945069134235
gp_latent_4,95,0.031911369413137436
gp_latent_4,96,0.0038713766261935234
gp_latent_4,97,0.0347072035074234
gp_latent_4,98,0.012807893566787243
gp_latent_4,99,-0.0019053448922932148
gp_latent_4,100,-0.029791342094540596
gp_latent_4,101,0.06305821239948273
gp_latent_4,102,0.06361605226993561
gp_latent_4,103,0.004887967370450497
gp_latent_4,104,0.029588403180241585
gp_latent_4,105,0.018002156168222427
gp_latent_4,106,-0.010764931328594685
gp_latent_4,107,0.031453344970941544
gp_latent_4,108,0.042223889380693436
gp_latent_4,109,0.041881367564201355
gp_latent_4,110,0.03577083721756935
gp_latent_4,111,0.03114096075296402
gp_latent_4,112,0.043571848422288895
gp_latent_4,113,0.0251100305467844
gp_latent_4,114,0.01248316839337349
gp_latent_4,115,0.027550531551241875
gp_latent_4,116,0.036911915987730026
gp_latent_4,117,0.029213473200798035
gp_latent_4,118,0.02210228145122528
gp_latent_4,119,0.0007586055435240269
gp_latent_4,120,0.07042612880468369
gp_latent_4,121,-0.04272842779755592
gp_latent_4,122,-0.03248724713921547
gp_latent_4,123,0.022852856665849686
gp_latent_4,124,0.018026109784841537
gp_latent_4,125,0.040346600115299225
gp_latent_4,126,0.033974789083004
gp_latent_4,127,-0.05490448698401451
gp_latent_4,128,0.026265718042850494
gp_latent_4,129,0.03138488158583641
gp_latent_4,130,0.04955563694238663
gp_latent_4,131,0.01849539764225483
gp_latent_4,132,0.018587259575724602
gp_latent_4,133,-0.0026180248241871595
gp_latent_4,134,-0.0426168218255043
gp_latent_4,135,-0.03513688966631889
gp_latent_4,136,0.011722154915332794
gp_latent_4,137,0.0593162402510643
gp_latent_4,138,0.040805935859680176
gp_latent_4,139,0.06410560011863708
gp_latent_4,140,0.0785674899816513
gp_latent_4,141,0.03139167279005051
gp_latent_4,142,0.08830861002206802
gp_latent_4,143,-0.021890144795179367
gp_latent_4,144,-0.018832173198461533
gp_latent_4,145,0.04327402636408806
gp_latent_4,146,0.027775701135396957
gp_latent_4,147,0.002130033913999796
gp_latent_4,148,-0.021016446873545647
gp_latent_4,149,-0.00673112366348505
gp_latent_4,150,0.05526097118854523
gp_latent_4,151,-0.01827109418809414
gp_latent_4,152,-0.012558585032820702
gp_latent_4,153,0.020189397037029266
gp_latent_4,154,-0.003323436714708805
gp_latent_4,155,-0.006170592270791531
gp_latent_4,156,0.02160952053964138
gp_latent_4,157,-0.00021750805899500847
gp_latent_4,158,-0.02593625895678997
gp_latent_4,159,0.018337074667215347
gp_latent_4,160,0.027855075895786285
gp_latent_4,161,0.028537504374980927
gp_latent_4,162,0.014371968805789948
gp_latent_4,163,0.018836302682757378
gp_latent_4,164,0.02302270010113716
gp_latent_4,165,0.0036774694453924894
gp_latent_4,166,0.014513683505356312
gp_latent_4,167,0.025713792070746422
gp_latent_4,168,0.008024098351597786
gp_latent_4,169,0.035330794751644135
gp_latent_4,170,0.019905924797058105
gp_latent_4,171,0.004590952768921852
gp_latent_4,172,-0.025177879258990288
gp_latent_4,173,0.02433745376765728
gp_latent_4,174,-0.01378263533115387
gp_latent_4,175,0.0426916740834713
gp_latent_4,176,0.0012078458676114678
gp_latent_4,177,-0.009001302532851696
gp_latent_4,178,-0.04666518792510033
gp_latent_4,179,-0.061322011053562164
gp_latent_4,180,-0.012540986761450768
gp_latent_4,181,-0.05699662119150162
gp_latent_4,182,-0.024158189073204994
gp_latent_4,183,-0.05132301524281502
gp_latent_4,184,0.009979605674743652
gp_latent_4,185,0.027527468279004097
gp_latent_4,186,-0.010957824997603893
gp_latent_4,187,0.043364718556404114
gp_latent_4,188,-0.05081838369369507
gp_latent_4,189,-0.013965584337711334
gp_latent_4,190,0.0023071502801030874
gp_latent_4,191,-0.003620689734816551
gp_latent_4,192,-0.005159352906048298
gp_latent_4,193,-0.0226141307502985
gp_latent_4,194,0.006636954378336668
gp_latent_4,195,0.01805947534739971
gp_latent_4,196,0.024193959310650826
gp_latent_4,197,0.01657916232943535
gp_latent_4,198,-0.029325734823942184
gp_latent_4,199,-0.018112238496541977
gp_latent_4,200,0.06024406850337982
gp_latent_4,201,0.009793110191822052
gp_latent_4,202,0.009490203112363815
gp_latent_4,203,-0.044606734067201614
gp_latent_4,204,-0.025998229160904884
gp_latent_4,205,0.040979012846946716
gp_latent_4,206,0.009155036881566048
gp_latent_4,207,-0.01667890138924122
gp_latent_4,208,0.009892305359244347
gp_latent_4,209,-0.00358778377994895
gp_latent_4,210,-0.05427749827504158
gp_latent_4,211,0.09072642773389816
gp_latent_4,212,-0.00038334913551807404
gp_latent_4,213,0.024559292942285538
gp_latent_4,214,-0.054936815053224564
gp_latent_4,215,-0.013590672984719276
gp_latent_4,216,-0.05681391432881355
gp_latent_4,217,0.06200293079018593
gp_latent_4,218,-0.012921683490276337
gp_latent_4,219,-0.03231717646121979
gp_latent_4,220,-0.017673693597316742
gp_latent_4,221,0.01637653447687626
gp_latent_4,222,0.0512324720621109
gp_latent_4,223,-0.0044358037412166595
gp_latent_4,224,-0.004446796141564846
gp_latent_4,225,-0.02613133005797863
gp_latent_4,226,0.024109642952680588
gp_latent_4,227,-0.009409623220562935
gp_latent_4,228,0.02534218318760395
gp_latent_4,229,0.0006526282522827387
gp_latent_4,230,-0.06665180623531342
gp_latent_4,231,-0.08141472935676575
gp_latent_4,232,0.09441471099853516
gp_latent_4,233,0.07412587106227875
gp_latent_4,234,-0.04092300683259964
gp_latent_4,235,-0.007716246880590916
gp_latent_4,236,-0.02843083068728447
gp_latent_4,237,-0.005349963903427124
gp_latent_4,238,-0.002815892919898033
gp_latent_4,239,0.00612082751467824
gp_latent_4,240,0.07281811535358429
gp_latent_4,241,0.055054571479558945
gp_latent_4,242,0.011088483966886997
gp_latent_4,243,0.02133893594145775
gp_latent_4,244,0.0024607395753264427
gp_latent_4,245,0.00604749983176589
gp_latent_4,246,0.0022180487867444754
gp_latent_4,247,-0.03316185623407364
gp_latent_4,248,-0.030920345336198807
gp_latent_4,249,0.029090354219079018
gp_latent_4,250,0.00933966226875782
gp_latent_4,251,0.005094864405691624
gp_latent_4,252,0.007184394635260105
gp_latent_4,253,0.01923571340739727
gp_latent_4,254,-0.01339347381144762
gp_latent_4,255,0.008374105207622051
gp_latent_4,256,-0.03444458916783333
gp_latent_4,257,-0.000612153671681881
gp_latent_4,258,0.056300386786460876
gp_latent_4,259,0.08683094382286072
gp_latent_4,260,0.05752824991941452
gp_latent_4,261,0.0008124195737764239
gp_latent_4,262,0.034395623952150345
gp_latent_4,263,-0.004185590893030167
gp_latent_4,264,-0.04823467135429382
gp_latent_4,265,0.03878077119588852
gp_latent_4,266,-0.05157875642180443
gp_latent_4,267,-0.049404386430978775
gp_latent_4,268,-0.0013085892423987389
gp_latent_4,269,-0.01993829384446144
gp_latent_4,270,0.014343729242682457
gp_latent_4,271,-0.06366720050573349
gp_latent_4,272,0.007034481503069401
gp_latent_4,273,-0.017434436827898026
gp_latent_4,274,-0.03598853573203087
gp_latent_4,275,-0.003118867287412286
gp_latent_4,276,0.031952206045389175
gp_latent_4,277,0.007474491838365793
gp_latent_4,278,-0.006430963985621929
gp_latent_4,279,-0.028511805459856987
gp_latent_4,280,-0.04765401780605316
gp_latent_4,281,-0.03264059126377106
gp_latent_4,282,-0.03224494680762291
gp_latent_4,283,0.033989809453487396
gp_latent_4,284,-0.11484702676534653
gp_latent_4,285,-0.13429269194602966
gp_latent_4,286,0.013107520528137684
gp_latent_4,287,-0.041539955884218216
gp_latent_4,288,-0.04769475758075714
gp_latent_4,289,0.004470402374863625
gp_latent_4,290,0.0186245646327734
gp_latent_4,291,0.008467599749565125
gp_latent_4,292,0.017658352851867676
gp_latent_4,293,0.005092134699225426
gp_latent_4,294,0.012719097547233105
gp_latent_4,295,-0.004985732492059469
gp_latent_4,296,0.014262445271015167
gp_latent_4,297,0.015559719875454903
gp_latent_4,298,0.033922627568244934
gp_latent_4,299,-0.03189197927713394
gp_latent_4,300,-0.004854319151490927
gp_latent_4,301,0.0016966566909104586
gp_latent_4,302,-0.02490581013262272
gp_latent_4,303,0.06348374485969543
gp_latent_4,304,0.020715517923235893
gp_latent_4,305,0.0037567047402262688
gp_latent_4,306,-0.0251083355396986
gp_latent_4,307,0.000900325714610517
gp_latent_4,308,-0.004195730201900005
gp_latent_4,309,-0.006672822404652834
gp_latent_4,310,-0.020041408017277718
gp_latent_4,311,-0.012403400614857674
gp_latent_4,312,-0.010489566251635551
gp_latent_4,313,-0.011428950354456902
gp_latent_4,314,-0.005099215544760227
gp_latent_4,315,0.15029272437095642
gp_latent_4,316,0.0005147248157300055
gp_latent_4,317,0.050531577318906784
gp_latent_4,318,0.042315319180488586
gp_latent_4,319,-0.0024721678346395493
gp_latent_4,320,0.0517512746155262
gp_latent_4,321,0.06565862149000168
gp_latent_4,322,-0.10230188071727753
gp_latent_4,323,0.03791407123208046
gp_latent_4,324,-0.03554148226976395
gp_latent_4,325,-0.01786365732550621
gp_latent_4,326,0.04153471440076828
gp_latent_4,327,-0.010404987260699272
gp_latent_4,328,0.019928663969039917
gp_latent_4,329,0.03001432679593563
gp_latent_4,330,0.05085749924182892
gp_latent_4,331,0.005641943775117397
gp_latent_4,332,0.011799443513154984
gp_latent_4,333,0.02485586330294609
gp_latent_4,334,-0.029445640742778778
gp_latent_4,335,-0.022011177614331245
gp_latent_4,336,0.008205491118133068
gp_latent_4,337,-0.009971432387828827
gp_latent_4,338,0.012427335605025291
gp_latent_4,339,0.0782303735613823
gp_latent_4,340,0.01359293982386589
gp_latent_4,341,-0.08326404541730881
gp_latent_4,342,-0.05638228729367256
gp_latent_4,343,-0.02857547625899315
gp_latent_4,344,-0.023826725780963898
gp_latent_4,345,-0.021227797493338585
gp_latent_4,346,-0.03958282619714737
gp_latent_4,347,-0.006878331303596497
gp_latent_4,348,0.08711402118206024
gp_latent_4,349,0.040483444929122925
gp_latent_4,350,0.11798914521932602
gp_latent_4,351,0.1377674788236618
gp_latent_4,352,0.042463529855012894
gp_latent_4,353,0.0003359479014761746
gp_latent_4,354,0.0003755437210202217
gp_latent_4,355,0.03556528314948082
gp_latent_4,356,-0.018344951793551445
gp_latent_4,357,-0.023572199046611786
gp_latent_4,358,-0.06497112661600113
gp_latent_4,359,-0.08082473278045654
gp_latent_4,360,0.033876560628414154
gp_latent_4,361,-0.014333439990878105
gp_latent_4,362,-0.013276966288685799
gp_latent_4,363,0.001083224080502987
gp_latent_4,364,0.03490924462676048
gp_latent_4,365,0.08829933404922485
gp_latent_4,366,-0.006783327553421259
gp_latent_4,367,-0.01403743028640747
gp_latent_4,368,-0.03343522176146507
gp_latent_4,369,-0.07253561168909073
gp_latent_4,370,0.018633857369422913
gp_latent_4,371,0.07421869039535522
gp_latent_4,372,-0.03489653766155243
gp_latent_4,373,0.010389948263764381
gp_latent_4,374,0.06770839542150497
gp_latent_4,375,-0.010074282065033913
gp_latent_4,376,0.06424786895513535
gp_latent_4,377,0.08806847780942917
gp_latent_4,378,0.07633187621831894
gp_latent_4,379,0.06732131540775299
gp_latent_4,380,0.008966317400336266
gp_latent_4,381,-0.08621368557214737
gp_latent_4,382,-0.08068078756332397
gp_latent_4,383,-0.01276521384716034
gp_latent_4,384,-0.014090224169194698
gp_latent_4,385,-0.08209611475467682
gp_latent_4,386,-0.07777360081672668
gp_latent_4,387,-0.09209194034337997
gp_latent_4,388,-0.07152675092220306
gp_latent_4,389,-0.07085278630256653
gp_latent_4,390,-0.05343502759933472
gp_latent_4,391,-0.07587765157222748
gp_latent_4,392,-0.05435844510793686
gp_latent_4,393,0.04917058348655701
gp_latent_4,394,0.050212737172842026
gp_latent_4,395,-0.09467808157205582
gp_latent_4,396,0.0042846729047596455
gp_latent_4,397,0.03176449239253998
gp_latent_4,398,-0.1062893345952034
gp_latent_4,399,0.010567746125161648
gp_latent_4,400,-0.07698594778776169
gp_latent_4,401,0.07761023193597794
gp_latent_4,402,-0.0840524360537529
gp_latent_4,403,-0.040902115404605865
gp_latent_4,404,0.02506045252084732
gp_latent_4,405,-0.018041787669062614
gp_latent_4,406,0.010601923801004887
gp_latent_4,407,0.05391982942819595
gp_latent_4,408,0.037649005651474
gp_latent_4,409,0.021884474903345108
gp_latent_4,410,-0.03209986165165901
gp_latent_4,411,0.008113736286759377
gp_latent_4,412,0.01802831143140793
gp_latent_4,413,0.03213217109441757
gp_latent_4,414,-0.0036244827788323164
gp_latent_4,415,0.0611790306866169
gp_latent_4,416,0.03924182802438736
gp_latent_4,417,-0.017510738223791122
gp_latent_4,418,-0.020986128598451614
gp_latent_4,419,-0.008301224559545517
gp_latent_4,420,-0.006368317641317844
gp_latent_4,421,0.016182173043489456
gp_latent_4,422,-0.002551354467868805
gp_latent_4,423,0.030468521639704704
gp_latent_4,424,-0.015786943957209587
gp_latent_4,425,0.001105012372136116
gp_latent_4,426,-0.08612032979726791
gp_latent_4,427,-0.09144563227891922
gp_latent_4,428,-0.05720777437090874
gp_latent_4,429,-0.0485326386988163
gp_latent_4,430,-0.002092899288982153
gp_latent_4,431,-0.0712292268872261
gp_latent_4,432,-0.008956446312367916
gp_latent_4,433,0.04076461121439934
gp_latent_4,434,0.05573113635182381
gp_latent_4,435,0.074198879301548
gp_latent_4,436,-0.002814838895574212
gp_latent_4,437,0.04371439293026924
gp_latent_4,438,-0.006572660990059376
gp_latent_4,439,-0.002736011752858758
gp_latent_4,440,-0.00911061279475689
gp_latent_4,441,-0.07775937765836716
gp_latent_4,442,-0.07097592949867249
gp_latent_4,443,-0.06815916299819946
gp_latent_4,444,-0.05069537088274956
gp_latent_4,445,-8.381670340895653e-05
gp_latent_4,446,-0.06310102343559265
gp_latent_4,447,0.0571339875459671
gp_latent_4,448,0.07552094757556915
gp_latent_4,449,0.07421211898326874
gp_latent_4,450,0.06328250467777252
gp_latent_4,451,0.0013225619914010167
gp_latent_4,452,0.01584753580391407
gp_latent_4,453,0.01099335215985775
gp_latent_4,454,-0.07513963431119919
gp_latent_4,455,-0.03973152115941048
gp_latent_4,456,0.06291389465332031
gp_latent_4,457,0.013899367302656174
gp_latent_4,458,0.04889503866434097
gp_latent_4,459,-0.04804037883877754
gp_latent_4,460,-0.0025936246383935213
gp_latent_4,461,0.0016339917201548815
gp_latent_4,462,-0.06120043247938156
gp_latent_4,463,-0.048010602593421936
gp_latent_4,464,-0.048598404973745346
gp_latent_4,465,-0.015879644080996513
gp_latent_4,466,0.07582259178161621
gp_latent_4,467,-0.08373837918043137
gp_latent_4,468,-0.07792256772518158
gp_latent_4,469,-0.09151613712310791
gp_latent_4,470,0.014833049848675728
gp_latent_4,471,-0.06259291619062424
gp_latent_4,472,-0.015469741076231003
gp_latent_4,473,0.003440176136791706
gp_latent_4,474,-0.06351607292890549
gp_latent_4,475,-0.06953787058591843
gp_latent_4,476,0.0062172142788767815
gp_latent_4,477,-0.05067448318004608
gp_latent_4,478,0.05930669233202934
gp_latent_4,479,0.06170160323381424
gp_latent_4,480,0.01629621535539627
gp_latent_4,481,-0.003231265814974904
gp_latent_4,482,0.009760269895195961
gp_latent_4,483,0.016907578334212303
gp_latent_4,484,0.0001041637733578682
gp_latent_4,485,-0.013993922621011734
gp_latent_4,486,-0.07096996158361435
gp_latent_4,487,-0.07468461990356445
gp_latent_4,488,0.0051452359184622765
gp_latent_4,489,-0.05397886410355568
gp_latent_4,490,-0.06226887181401253
gp_latent_4,491,-0.036750536412000656
gp_latent_4,492,0.06162630766630173
gp_latent_4,493,0.0735957995057106
gp_latent_4,494,0.03609953820705414
gp_latent_4,495,0.07571882009506226
gp_latent_4,496,0.06204020604491234
gp_latent_4,497,0.0590512789785862
gp_latent_4,498,0.06305152177810669
gp_latent_4,499,0.06919989734888077
gp_latent_4,500,-0.007216328289359808
gp_latent_4,501,-0.007486435119062662
gp_latent_4,502,4.7805486246943474e-05
gp_latent_4,503,-0.002020340645685792
gp_latent_4,504,0.03735389932990074
gp_latent_4,505,-0.05481090396642685
gp_latent_4,506,-0.05787849426269531
gp_latent_4,507,-0.04123473912477493
gp_latent_4,508,-0.08835375308990479
gp_latent_4,509,-0.001240184297785163
gp_latent_4,510,-0.052940625697374344
gp_latent_4,511,-0.005639947019517422
gp_latent_4,512,-0.00752632599323988
gp_latent_4,513,0.017313821241259575
gp_latent_4,514,0.007229600101709366
gp_latent_4,515,-0.018527302891016006
gp_latent_4,516,-0.00210098666138947
gp_latent_4,517,-0.010473635978996754
gp_latent_4,518,0.0036778422072529793
gp_latent_4,519,-0.011585565283894539
gp_latent_4,520,-0.02841651253402233
gp_latent_4,521,-0.030824948102235794
gp_latent_4,522,-0.013184428215026855
gp_latent_4,523,-0.003559836884960532
gp_latent_4,524,0.00733233941718936
gp_latent_4,525,-0.09521231055259705
gp_latent_4,526,-0.09867538511753082
gp_latent_4,527,0.04512033611536026
gp_latent_4,528,0.027622252702713013
gp_latent_4,529,-0.018497876822948456
gp_latent_4,530,-0.00911233015358448
gp_latent_4,531,-0.022882526740431786
gp_latent_4,532,-0.039141908288002014
gp_latent_4,533,0.006378570571541786
gp_latent_4,534,-0.005780818406492472
gp_latent_4,535,-0.023876620456576347
gp_latent_4,536,-0.033038318157196045
gp_latent_4,537,-0.0734560415148735
gp_latent_4,538,-0.02406247705221176
gp_latent_4,539,-0.11857293546199799
gp_latent_4,540,-0.06329963356256485
gp_latent_4,541,-0.08019854128360748
gp_latent_4,542,-0.08299849182367325
gp_latent_4,543,-0.10432901978492737
gp_latent_4,544,-0.012711483053863049
gp_latent_4,545,-0.0017170552164316177
gp_latent_4,546,-0.003172053024172783
gp_latent_4,547,-0.0035594338551163673
gp_latent_4,548,0.005196314305067062
gp_latent_4,549,0.011024288833141327
gp_latent_4,550,0.005547905806452036
gp_latent_4,551,-0.012698696926236153
gp_latent_4,552,-0.08417818695306778
gp_latent_4,553,-0.08846743404865265
gp_latent_4,554,0.025587908923625946
gp_latent_4,555,0.03131655231118202
gp_latent_4,556,0.03585931658744812
gp_latent_4,557,0.02301432564854622
gp_latent_4,558,0.03324795514345169
gp_latent_4,559,0.017722319811582565
gp_latent_4,560,0.028433887287974358
gp_latent_4,561,0.03771655261516571
gp_latent_4,562,0.03553297743201256
gp_latent_4,563,0.0495247058570385
gp_latent_4,564,0.03549225628376007
gp_latent_4,565,0.03125547617673874
gp_latent_4,566,0.034039825201034546
gp_latent_4,567,0.03406662866473198
gp_latent_4,568,0.031826987862586975
gp_latent_4,569,0.05866614356637001
gp_latent_4,570,0.04029953479766846
gp_latent_4,571,0.021948298439383507
gp_latent_4,572,0.0450325571000576
gp_latent_4,573,0.024688202887773514
gp_latent_4,574,0.026845550164580345
gp_latent_4,575,-0.036414239555597305
gp_latent_4,576,-0.020883487537503242
gp_latent_4,577,-0.006609478034079075
gp_latent_4,578,-0.01604737713932991
gp_latent_4,579,-0.018849914893507957
gp_latent_4,580,-0.009097320958971977
gp_latent_4,581,-0.021931897848844528
gp_latent_4,582,0.00018471386283636093
gp_latent_4,583,0.00032335257856175303
gp_latent_4,584,0.0047224462032318115
gp_latent_4,585,-0.09061798453330994
gp_latent_4,586,0.03361639007925987
gp_latent_4,587,0.039359237998723984
gp_latent_4,588,0.03421588987112045
gp_latent_4,589,-0.010864011943340302
gp_latent_4,590,-0.01426686905324459
gp_latent_4,591,0.04124760255217552
gp_latent_4,592,-0.027860911563038826
gp_latent_4,593,0.006445278413593769
gp_latent_4,594,0.011906103231012821
gp_latent_4,595,0.0131334587931633
gp_latent_4,596,0.010210350155830383
gp_latent_4,597,-0.004850049037486315
gp_latent_4,598,-0.0062325275503098965
gp_latent_4,599,-0.016042528674006462
gp_latent_4,600,-0.00999088492244482
gp_latent_4,601,-0.02365858294069767
gp_latent_4,602,-0.12640433013439178
gp_latent_4,603,-0.13497887551784515
gp_latent_4,604,-0.13577833771705627
gp_latent_4,605,-0.12232097238302231
gp_latent_4,606,-0.14512012898921967
gp_latent_4,607,-0.13483953475952148
gp_latent_4,608,-0.12016815692186356
gp_latent_4,609,-0.10381866991519928
gp_latent_4,610,-0.12698468565940857
gp_latent_4,611,-0.1329566091299057
gp_latent_4,612,-0.030849788337945938
gp_latent_4,613,-0.01812148094177246
gp_latent_4,614,-0.022621577605605125
gp_latent_4,615,-0.03992488607764244
gp_latent_4,616,-0.032235272228717804
gp_latent_4,617,-0.041374072432518005
gp_latent_4,618,-0.06628866493701935
gp_latent_4,619,-0.07103978097438812
gp_latent_4,620,-0.08329412341117859
gp_latent_4,621,-0.06146657094359398
gp_latent_4,622,-0.05775260180234909
gp_latent_4,623,-0.060250334441661835
gp_latent_4,624,-0.011089606210589409
gp_latent_4,625,-0.1257743090391159
gp_latent_4,626,-0.13696031272411346
gp_latent_4,627,-0.1320892572402954
gp_latent_4,628,-0.05798250809311867
gp_latent_4,629,-0.06720805913209915
gp_latent_4,630,-0.06466396152973175
gp_latent_4,631,-0.06749121099710464
gp_latent_4,632,0.05553083494305611
gp_latent_4,633,-0.08605262637138367
gp_latent_4,634,0.0018147301161661744
gp_latent_4,635,0.042905084788799286
gp_latent_4,636,0.044357139617204666
gp_latent_4,637,0.03532221168279648
gp_latent_4,638,-0.033194154500961304
gp_latent_4,639,0.026630647480487823
gp_latent_4,640,0.015878181904554367
gp_latent_4,641,-0.02303244359791279
gp_latent_4,642,-0.03001350350677967
gp_latent_4,643,0.017083315178751945
gp_latent_4,644,-0.002680284669622779
gp_latent_4,645,-0.029123567044734955
gp_latent_4,646,-0.03527786582708359
gp_latent_4,647,-0.03401016816496849
gp_latent_4,648,-0.12336007505655289
gp_latent_4,649,-0.1163884699344635
gp_latent_4,650,-0.10778497904539108
gp_latent_4,651,-0.1305191069841385
gp_latent_4,652,-0.1195407286286354
gp_latent_4,653,-0.1281239092350006
gp_latent_4,654,-0.0695372149348259
gp_latent_4,655,-0.07612847536802292
gp_latent_4,656,-0.12931950390338898
gp_latent_4,657,-0.12345093488693237
gp_latent_4,658,-0.01114141196012497
gp_latent_4,659,-0.01826103962957859
gp_latent_4,660,-0.047404710203409195
gp_latent_4,661,-0.02460762858390808
gp_latent_4,662,-0.004040513187646866
gp_latent_4,663,-0.026735477149486542
gp_latent_4,664,-0.11644469946622849
gp_latent_4,665,0.0041548460721969604
gp_latent_4,666,0.003105992916971445
gp_latent_4,667,-0.13168931007385254
gp_latent_4,668,-0.1414802372455597
gp_latent_4,669,0.008634643629193306
gp_latent_4,670,-0.04523588716983795
gp_latent_4,671,-0.09421328455209732
gp_latent_4,672,-0.09674990922212601
gp_latent_4,673,-0.09721503406763077
gp_latent_4,674,-0.012582608498632908
gp_latent_4,675,0.004512384068220854
gp_latent_4,676,-0.0127353360876441
gp_latent_4,677,0.007232069969177246
gp_latent_4,678,-0.08419112116098404
gp_latent_4,679,0.0316966250538826
gp_latent_4,680,0.03173360973596573
gp_latent_4,681,0.024599405005574226
gp_latent_4,682,0.034659530967473984
gp_latent_4,683,0.030976375564932823
gp_latent_4,684,0.0492548868060112
gp_latent_4,685,0.027438944205641747
gp_latent_4,686,0.020113881677389145
gp_latent_4,687,0.03420337289571762
gp_latent_4,688,0.035476744174957275
gp_latent_4,689,0.04187428206205368
gp_latent_4,690,-0.02740267664194107
gp_latent_4,691,-0.011087691411376
gp_latent_4,692,-0.029231924563646317
gp_latent_4,693,-0.028644300997257233
gp_latent_4,694,-0.03894501179456711
gp_latent_4,695,-0.02067440189421177
gp_latent_4,696,-0.015092546120285988
gp_latent_4,697,-0.020084736868739128
gp_latent_4,698,-0.01089965458959341
gp_latent_4,699,-0.02910574898123741
gp_latent_4,700,-0.00869860127568245
gp_latent_4,701,0.0034340359270572662
gp_latent_4,702,-0.08246396481990814
gp_latent_4,703,-0.0035919337533414364
gp_latent_4,704,0.04063049703836441
gp_latent_4,705,0.0381479412317276
gp_latent_4,706,0.045462943613529205
gp_latent_4,707,0.025795599445700645
gp_latent_4,708,0.03666851297020912
gp_latent_4,709,0.002158792456611991
gp_latent_4,710,0.0076573509722948074
gp_latent_4,711,-0.05243447422981262
gp_latent_4,712,-0.045815609395504
gp_latent_4,713,-0.049841541796922684
gp_latent_4,714,-0.04347149655222893
gp_latent_4,715,0.05153128504753113
gp_latent_4,716,-0.02243952453136444
gp_latent_4,717,-0.13517065346240997
gp_latent_4,718,-0.13412073254585266
gp_latent_4,719,-0.1229337528347969
gp_latent_4,720,-0.13755173981189728
gp_latent_4,721,-0.11953037232160568
gp_latent_4,722,-0.10449567437171936
gp_latent_4,723,-0.1275959461927414
gp_latent_4,724,-0.012155663222074509
gp_latent_4,725,-0.0734199658036232
gp_latent_4,726,-0.07428208738565445
gp_latent_4,727,-0.05725298076868057
gp_latent_4,728,-0.05674511939287186
gp_latent_4,729,-0.03219284489750862
gp_latent_4,730,-0.10209105908870697
gp_latent_4,731,-0.030584337189793587
gp_latent_4,732,-0.08895018696784973
gp_latent_4,733,0.02922913059592247
gp_latent_4,734,0.02294676937162876
gp_latent_4,735,-0.025345342233777046
gp_latent_4,736,0.033905867487192154
gp_latent_4,737,-0.12559545040130615
gp_latent_4,738,-0.0628301128745079
gp_latent_4,739,0.03938918933272362
gp_latent_4,740,-0.0043830410577356815
gp_latent_4,741,0.05479155853390694
gp_latent_4,742,-0.03779175505042076
gp_latent_4,743,-0.08450276404619217
gp_latent_4,744,-0.03490656241774559
gp_latent_4,745,0.07093338668346405
gp_latent_4,746,0.05123620852828026
gp_latent_4,747,0.07766609638929367
gp_latent_4,748,-0.016186987981200218
gp_latent_4,749,-0.03851476311683655
gp_latent_4,750,0.02192109078168869
gp_latent_4,751,-0.04453260079026222
gp_latent_4,752,0.011255860328674316
gp_latent_4,753,0.005363983102142811
gp_latent_4,754,-0.011208517476916313
gp_latent_4,755,-0.0066519747488200665
gp_latent_4,756,0.029453888535499573
gp_latent_4,757,0.028344063088297844
gp_latent_4,758,0.019482241943478584
gp_latent_4,759,0.024851247668266296
gp_latent_4,760,0.001560770790092647
gp_latent_4,761,-0.051557306200265884
gp_latent_4,762,0.0158329326659441
gp_latent_4,763,0.017348891124129295
gp_latent_4,764,-0.03597652167081833
gp_latent_4,765,-0.05285831168293953
gp_latent_4,766,-0.03276820480823517
gp_latent_4,767,-0.03881659731268883
gp_latent_4,768,0.0013731205835938454
gp_latent_4,769,-0.10014297068119049
gp_latent_4,770,-0.08787347376346588
gp_latent_4,771,-0.03117234818637371
gp_latent_4,772,-0.022109737619757652
gp_latent_4,773,0.01819184608757496
gp_latent_4,774,0.06472887843847275
gp_latent_4,775,0.05510073900222778
gp_latent_4,776,-0.01725621335208416
gp_latent_4,777,-0.09877689927816391
gp_latent_4,778,0.03232479467988014
gp_latent_4,779,0.001996304839849472
gp_latent_4,780,-0.012065744027495384
gp_latent_4,781,-0.02506197988986969
gp_latent_4,782,-0.024545559659600258
gp_latent_4,783,-0.039563827216625214
gp_latent_4,784,-0.026952296495437622
gp_latent_4,785,0.026081878691911697
gp_latent_4,786,0.026150062680244446
gp_latent_4,787,0.007268236950039864
gp_latent_4,788,0.03386177122592926
gp_latent_4,789,0.0565950982272625
gp_latent_4,790,0.04743415489792824
gp_latent_4,791,0.05080258473753929
gp_latent_4,792,0.06004737317562103
gp_latent_4,793,0.0030522148590534925
gp_latent_4,794,0.0013462069910019636
gp_latent_4,795,0.04360728710889816
gp_latent_4,796,-0.03440922871232033
gp_latent_4,797,0.0025776964612305164
gp_latent_4,798,-0.015473789535462856
gp_latent_4,799,0.01885792426764965
gp_latent_4,800,0.04442866891622543
gp_latent_4,801,0.04082020744681358
gp_latent_4,802,0.0507359616458416
gp_latent_4,803,0.005753969773650169
gp_latent_4,804,-0.01191801205277443
gp_latent_4,805,0.07628219574689865
gp_latent_4,806,0.015167949721217155
gp_latent_4,807,0.02750210464000702
gp_latent_4,808,-0.059458840638399124
gp_latent_4,809,-0.05257594212889671
gp_latent_4,810,-0.07072728872299194
gp_latent_4,811,0.07635495066642761
gp_latent_4,812,0.07911863923072815
gp_latent_4,813,0.010886517353355885
gp_latent_4,814,0.0007751600351184607
gp_latent_4,815,0.011180547997355461
gp_latent_4,816,-0.014903542585670948
gp_latent_4,817,-0.016504231840372086
gp_latent_4,818,0.020795483142137527
gp_latent_4,819,-0.05512058734893799
gp_latent_4,820,-0.053534235805273056
gp_latent_4,821,-0.05035872012376785
gp_latent_4,822,-0.06343474984169006
gp_latent_4,823,0.0530700758099556
gp_latent_4,824,0.0028683748096227646
gp_latent_4,825,0.020643183961510658
gp_latent_4,826,-0.006039356347173452
gp_latent_4,827,0.004653105977922678
gp_latent_4,828,-0.03749079629778862
gp_latent_4,829,-0.03336958959698677
gp_latent_4,830,0.010278222151100636
gp_latent_4,831,-0.01192369032651186
gp_latent_4,832,-0.007719125598669052
gp_latent_4,833,-0.06201045587658882
gp_latent_4,834,-0.03898859769105911
gp_latent_4,835,-0.03595907241106033
gp_latent_4,836,-0.060798875987529755
gp_latent_4,837,-0.027332613244652748
gp_latent_4,838,-0.040095195174217224
gp_latent_4,839,-0.05548061430454254
gp_latent_4,840,0.0032212771475315094
gp_latent_4,841,0.01925460435450077
gp_latent_4,842,-0.024890661239624023
gp_latent_4,843,-0.04442988336086273
gp_latent_4,844,0.016838591545820236
gp_latent_4,845,0.0469459667801857
gp_latent_4,846,-0.0035590806510299444
gp_latent_4,847,4.923029337078333e-05
gp_latent_4,848,0.011942650191485882
gp_latent_4,849,-0.004127325490117073
gp_latent_4,850,-0.09747195243835449
gp_latent_4,851,-0.10887756943702698
gp_latent_4,852,-0.04370201751589775
gp_latent_4,853,0.027204224839806557
gp_latent_4,854,0.02434510737657547
gp_latent_4,855,0.025649419054389
gp_latent_4,856,-0.01608671247959137
gp_latent_4,857,-0.036259278655052185
gp_latent_4,858,0.03068665787577629
gp_latent_4,859,0.06566330790519714
gp_latent_4,860,0.05523965135216713
gp_latent_4,861,0.06035904958844185
gp_latent_4,862,0.05069652944803238
gp_latent_4,863,0.036027371883392334
gp_latent_4,864,0.013811632059514523
gp_latent_4,865,-0.1062706857919693
gp_latent_4,866,-0.02463679015636444
gp_latent_4,867,-0.024152884259819984
gp_latent_4,868,0.011365384794771671
gp_latent_4,869,0.03647973760962486
gp_latent_4,870,0.0297161303460598
gp_latent_4,871,0.05571730062365532
gp_latent_4,872,-0.027597539126873016
gp_latent_4,873,-0.03523966670036316
gp_latent_4,874,0.03393907472491264
gp_latent_4,875,-0.04592660441994667
gp_latent_4,876,0.037038449198007584
gp_latent_4,877,-0.006829407531768084
gp_latent_4,878,-0.06943071633577347
gp_latent_4,879,0.05676499381661415
gp_latent_4,880,0.0066318204626441
gp_latent_4,881,0.04633604735136032
gp_latent_4,882,-0.021175773814320564
gp_latent_4,883,0.026049654930830002
gp_latent_4,884,0.0402313694357872
gp_latent_4,885,0.007406684570014477
gp_latent_4,886,-0.0051841335371136665
gp_latent_4,887,0.03591618686914444
gp_latent_4,888,0.06595703214406967
gp_latent_4,889,0.02016279101371765
gp_latent_4,890,0.05133723095059395
gp_latent_4,891,0.065127432346344
gp_latent_4,892,0.05572615563869476
gp_latent_4,893,0.03950699046254158
gp_latent_4,894,0.04431649297475815
gp_latent_4,895,0.00882656965404749
gp_latent_4,896,0.06613287329673767
gp_latent_4,897,-0.046380702406167984
gp_latent_4,898,0.07114269584417343
gp_latent_4,899,-0.05511992797255516
gp_latent_4,900,-0.026045680046081543
gp_latent_4,901,-0.02906753122806549
gp_latent_4,902,0.02485102042555809
gp_latent_4,903,-0.007527006324380636
gp_latent_4,904,0.055645812302827835
gp_latent_4,905,0.05796414613723755
gp_latent_4,906,0.05593954771757126
gp_latent_4,907,0.046553414314985275
gp_latent_4,908,0.054378703236579895
gp_latent_4,909,0.04319273680448532
gp_latent_4,910,0.016152482479810715
gp_latent_4,911,-0.06086248904466629
gp_latent_4,912,-0.0468662865459919
gp_latent_4,913,-0.029291125014424324
gp_latent_4,914,0.013821735978126526
gp_latent_4,915,0.055672381073236465
gp_latent_4,916,-0.046732742339372635
gp_latent_4,917,0.06593908369541168
gp_latent_4,918,0.03504019230604172
gp_latent_4,919,0.03543487936258316
gp_latent_4,920,0.02065504901111126
gp_latent_4,921,0.030077997595071793
gp_latent_4,922,0.04738614335656166
gp_latent_4,923,0.03353322297334671
gp_latent_4,924,0.014766749925911427
gp_latent_4,925,0.02590503916144371
gp_latent_4,926,-0.014101897366344929
gp_latent_4,927,-0.0029446715489029884
gp_latent_4,928,0.017651140689849854
gp_latent_4,929,0.06721875071525574
gp_latent_4,930,0.09464210271835327
gp_latent_4,931,-0.026720939204096794
gp_latent_4,932,0.06076196953654289
gp_latent_4,933,0.04729846492409706
gp_latent_4,934,0.04187960922718048
gp_latent_4,935,0.018800966441631317
gp_latent_4,936,-0.03317815065383911
gp_latent_4,937,-0.01685177907347679
gp_latent_4,938,0.03505720943212509
gp_latent_4,939,-0.0559278279542923
gp_latent_4,940,0.039209410548210144
gp_latent_4,941,0.015615246258676052
gp_latent_4,942,0.036340415477752686
gp_latent_4,943,0.031453557312488556
gp_latent_4,944,-0.05265377461910248
gp_latent_4,945,0.03675773739814758
gp_latent_4,946,0.002614392898976803
gp_latent_4,947,0.08159845322370529
gp_latent_4,948,-0.031170804053544998
gp_latent_4,949,0.009539103135466576
gp_latent_5,0,-0.04029562696814537
gp_latent_5,1,0.03449094668030739
gp_latent_5,2,0.01876659132540226
gp_latent_5,3,0.012807381339371204
gp_latent_5,4,0.01094722282141447
gp_latent_5,5,0.02806635946035385
gp_latent_5,6,4.7283247113227844e-05
gp_latent_5,7,0.03165830671787262
gp_latent_5,8,0.012773057445883751
gp_latent_5,9,0.027386076748371124
gp_latent_5,10,-0.01842840202152729
gp_latent_5,11,0.0008520628325641155
gp_latent_5,12,0.0310762207955122
gp_latent_5,13,0.0587950199842453
gp_latent_5,14,0.04837089404463768
gp_latent_5,15,-0.03319099545478821
gp_latent_5,16,0.04498020559549332
gp_latent_5,17,0.01374394353479147
gp_latent_5,18,0.05120905861258507
gp_latent_5,19,-0.0019177075009793043
gp_latent_5,20,0.03621963411569595
gp_latent_5,21,0.016406605020165443
gp_latent_5,22,0.021923644468188286
gp_latent_5,23,0.046047721058130264
gp_latent_5,24,0.004002474248409271
gp_latent_5,25,0.008859068155288696
gp_latent_5,26,-0.03047635406255722
gp_latent_5,27,0.0010027578100562096
gp_latent_5,28,0.002490133047103882
gp_latent_5,29,-0.03190663456916809
gp_latent_5,30,0.03160906955599785
gp_latent_5,31,-0.01301492191851139
gp_latent_5,32,0.007191925775259733
gp_latent_5,33,-0.006295153871178627
gp_latent_5,34,-0.02306826040148735
gp_latent_5,35,-0.031376130878925323
gp_latent_5,36,-0.02485623024404049
gp_latent_5,37,0.08972875028848648
gp_latent_5,38,-0.014973648823797703
gp_latent_5,39,0.005365700926631689
gp_latent_5,40,-0.00836789608001709
gp_latent_5,41,-0.00829017162322998
gp_latent_5,42,-0.04254431277513504
gp_latent_5,43,0.07345731556415558
gp_latent_5,44,-0.0003139255568385124
gp_latent_5,45,0.004571881145238876
gp_latent_5,46,-0.038962241262197495
gp_latent_5,47,0.009226835332810879
gp_latent_5,48,-0.024330753833055496
gp_latent_5,49,-0.0003117206506431103
gp_latent_5,50,-0.008187225088477135
gp_latent_5,51,-0.024344559758901596
gp_latent_5,52,0.05896008014678955
gp_latent_5,53,0.0453166626393795
gp_latent_5,54,0.01749301329255104
gp_latent_5,55,0.04423188790678978
gp_latent_5,56,0.021605391055345535
gp_latent_5,57,0.011034023948013783
gp_latent_5,58,0.042180053889751434
gp_latent_5,59,-0.005124093033373356
gp_latent_5,60,-0.010416591539978981
gp_latent_5,61,-0.013973567634820938
gp_latent_5,62,-0.012120915576815605
gp_latent_5,63,-0.006082911975681782
gp_latent_5,64,-0.014901801943778992
gp_latent_5,65,-0.01847238652408123
gp_latent_5,66,0.06277500838041306
gp_latent_5,67,0.002552146092057228
gp_latent_5,68,-0.004045644775032997
gp_latent_5,69,-0.017943983897566795
gp_latent_5,70,-0.02543659321963787
gp_latent_5,71,-0.032204583287239075
gp_latent_5,72,0.0007385509088635445
gp_latent_5,73,-0.011809954419732094
gp_latent_5,74,-0.007287012413144112
gp_latent_5,75,-0.06432447582483292
gp_latent_5,76,-0.05621962621808052
gp_latent_5,77,-0.04195967689156532
gp_latent_5,78,-0.046191416680812836
gp_latent_5,79,-0.006483913399279118
gp_latent_5,80,-0.045450881123542786
gp_latent_5,81,-0.008922941982746124
gp_latent_5,82,-0.014188773930072784
gp_latent_5,83,0.051240477710962296
gp_latent_5,84,0.0018737823702394962
gp_latent_5,85,0.02107206918299198
gp_latent_5,86,-0.026653405278921127
gp_latent_5,87,-0.05161784961819649
gp_latent_5,88,-0.0029449891299009323
gp_latent_5,89,0.005907854065299034
gp_latent_5,90,0.016479680314660072
gp_latent_5,91,-0.011207636445760727
gp_latent_5,92,0.013047547079622746
gp_latent_5,93,-0.012478472664952278
gp_latent_5,94,-0.02328307554125786
gp_latent_5,95,-0.022356873378157616
gp_latent_5,96,0.0204344280064106
gp_latent_5,97,0.011171046644449234
gp_latent_5,98,0.013970622792840004
gp_latent_5,99,0.00046148081310093403
gp_latent_5,100,-0.014197727665305138
gp_latent_5,101,-0.05512678250670433
gp_latent_5,102,-0.03285778686404228
gp_latent_5,103,0.003139959182590246
gp_latent_5,104,-0.020311549305915833
gp_latent_5,105,-0.014945936389267445
gp_latent_5,106,0.012382125481963158
gp_latent_5,107,0.00468997610732913
gp_latent_5,108,-0.03231208026409149
gp_latent_5,109,-0.017057018354535103
gp_latent_5,110,-0.028956592082977295
gp_latent_5,111,-0.04179010167717934
gp_latent_5,112,-0.011836019344627857
gp_latent_5,113,-0.009566081687808037
gp_latent_5,114,-0.004660601262003183
gp_latent_5,115,0.0006891190423630178
gp_latent_5,116,-0.01434097159653902
gp_latent_5,117,-0.0016215478535741568
gp_latent_5,118,0.0016346537740901113
gp_latent_5,119,0.00037281238473951817
gp_latent_5,120,0.00047800433821976185
gp_latent_5,121,0.026931926608085632
gp_latent_5,122,0.010045069269835949
gp_latent_5,123,-0.02202560007572174
gp_latent_5,124,0.00871117040514946
gp_latent_5,125,-0.05404125526547432
gp_latent_5,126,-0.012079881504178047
gp_latent_5,127,0.020766668021678925
gp_latent_5,128,0.005704134702682495
gp_latent_5,129,-0.01041717641055584
gp_latent_5,130,0.019372135400772095
gp_latent_5,131,-0.005106663331389427
gp_latent_5,132,0.006342901848256588
gp_latent_5,133,-0.023632723838090897
gp_latent_5,134,-0.04884615167975426
gp_latent_5,135,-0.02687191590666771
gp_latent_5,136,0.012562059797346592
gp_latent_5,137,-0.023116104304790497
gp_latent_5,138,0.011036766692996025
gp_latent_5,139,-0.004927003290504217
gp_latent_5,140,0.012546283192932606
gp_latent_5,141,-0.008082992397248745
gp_latent_5,142,-0.010977428406476974
gp_latent_5,143,0.0006955922581255436
gp_latent_5,144,-0.06702013313770294
gp_latent_5,145,-0.028867773711681366
gp_latent_5,146,-0.03098371997475624
gp_latent_5,147,-0.021777495741844177
gp_latent_5,148,0.007924164645373821
gp_latent_5,149,0.011161920614540577
gp_latent_5,150,-0.003917314112186432
gp_latent_5,151,0.019762298092246056
gp_latent_5,152,-0.0022146403789520264
gp_latent_5,153,0.008691099472343922
gp_latent_5,154,-0.0032443495001643896
gp_latent_5,155,0.0301542729139328
gp_latent_5,156,-0.008108875714242458
gp_latent_5,157,-0.01634458638727665
gp_latent_5,158,0.0060776593163609505
gp_latent_5,159,0.010275999084115028
gp_latent_5,160,-0.01635972037911415
gp_latent_5,161,0.035022590309381485
gp_latent_5,162,-0.04284846410155296
gp_latent_5,163,-0.043215908110141754
gp_latent_5,164,0.011790231801569462
gp_latent_5,165,0.00900644063949585
gp_latent_5,166,-0.002089966554194689
gp_latent_5,167,-0.03267897665500641
gp_latent_5,168,0.01346251368522644
gp_latent_5,169,-0.01634637825191021
gp_latent_5,170,0.025272756814956665
gp_latent_5,171,0.011521979235112667
gp_latent_5,172,-0.009367409162223339
gp_latent_5,173,0.004399441182613373
gp_latent_5,174,0.013576080091297626
gp_latent_5,175,-0.01315702497959137
gp_latent_5,176,-0.051871687173843384
gp_latent_5,177,0.004856835585087538
gp_latent_5,178,0.003440359141677618
gp_latent_5,179,-0.02427443489432335
gp_latent_5,180,-0.04794953018426895
gp_latent_5,181,-0.05016773194074631
gp_latent_5,182,-0.03475221246480942
gp_latent_5,183,-0.0031760074198246002
gp_latent_5,184,0.00045934529043734074
gp_latent_5,185,0.0035910415463149548
gp_latent_5,186,-0.03187760338187218
gp_latent_5,187,0.10160466283559799
gp_latent_5,188,-0.0032581943087279797
gp_latent_5,189,-0.006625274661928415
gp_latent_5,190,0.039547309279441833
gp_latent_5,191,0.04044653847813606
gp_latent_5,192,0.03567895665764809
gp_latent_5,193,0.03921341523528099
gp_latent_5,194,0.0017381280194967985
gp_latent_5,195,-0.02552848495543003
gp_latent_5,196,0.04633888229727745
gp_latent_5,197,-0.0070196352899074554
gp_latent_5,198,-0.002077413024380803
gp_latent_5,199,0.03219103813171387
gp_latent_5,200,0.08842518925666809
gp_latent_5,201,-0.0070005664601922035
gp_latent_5,202,0.01308407261967659
gp_latent_5,203,0.004322009161114693
gp_latent_5,204,-0.009325740858912468
gp_latent_5,205,0.01660204492509365
gp_latent_5,206,-0.0003955019637942314
gp_latent_5,207,-0.008259793743491173
gp_latent_5,208,-0.005445706658065319
gp_latent_5,209,0.018165823072195053
gp_latent_5,210,-0.010596076026558876
gp_latent_5,211,0.018135128542780876
gp_latent_5,212,0.004317417740821838
gp_latent_5,213,0.005861091427505016
gp_latent_5,214,-0.017935071140527725
gp_latent_5,215,-0.04454733431339264
gp_latent_5,216,-0.0058914367109537125
gp_latent_5,217,0.1029612272977829
gp_latent_5,218,-0.005339216440916061
gp_latent_5,219,0.003949566278606653
gp_latent_5,220,-0.04727823659777641
gp_latent_5,221,-0.0479319766163826
gp_latent_5,222,-0.008781619369983673
gp_latent_5,223,-0.012607173062860966
gp_latent_5,224,-0.023127788677811623
gp_latent_5,225,0.004549168050289154
gp_latent_5,226,0.010776614770293236
gp_latent_5,227,-0.019037693738937378
gp_latent_5,228,-0.01794527843594551
gp_latent_5,229,-0.014785883016884327
gp_latent_5,230,0.03104657307267189
gp_latent_5,231,0.04416107013821602
gp_latent_5,232,-0.01665518805384636
gp_latent_5,233,0.019849365577101707
gp_latent_5,234,-0.008343222551047802
gp_latent_5,235,-0.028104353696107864
gp_latent_5,236,0.038006607443094254
gp_latent_5,237,0.005201010033488274
gp_latent_5,238,-0.018092945218086243
gp_latent_5,239,-0.00234273262321949
gp_latent_5,240,0.06085915118455887
gp_latent_5,241,0.061188824474811554
gp_latent_5,242,0.04242968559265137
gp_latent_5,243,-0.06565859913825989
gp_latent_5,244,-0.07205833494663239
gp_latent_5,245,-0.08077054470777512
gp_latent_5,246,0.057457730174064636
gp_latent_5,247,-0.0033375027123838663
gp_latent_5,248,-0.014307774603366852
gp_latent_5,249,-0.0039275651797652245
gp_latent_5,250,-0.018961923196911812
gp_latent_5,251,-0.013141876086592674
gp_latent_5,252,0.012528674677014351
gp_latent_5,253,0.006025295704603195
gp_latent_5,254,0.01340852864086628
gp_latent_5,255,0.01108955591917038
gp_latent_5,256,0.031860824674367905
gp_latent_5,257,-0.005552938673645258
gp_latent_5,258,0.06511850655078888
gp_latent_5,259,0.060471292585134506
gp_latent_5,260,0.05691184103488922
gp_latent_5,261,-0.004677330143749714
gp_latent_5,262,0.0006484788027592003
gp_latent_5,263,-0.06341078877449036
gp_latent_5,264,-0.005534929223358631
gp_latent_5,265,-0.010953147895634174
gp_latent_5,266,-0.009197420440614223
gp_latent_5,267,0.007660336326807737
gp_latent_5,268,-0.007022581994533539
gp_latent_5,269,0.02195262536406517
gp_latent_5,270,-0.0014612656086683273
gp_latent_5,271,0.00284753879532218
gp_latent_5,272,0.0006887370254844427
gp_latent_5,273,0.020728273317217827
gp_latent_5,274,0.011018646880984306
gp_latent_5,275,0.016539692878723145
gp_latent_5,276,-0.009064625017344952
gp_latent_5,277,-0.007415539585053921
gp_latent_5,278,0.028423989191651344
gp_latent_5,279,0.04902786761522293
gp_latent_5,280,0.008038702420890331
gp_latent_5,281,0.018100596964359283
gp_latent_5,282,0.0050178468227386475
gp_latent_5,283,0.034079764038324356
gp_latent_5,284,0.01881483569741249
gp_latent_5,285,0.019769681617617607
gp_latent_5,286,-0.005046907812356949
gp_latent_5,287,-0.0033884113654494286
gp_latent_5,288,0.021415729075670242
gp_latent_5,289,0.0037494779098778963
gp_latent_5,290,0.026289749890565872
gp_latent_5,291,0.014456302858889103
gp_latent_5,292,0.0029281452298164368
gp_latent_5,293,0.004938415251672268
gp_latent_5,294,-0.011534706689417362
gp_latent_5,295,0.025594351813197136
gp_latent_5,296,-0.004282840061932802
gp_latent_5,297,0.00511673279106617
gp_latent_5,298,0.04114481434226036
gp_latent_5,299,-0.0017907917499542236
gp_latent_5,300,-0.005599248223006725
gp_latent_5,301,0.015655307099223137
gp_latent_5,302,0.023333141580224037
gp_latent_5,303,-0.018886886537075043
gp_latent_5,304,0.02943076565861702
gp_latent_5,305,0.02404274232685566
gp_latent_5,306,-0.00875987857580185
gp_latent_5,307,0.006011031102389097
gp_latent_5,308,0.01729723811149597
gp_latent_5,309,-0.016158485785126686
gp_latent_5,310,0.012189670465886593
gp_latent_5,311,-0.017764894291758537
gp_latent_5,312,-0.02768201194703579
gp_latent_5,313,-0.013459824956953526
gp_latent_5,314,0.006284649018198252
gp_latent_5,315,-0.0004963490646332502
gp_latent_5,316,0.050162285566329956
gp_latent_5,317,-0.00122269697021693
gp_latent_5,318,0.06672398000955582
gp_latent_5,319,-0.02496914565563202
gp_latent_5,320,-0.016732987016439438
gp_latent_5,321,0.055988017469644547
gp_latent_5,322,-0.013905942440032959
gp_latent_5,323,0.05717429518699646
gp_latent_5,324,-0.02646535634994507
gp_latent_5,325,0.013218705542385578
gp_latent_5,326,0.02842380292713642
gp_latent_5,327,0.0030805098358541727
gp_latent_5,328,-0.01561309490352869
gp_latent_5,329,0.01403146144002676
gp_latent_5,330,0.004348093178123236
gp_latent_5,331,0.0128541961312294
gp_latent_5,332,-0.04796590656042099
gp_latent_5,333,-0.04356073960661888
gp_latent_5,334,-0.016531232744455338
gp_latent_5,335,-0.04424974322319031
gp_latent_5,336,0.008189301006495953
gp_latent_5,337,-0.0053839716129004955
gp_latent_5,338,-0.08021639287471771
gp_latent_5,339,0.06518208235502243
gp_latent_5,340,0.0020613621454685926
gp_latent_5,341,-0.016114506870508194
gp_latent_5,342,-0.006969930604100227
gp_latent_5,343,-0.00650490028783679
gp_latent_5,344,0.010380559600889683
gp_latent_5,345,0.052129633724689484
gp_latent_5,346,0.008349411189556122
gp_latent_5,347,0.01849973388016224
gp_latent_5,348,-0.02634989097714424
gp_latent_5,349,-0.02319706790149212
gp_latent_5,350,-0.004146500490605831
gp_latent_5,351,0.005683237221091986
gp_latent_5,352,-0.0212913379073143
gp_latent_5,353,-0.036811549216508865
gp_latent_5,354,0.028031712397933006
gp_latent_5,355,0.009354100562632084
gp_latent_5,356,0.021797260269522667
gp_latent_5,357,-0.01086373534053564
gp_latent_5,358,0.040671661496162415
gp_latent_5,359,0.04349958151578903
gp_latent_5,360,-0.037935711443424225
gp_latent_5,361,-0.00111051881685853
gp_latent_5,362,0.011511771939694881
gp_latent_5,363,0.010778077878057957
gp_latent_5,364,-0.01046459749341011
gp_latent_5,365,0.05984899774193764
gp_latent_5,366,0.005906463135033846
gp_latent_5,367,0.03465620428323746
gp_latent_5,368,0.017103051766753197
gp_latent_5,369,0.048684366047382355
gp_latent_5,370,-0.0387863963842392
gp_latent_5,371,-0.034025657922029495
gp_latent_5,372,0.007902362383902073
gp_latent_5,373,-0.011997474357485771
gp_latent_5,374,-0.0033474541269242764
gp_latent_5,375,-0.0444718562066555
gp_latent_5,376,-0.003311264794319868
gp_latent_5,377,-0.014268516562879086
gp_latent_5,378,0.010232549160718918
gp_latent_5,379,-0.0330345556139946
gp_latent_5,380,-0.02750535123050213
gp_latent_5,381,-0.03568202257156372
gp_latent_5,382,-0.028289396315813065
gp_latent_5,383,0.041829872876405716
gp_latent_5,384,-0.025743557140231133
gp_latent_5,385,-0.026131322607398033
gp_latent_5,386,-0.01819060929119587
gp_latent_5,387,-0.0272202230989933
gp_latent_5,388,-0.007193153258413076
gp_latent_5,389,-0.004601445980370045
gp_latent_5,390,-0.0042391205206513405
gp_latent_5,391,-0.04324471950531006
gp_latent_5,392,-0.023619482293725014
gp_latent_5,393,-0.02245277166366577
gp_latent_5,394,-0.010031819343566895
gp_latent_5,395,-0.007144349627196789
gp_latent_5,396,0.0361226461827755
gp_latent_5,397,0.011691912077367306
gp_latent_5,398,-0.006226780358701944
gp_latent_5,399,0.030190948396921158
gp_latent_5,400,-0.026072794571518898
gp_latent_5,401,-0.033058930188417435
gp_latent_5,402,-0.006644922308623791
gp_latent_5,403,-0.02665105275809765
gp_latent_5,404,-0.01436445489525795
gp_latent_5,405,-0.0057351477444171906
gp_latent_5,406,0.007621375843882561
gp_latent_5,407,-0.0012284424155950546
gp_latent_5,408,-0.0024841842241585255
gp_latent_5,409,0.0024939014110714197
gp_latent_5,410,0.0007354541448876262
gp_latent_5,411,0.033296920359134674
gp_latent_5,412,0.053522732108831406
gp_latent_5,413,-0.0283115953207016
gp_latent_5,414,-0.0050486009567976
gp_latent_5,415,-0.03254278376698494
gp_latent_5,416,0.007091620471328497
gp_latent_5,417,-0.002583049703389406
gp_latent_5,418,-0.015045255422592163
gp_latent_5,419,0.0033585543278604746
gp_latent_5,420,0.016793537884950638
gp_latent_5,421,0.0037638857029378414
gp_latent_5,422,-0.016035091131925583
gp_latent_5,423,-0.0021049685310572386
gp_latent_5,424,0.018795181065797806
gp_latent_5,425,0.002273464109748602
gp_latent_5,426,0.003612462431192398
gp_latent_5,427,-0.003436096478253603
gp_latent_5,428,-0.02230989746749401
gp_latent_5,429,0.0021702253725379705
gp_latent_5,430,0.05509168282151222
gp_latent_5,431,-0.03732834756374359
gp_latent_5,432,0.0017016890924423933
gp_latent_5,433,0.012613332830369473
gp_latent_5,434,0.06714104115962982
gp_latent_5,435,0.09829577803611755
gp_latent_5,436,0.008386461064219475
gp_latent_5,437,-0.001106569659896195
gp_latent_5,438,-0.05713547766208649
gp_latent_5,439,0.028495753183960915
gp_latent_5,440,0.03503904491662979
gp_latent_5,441,-0.04699798300862312
gp_latent_5,442,-0.03555256500840187
gp_latent_5,443,-0.05358228459954262
gp_latent_5,444,0.007829247042536736
gp_latent_5,445,0.06358341872692108
gp_latent_5,446,-0.027479927986860275
gp_latent_5,447,0.09614482522010803
gp_latent_5,448,0.09236301481723785
gp_latent_5,449,0.12036050111055374
gp_latent_5,450,0.0895015075802803
gp_latent_5,451,0.03520181030035019
gp_latent_5,452,0.0489707887172699
gp_latent_5,453,0.04443879798054695
gp_latent_5,454,0.038577232509851456
gp_latent_5,455,0.02295331098139286
gp_latent_5,456,0.11246240884065628
gp_latent_5,457,0.0388227142393589
gp_latent_5,458,0.0014267679071053863
gp_latent_5,459,0.006590076256543398
gp_latent_5,460,0.017857711762189865
gp_latent_5,461,-0.06741929799318314
gp_latent_5,462,-0.03949486091732979
gp_latent_5,463,-0.009930429048836231
gp_latent_5,464,-0.02913939580321312
gp_latent_5,465,-0.01708906888961792
gp_latent_5,466,0.125669464468956
gp_latent_5,467,0.0253145731985569
gp_latent_5,468,0.012389643117785454
gp_latent_5,469,-0.02847013995051384
gp_latent_5,470,0.005712244194000959
gp_latent_5,471,0.014175443910062313
gp_latent_5,472,0.03524748235940933
gp_latent_5,473,0.03413698077201843
gp_latent_5,474,0.000712263397872448
gp_latent_5,475,-0.04142777621746063
gp_latent_5,476,0.014803395606577396
gp_latent_5,477,-0.04407079145312309
gp_latent_5,478,-0.011320524848997593
gp_latent_5,479,0.11253145337104797
gp_latent_5,480,-0.008006363175809383
gp_latent_5,481,0.011084137484431267
gp_latent_5,482,0.04286007210612297
gp_latent_5,483,0.048091184347867966
gp_latent_5,484,0.039717745035886765
gp_latent_5,485,0.06258394569158554
gp_latent_5,486,-0.04620537906885147
gp_latent_5,487,-0.0472479984164238
gp_latent_5,488,0.013738617300987244
gp_latent_5,489,-0.04164806753396988
gp_latent_5,490,-0.024255525320768356
gp_latent_5,491,-0.0011550174094736576
gp_latent_5,492,0.09040103107690811
gp_latent_5,493,0.10778702795505524
gp_latent_5,494,0.11090114712715149
gp_latent_5,495,0.08011769503355026
gp_latent_5,496,0.12315979599952698
gp_latent_5,497,0.09905686229467392
gp_latent_5,498,0.09558657556772232
gp_latent_5,499,0.08968186378479004
gp_latent_5,500,0.015543820336461067
gp_latent_5,501,0.05762782320380211
gp_latent_5,502,0.02966223657131195
gp_latent_5,503,0.018674306571483612
gp_latent_5,504,0.026938874274492264
gp_latent_5,505,0.01887376792728901
gp_latent_5,506,0.006988408509641886
gp_latent_5,507,0.019260907545685768
gp_latent_5,508,0.038703035563230515
gp_latent_5,509,0.02597317285835743
gp_latent_5,510,0.004116721451282501
gp_latent_5,511,-0.003065515775233507
gp_latent_5,512,-0.01617460884153843
gp_latent_5,513,0.010737525299191475
gp_latent_5,514,0.015762370079755783
gp_latent_5,515,0.00557362288236618
gp_latent_5,516,-0.000315267127007246
gp_latent_5,517,-0.02552148699760437
gp_latent_5,518,-0.003985140006989241
gp_latent_5,519,-0.0028364709578454494
gp_latent_5,520,-0.027219511568546295
gp_latent_5,521,-0.03629065304994583
gp_latent_5,522,0.008417178876698017
gp_latent_5,523,0.02594924531877041
gp_latent_5,524,-0.00604279525578022
gp_latent_5,525,-0.011546279303729534
gp_latent_5,526,0.004574264399707317
gp_latent_5,527,0.0823521837592125
gp_latent_5,528,0.08948400616645813
gp_latent_5,529,0.02030513994395733
gp_latent_5,530,0.03438517078757286
gp_latent_5,531,0.038552094250917435
gp_latent_5,532,0.04982072114944458
gp_latent_5,533,0.021379675716161728
gp_latent_5,534,0.03179451823234558
gp_latent_5,535,-0.004272874910384417
gp_latent_5,536,-0.005408578086644411
gp_latent_5,537,0.02952779084444046
gp_latent_5,538,0.013043935410678387
gp_latent_5,539,0.01572570949792862
gp_latent_5,540,0.04662327468395233
gp_latent_5,541,-0.01965199038386345
gp_latent_5,542,-0.013533994555473328
gp_latent_5,543,0.00261263782158494
gp_latent_5,544,-0.008726528845727444
gp_latent_5,545,-0.030185502022504807
gp_latent_5,546,-0.006900177337229252
gp_latent_5,547,-0.018222009763121605
gp_latent_5,548,-0.009463873691856861
gp_latent_5,549,-0.021646156907081604
gp_latent_5,550,-0.0372360497713089
gp_latent_5,551,0.012685918249189854
gp_latent_5,552,0.0006378893740475178
gp_latent_5,553,0.010325606912374496
gp_latent_5,554,0.08431075513362885
gp_latent_5,555,0.08610770106315613
gp_latent_5,556,0.09276416152715683
gp_latent_5,557,0.08643420785665512
gp_latent_5,558,0.09198865294456482
gp_latent_5,559,0.09442893415689468
gp_latent_5,560,0.07568558305501938
gp_latent_5,561,0.07072517275810242
gp_latent_5,562,0.08677196502685547
gp_latent_5,563,0.08179612457752228
gp_latent_5,564,0.09417517483234406
gp_latent_5,565,0.09738193452358246
gp_latent_5,566,0.07766285538673401
gp_latent_5,567,0.08661006391048431
gp_latent_5,568,0.07332151383161545
gp_latent_5,569,0.09983456879854202
gp_latent_5,570,0.11029109358787537
gp_latent_5,571,0.09259258210659027
gp_latent_5,572,0.0811428502202034
gp_latent_5,573,0.07802373170852661
gp_latent_5,574,0.07667472958564758
gp_latent_5,575,0.03096449002623558
gp_latent_5,576,0.046158261597156525
gp_latent_5,577,0.036519914865493774
gp_latent_5,578,0.03268576040863991
gp_latent_5,579,0.0507449135184288
gp_latent_5,580,0.02358858846127987
gp_latent_5,581,0.021474307402968407
gp_latent_5,582,0.011296425014734268
gp_latent_5,583,-0.015650587156414986
gp_latent_5,584,-0.012710305862128735
gp_latent_5,585,-0.00542227691039443
gp_latent_5,586,0.10416033118963242
gp_latent_5,587,0.09808646887540817
gp_latent_5,588,0.08688550442457199
gp_latent_5,589,-0.031457822769880295
gp_latent_5,590,0.0334157720208168
gp_latent_5,591,0.09628186374902725
gp_latent_5,592,0.040368687361478806
gp_latent_5,593,-0.02127225324511528
gp_latent_5,594,0.08795706927776337
gp_latent_5,595,-3.848504275083542e-05
gp_latent_5,596,0.027106061577796936
gp_latent_5,597,0.004981177859008312
gp_latent_5,598,0.01346510462462902
gp_latent_5,599,0.01969231851398945
gp_latent_5,600,0.01614062488079071
gp_latent_5,601,0.014483314007520676
gp_latent_5,602,0.029428137466311455
gp_latent_5,603,0.013400794938206673
gp_latent_5,604,0.012667442671954632
gp_latent_5,605,0.022322913631796837
gp_latent_5,606,0.018941456452012062
gp_latent_5,607,0.036125119775533676
gp_latent_5,608,0.03798912465572357
gp_latent_5,609,0.005980800837278366
gp_latent_5,610,0.012820824049413204
gp_latent_5,611,0.006834777537733316
gp_latent_5,612,0.04209272190928459
gp_latent_5,613,-0.003118764841929078
gp_latent_5,614,-0.002869538264349103
gp_latent_5,615,0.0038593620993196964
gp_latent_5,616,-0.004481455776840448
gp_latent_5,617,-0.004149598069489002
gp_latent_5,618,0.02930573746562004
gp_latent_5,619,0.030874641612172127
gp_latent_5,620,0.04930146783590317
gp_latent_5,621,0.03110894374549389
gp_latent_5,622,0.0043340628035366535
gp_latent_5,623,0.019753091037273407
gp_latent_5,624,-0.001982348971068859
gp_latent_5,625,0.014565898105502129
gp_latent_5,626,0.021518228575587273
gp_latent_5,627,0.0363728292286396
gp_latent_5,628,0.06747301667928696
gp_latent_5,629,0.024166928604245186
gp_latent_5,630,0.041289541870355606
gp_latent_5,631,0.04716157913208008
gp_latent_5,632,0.02459845505654812
gp_latent_5,633,0.0029886530246585608
gp_latent_5,634,-0.007339324802160263
gp_latent_5,635,0.09788357466459274
gp_latent_5,636,0.09467589110136032
gp_latent_5,637,0.08683669567108154
gp_latent_5,638,0.007668976206332445
gp_latent_5,639,0.008624320849776268
gp_latent_5,640,0.08000487834215164
gp_latent_5,641,0.022078758105635643
gp_latent_5,642,0.002929229522123933
gp_latent_5,643,0.006091851741075516
gp_latent_5,644,0.031700290739536285
gp_latent_5,645,0.011675961315631866
gp_latent_5,646,0.013150185346603394
gp_latent_5,647,0.012765689752995968
gp_latent_5,648,0.005401411093771458
gp_latent_5,649,0.00984497182071209
gp_latent_5,650,0.017644889652729034
gp_latent_5,651,0.0009148423559963703
gp_latent_5,652,0.010781479068100452
gp_latent_5,653,0.031101588159799576
gp_latent_5,654,0.039047256112098694
gp_latent_5,655,0.04947854205965996
gp_latent_5,656,0.009124085307121277
gp_latent_5,657,0.016495395451784134
gp_latent_5,658,-0.002031325828284025
gp_latent_5,659,-0.007013910450041294
gp_latent_5,660,-0.02721502259373665
gp_latent_5,661,-0.0381893590092659
gp_latent_5,662,-0.0023686285130679607
gp_latent_5,663,0.023554936051368713
gp_latent_5,664,0.0062096877954900265
gp_latent_5,665,-0.02335900068283081
gp_latent_5,666,-0.01809057593345642
gp_latent_5,667,0.013652132824063301
gp_latent_5,668,0.01449176762253046
gp_latent_5,669,0.02171051874756813
gp_latent_5,670,0.024797528982162476
gp_latent_5,671,-0.004115781746804714
gp_latent_5,672,0.01067110151052475
gp_latent_5,673,-0.011442290619015694
gp_latent_5,674,-0.002427315339446068
gp_latent_5,675,-0.01745866984128952
gp_latent_5,676,-0.00877909455448389
gp_latent_5,677,0.004157007671892643
gp_latent_5,678,0.003087845165282488
gp_latent_5,679,0.09010566025972366
gp_latent_5,680,0.08375897258520126
gp_latent_5,681,0.09105914831161499
gp_latent_5,682,0.08985958993434906
gp_latent_5,683,0.07624462991952896
gp_latent_5,684,0.0909578800201416
gp_latent_5,685,0.0911465436220169
gp_latent_5,686,0.07200545817613602
gp_latent_5,687,0.08456431329250336
gp_latent_5,688,0.09552054852247238
gp_latent_5,689,0.07956644892692566
gp_latent_5,690,-0.016162341460585594
gp_latent_5,691,0.015978600829839706
gp_latent_5,692,0.015017716214060783
gp_latent_5,693,0.028419634327292442
gp_latent_5,694,0.02991393208503723
gp_latent_5,695,0.0335596539080143
gp_latent_5,696,0.06551332771778107
gp_latent_5,697,0.04592840373516083
gp_latent_5,698,0.030624134466052055
gp_latent_5,699,0.014395498670637608
gp_latent_5,700,0.03534407168626785
gp_latent_5,701,0.019693998619914055
gp_latent_5,702,-0.010946404188871384
gp_latent_5,703,0.008819933980703354
gp_latent_5,704,0.1049526035785675
gp_latent_5,705,0.10454089939594269
gp_latent_5,706,0.09690193086862564
gp_latent_5,707,0.08769438415765762
gp_latent_5,708,0.09521009773015976
gp_latent_5,709,0.008014125749468803
gp_latent_5,710,0.018362462520599365
gp_latent_5,711,0.02642792835831642
gp_latent_5,712,0.04679188132286072
gp_latent_5,713,0.004737743642181158
gp_latent_5,714,0.002373411087319255
gp_latent_5,715,0.024793749675154686
gp_latent_5,716,0.0031518496107310057
gp_latent_5,717,0.006195288151502609
gp_latent_5,718,0.0364210419356823
gp_latent_5,719,0.033639345318078995
gp_latent_5,720,0.02517353743314743
gp_latent_5,721,0.019800473004579544
gp_latent_5,722,0.011577444151043892
gp_latent_5,723,0.015002344734966755
gp_latent_5,724,-0.01007028017193079
gp_latent_5,725,0.02907220460474491
gp_latent_5,726,0.028443539515137672
gp_latent_5,727,0.03206735476851463
gp_latent_5,728,0.02610703743994236
gp_latent_5,729,0.02238081954419613
gp_latent_5,730,0.016487890854477882
gp_latent_5,731,0.013468194752931595
gp_latent_5,732,-0.018402505666017532
gp_latent_5,733,0.09038807451725006
gp_latent_5,734,0.08433854579925537
gp_latent_5,735,0.04180750995874405
gp_latent_5,736,0.017277399078011513
gp_latent_5,737,0.03327275067567825
gp_latent_5,738,0.024571992456912994
gp_latent_5,739,0.034378983080387115
gp_latent_5,740,-0.018880795687437057
gp_latent_5,741,0.025378253310918808
gp_latent_5,742,0.0015318256337195635
gp_latent_5,743,-0.028026869520545006
gp_latent_5,744,-0.006269675679504871
gp_latent_5,745,-4.4868793338537216e-05
gp_latent_5,746,0.00025093648582696915
gp_latent_5,747,0.008626686409115791
gp_latent_5,748,-0.035896945744752884
gp_latent_5,749,0.055031917989254
gp_latent_5,750,-0.0053900619968771935
gp_latent_5,751,-0.004140051547437906
gp_latent_5,752,-0.010759302414953709
gp_latent_5,753,-0.006955565884709358
gp_latent_5,754,-0.020008692517876625
gp_latent_5,755,-0.0013443495845422149
gp_latent_5,756,-0.008946694433689117
gp_latent_5,757,-0.010139154270291328
gp_latent_5,758,0.012065344490110874
gp_latent_5,759,-0.026668976992368698
gp_latent_5,760,-0.004102674312889576
gp_latent_5,761,0.03288521617650986
gp_latent_5,762,-0.041253283619880676
gp_latent_5,763,0.009505611844360828
gp_latent_5,764,-0.0032434496097266674
gp_latent_5,765,0.04657252877950668
gp_latent_5,766,0.02196805737912655
gp_latent_5,767,0.04127722233533859
gp_latent_5,768,-0.019405491650104523
gp_latent_5,769,-0.057947706431150436
gp_latent_5,770,-0.04073061794042587
gp_latent_5,771,0.054616477340459824
gp_latent_5,772,0.011092755943536758
gp_latent_5,773,-0.006906116846948862
gp_latent_5,774,-0.029496492817997932
gp_latent_5,775,-0.022363852709531784
gp_latent_5,776,-0.0005613900721073151
gp_latent_5,777,-0.060328420251607895
gp_latent_5,778,-0.03779345378279686
gp_latent_5,779,0.027627695351839066
gp_latent_5,780,0.03953680768609047
gp_latent_5,781,-0.022589629516005516
gp_latent_5,782,0.008433150127530098
gp_latent_5,783,-0.01616772636771202
gp_latent_5,784,-0.011517742648720741
gp_latent_5,785,0.008046240545809269
gp_latent_5,786,0.0365440770983696
gp_latent_5,787,0.005886015947908163
gp_latent_5,788,0.005676699802279472
gp_latent_5,789,-0.03201618045568466
gp_latent_5,790,-0.02415493130683899
gp_latent_5,791,-0.0383077897131443
gp_latent_5,792,-0.02248609997332096
gp_latent_5,793,-0.036683715879917145
gp_latent_5,794,0.007535045500844717
gp_latent_5,795,-0.03894168883562088
gp_latent_5,796,0.03521227464079857
gp_latent_5,797,0.06165674701333046
gp_latent_5,798,0.0702502429485321
gp_latent_5,799,0.005559887271374464
gp_latent_5,800,0.021058449521660805
gp_latent_5,801,-0.06551798433065414
gp_latent_5,802,0.031059395521879196
gp_latent_5,803,-0.004138713236898184
gp_latent_5,804,-0.08007282763719559
gp_latent_5,805,-0.014043960720300674
gp_latent_5,806,-0.012978849932551384
gp_latent_5,807,0.054229650646448135
gp_latent_5,808,0.034977640956640244
gp_latent_5,809,-0.0028809839859604836
gp_latent_5,810,0.019293464720249176
gp_latent_5,811,-0.010144611820578575
gp_latent_5,812,-0.007809996604919434
gp_latent_5,813,-0.01748456060886383
gp_latent_5,814,-0.020073482766747475
gp_latent_5,815,-0.016117874532938004
gp_latent_5,816,-0.081842340528965
gp_latent_5,817,-0.08300074934959412
gp_latent_5,818,-0.012096976861357689
gp_latent_5,819,-0.006220586597919464
gp_latent_5,820,0.006308597978204489
gp_latent_5,821,0.015359485521912575
gp_latent_5,822,0.009442348033189774
gp_latent_5,823,0.007675330154597759
gp_latent_5,824,0.015422053635120392
gp_latent_5,825,-0.008908978663384914
gp_latent_5,826,-0.039817050099372864
gp_latent_5,827,-0.024377500638365746
gp_latent_5,828,-0.06832816451787949
gp_latent_5,829,-0.08189854770898819
gp_latent_5,830,0.013025968335568905
gp_latent_5,831,-0.0027287323027849197
gp_latent_5,832,0.0009501834865659475
gp_latent_5,833,0.033177271485328674
gp_latent_5,834,-0.013616875745356083
gp_latent_5,835,0.029851851984858513
gp_latent_5,836,0.04279869794845581
gp_latent_5,837,-0.07372764497995377
gp_latent_5,838,0.009779511019587517
gp_latent_5,839,0.031671687960624695
gp_latent_5,840,-0.0051368242129683495
gp_latent_5,841,0.010923946276307106
gp_latent_5,842,0.03558458760380745
gp_latent_5,843,0.05812586471438408
gp_latent_5,844,0.0262750331312418
gp_latent_5,845,0.019835516810417175
gp_latent_5,846,0.005298769101500511
gp_latent_5,847,0.003635725472122431
gp_latent_5,848,0.01669681817293167
gp_latent_5,849,-0.02315136417746544
gp_latent_5,850,-0.053821783512830734
gp_latent_5,851,-0.054209474474191666
gp_latent_5,852,0.020457196980714798
gp_latent_5,853,-0.007206559646874666
gp_latent_5,854,-0.014318163506686687
gp_latent_5,855,-0.022325417026877403
gp_latent_5,856,0.03757694736123085
gp_latent_5,857,-0.00811504852026701
gp_latent_5,858,0.014902802184224129
gp_latent_5,859,-0.02279074490070343
gp_latent_5,860,-0.04033544659614563
gp_latent_5,861,-0.030375588685274124
gp_latent_5,862,-0.023319408297538757
gp_latent_5,863,-0.027631491422653198
gp_latent_5,864,-0.009436259046196938
gp_latent_5,865,-0.05839552357792854
gp_latent_5,866,0.06365074962377548
gp_latent_5,867,0.05887202173471451
gp_latent_5,868,-0.04244627803564072
gp_latent_5,869,0.023983698338270187
gp_latent_5,870,0.010307762771844864
gp_latent_5,871,-0.018031330779194832
gp_latent_5,872,0.06807799637317657
gp_latent_5,873,0.048731256276369095
gp_latent_5,874,0.000445706769824028
gp_latent_5,875,-0.01900116354227066
gp_latent_5,876,0.015103933401405811
gp_latent_5,877,0.001308235339820385
gp_latent_5,878,0.03391241654753685
gp_latent_5,879,0.007397855166345835
gp_latent_5,880,-0.03246549516916275
gp_latent_5,881,0.0343148410320282
gp_latent_5,882,-0.04702450707554817
gp_latent_5,883,0.008928924798965454
gp_latent_5,884,-0.00905369408428669
gp_latent_5,885,-0.0320834219455719
gp_latent_5,886,0.0018896888941526413
gp_latent_5,887,0.002217354718595743
gp_latent_5,888,0.006720838602632284
gp_latent_5,889,-0.0059029217809438705
gp_latent_5,890,0.01879720389842987
gp_latent_5,891,0.02772350236773491
gp_latent_5,892,0.03057621605694294
gp_latent_5,893,0.02332840859889984
gp_latent_5,894,0.010710682719945908
gp_latent_5,895,0.017622504383325577
gp_latent_5,896,0.025437429547309875
gp_latent_5,897,-0.006558873225003481
gp_latent_5,898,-0.004556719679385424
gp_latent_5,899,-0.008281808346509933
gp_latent_5,900,-0.00849366094917059
gp_latent_5,901,-0.008995095267891884
gp_latent_5,902,0.02813633531332016
gp_latent_5,903,0.010140717029571533
gp_latent_5,904,-0.0153743801638484
gp_latent_5,905,-0.02899109572172165
gp_latent_5,906,-0.02025180496275425
gp_latent_5,907,-0.032421454787254333
gp_latent_5,908,0.02529662288725376
gp_latent_5,909,0.0032683019526302814
gp_latent_5,910,-0.0027571748942136765
gp_latent_5,911,-0.01106994692236185
gp_latent_5,912,0.008302907459437847
gp_latent_5,913,-0.015354979783296585
gp_latent_5,914,-0.014688246883451939
gp_latent_5,915,0.016267050057649612
gp_latent_5,916,-0.012384306639432907
gp_latent_5,917,0.01679675653576851
gp_latent_5,918,0.016850775107741356
gp_latent_5,919,-0.0028874024283140898
gp_latent_5,920,-0.0018698630155995488
gp_latent_5,921,-0.006632372736930847
gp_latent_5,922,0.0031175967305898666
gp_latent_5,923,0.013981437310576439
gp_latent_5,924,0.023616287857294083
gp_latent_5,925,-0.014246677979826927
gp_latent_5,926,0.014254160225391388
gp_latent_5,927,0.005475685000419617
gp_latent_5,928,0.00016488356050103903
gp_latent_5,929,-0.028728550300002098
gp_latent_5,930,-0.038070131093263626
gp_latent_5,931,0.018496807664632797
gp_latent_5,932,0.02485876902937889
gp_latent_5,933,0.026628458872437477
gp_latent_5,934,-0.001673287246376276
gp_latent_5,935,0.0021197174210101366
gp_latent_5,936,-0.0002723550423979759
gp_latent_5,937,-0.0023626424372196198
gp_latent_5,938,0.0021117115393280983
gp_latent_5,939,0.0038994699716567993
gp_latent_5,940,-0.027089839801192284
gp_latent_5,941,-0.017563460394740105
gp_latent_5,942,-0.0056816451251506805
gp_latent_5,943,-0.014494531787931919
gp_latent_5,944,-0.0042854370549321175
gp_latent_5,945,0.0016810983652248979
gp_latent_5,946,-0.0009996723383665085
gp_latent_5,947,-0.04636801406741142
gp_latent_5,948,-0.021015353500843048
gp_latent_5,949,-0.0018418184481561184
class_intercept,0,-0.37401407957077026
class_intercept,1,0.5378655791282654
class_intercept,2,0.2770107388496399
class_intercept,3,-0.6740256547927856
class_intercept,4,0.37833648920059204
class_intercept,5,0.19205643236637115
class_share,0,0.05824040621519089
class_share,1,0.33316975831985474
class_share,2,0.18428564071655273
class_share,3,0.026765814051032066
class_share,4,0.248087078332901
class_share,5,0.14945125579833984
beta_raw,"0,0",-1.249041199684143
beta_raw,"0,1",-1.5009706020355225
beta_raw,"1,0",0.9369816780090332
beta_raw,"1,1",8.312553405761719
beta_raw,"2,0",4.7651238441467285
beta_raw,"2,1",4.240998268127441
beta_raw,"3,0",-1.005570650100708
beta_raw,"3,1",0.20162543654441833
beta_raw,"4,0",3.9659440517425537
beta_raw,"4,1",-1.9767143726348877
beta_raw,"5,0",3.70481538772583
beta_raw,"5,1",1.5919666290283203
asc_raw,"0,0",0.7710758447647095
asc_raw,"0,1",-1.7461252212524414
asc_raw,"1,0",-0.483451783657074
asc_raw,"1,1",1.0484784841537476
asc_raw,"2,0",-0.504330039024353
asc_raw,"2,1",2.7444164752960205
asc_raw,"3,0",-0.5547795295715332
asc_raw,"3,1",3.963756561279297
asc_raw,"4,0",-0.7744333744049072
asc_raw,"4,1",-3.312623977661133
asc_raw,"5,0",-1.161369800567627
asc_raw,"5,1",-0.020164471119642258
