param,index,value
kappa,0,0.03835415467619896
kappa,1,0.04619430750608444
kappa,2,0.03850044310092926
kappa,3,0.04011104255914688
kappa,4,0.044730294495821
kappa,5,0.047366708517074585
kappa,6,0.05578107759356499
lengthscale,0,0.3654415011405945
lengthscale,1,0.4043514132499695
lengthscale,2,0.3881869316101074
lengthscale,3,0.47226110100746155
lengthscale,4,0.38725244998931885
lengthscale,5,0.44680333137512207
lengthscale,6,0.3980535864830017
gp_latent_0,0,0.02176925539970398
gp_latent_0,1,0.06616616994142532
gp_latent_0,2,0.019063757732510567
gp_latent_0,3,0.022606976330280304
gp_latent_0,4,0.0023130241315811872
gp_latent_0,5,0.010559103451669216
gp_latent_0,6,-0.009362404234707355
gp_latent_0,7,-0.0017259474843740463
gp_latent_0,8,0.0007379461312666535
gp_latent_0,9,0.036968912929296494
gp_latent_0,10,0.06850899010896683
gp_latent_0,11,0.007909849286079407
gp_latent_0,12,-0.05117524042725563
gp_latent_0,13,-0.0393441766500473
gp_latent_0,14,-0.048911482095718384
gp_latent_0,15,0.0003521256148815155
gp_latent_0,16,-0.03362438827753067
gp_latent_0,17,-0.004394298419356346
gp_latent_0,18,0.05274530127644539
gp_latent_0,19,0.03163745254278183
gp_latent_0,20,0.017888143658638
gp_latent_0,21,0.0056411041878163815
gp_latent_0,22,-0.009030137211084366
gp_latent_0,23,0.02868751809000969
gp_latent_0,24,0.02257476933300495
gp_latent_0,25,0.01001692097634077
gp_latent_0,26,0.07766798138618469
gp_latent_0,27,-0.0003686083946377039
gp_latent_0,28,0.017913592979311943
gp_latent_0,29,-0.029412733390927315
gp_latent_0,30,-0.010886543430387974
gp_latent_0,31,0.04330214858055115
gp_latent_0,32,-0.00826624408364296
gp_latent_0,33,0.0001066494733095169
gp_latent_0,34,0.04796615242958069
gp_latent_0,35,0.05569997429847717
gp_latent_0,36,-0.04437050223350525
gp_latent_0,37,-0.026030709967017174
gp_latent_0,38,-0.01740589737892151
gp_latent_0,39,-0.007901651784777641
gp_latent_0,40,0.019737791270017624
gp_latent_0,41,-0.02488650567829609
gp_latent_0,42,0.08069794625043869
gp_latent_0,43,-0.010001145303249359
gp_latent_0,44,0.007032177411019802
gp_latent_0,45,0.016083713620901108
gp_latent_0,46,0.00654585612937808
gp_latent_0,47,0.0006840444402769208
gp_latent_0,48,-0.02671721950173378
gp_latent_0,49,-0.021238520741462708
gp_latent_0,50,-0.030699891969561577
gp_latent_0,51,0.004465189762413502
gp_latent_0,52,-0.030786901712417603
gp_latent_0,53,0.038529228419065475
gp_latent_0,54,-0.008610108867287636
gp_latent_0,55,-0.015019495971500874
gp_latent_0,56,0.0014745338121429086
gp_latent_0,57,-0.023871412500739098
gp_latent_0,58,-0.03241736441850662
gp_latent_0,59,-0.016424842178821564
gp_latent_0,60,-0.03144613653421402
gp_latent_0,61,-0.015316091477870941
gp_latent_0,62,-0.010674424469470978
gp_latent_0,63,0.0008049914613366127
gp_latent_0,64,0.011958838440477848
gp_latent_0,65,-0.009707449935376644
gp_latent_0,66,0.051065877079963684
gp_latent_0,67,0.01466668862849474
gp_latent_0,68,0.016810663044452667
gp_latent_0,69,-0.030822312459349632
gp_latent_0,70,-0.004171084612607956
gp_latent_0,71,-0.0035766377113759518
gp_latent_0,72,0.020843755453824997
gp_latent_0,73,-0.019718630239367485
gp_latent_0,74,0.012079251930117607
gp_latent_0,75,-0.008138326928019524
gp_latent_0,76,0.0007135574705898762
gp_latent_0,77,0.015147089958190918
gp_latent_0,78,0.0043409476056694984
gp_latent_0,79,-0.011836975812911987
gp_latent_0,80,-0.018343426287174225
gp_latent_0,81,-0.013900799676775932
gp_latent_0,82,-0.016706964001059532
gp_latent_0,83,0.001864242134615779
gp_latent_0,84,-0.0009480046574026346
gp_latent_0,85,0.015224775299429893
gp_latent_0,86,-0.0036630870308727026
gp_latent_0,87,0.0041382694616913795
gp_latent_0,88,-0.0067131174728274345
gp_latent_0,89,-0.0285180751234293
gp_latent_0,90,-0.015489022247493267
gp_latent_0,91,-0.058272261172533035
gp_latent_0,92,-0.07361409813165665
gp_latent_0,93,0.009829239919781685
gp_latent_0,94,-0.016499100252985954
gp_latent_0,95,0.012540464289486408
gp_latent_0,96,0.0009771159384399652
gp_latent_0,97,-0.005240080412477255
gp_latent_0,98,0.019627645611763
gp_latent_0,99,0.015030334703624249
gp_latent_0,100,-0.018321653828024864
gp_latent_0,101,-0.016313569620251656
gp_latent_0,102,-0.014812297187745571
gp_latent_0,103,0.0035493378527462482
gp_latent_0,104,-0.00618035439401865
gp_latent_0,105,0.013457736931741238
gp_latent_0,106,0.005456218030303717
gp_latent_0,107,0.005122393369674683
gp_latent_0,108,-0.00744213443249464
gp_latent_0,109,0.014492198824882507
gp_latent_0,110,-0.004765732679516077
gp_latent_0,111,0.007760270498692989
gp_latent_0,112,0.004832203965634108
gp_latent_0,113,0.003662246046587825
gp_latent_0,114,0.012660667300224304
gp_latent_0,115,-0.03391937538981438
gp_latent_0,116,0.009947165846824646
gp_latent_0,117,0.0006720940582454205
gp_latent_0,118,-0.0058440868742764
gp_latent_0,119,0.002500185975804925
gp_latent_0,120,-0.02510073594748974
gp_latent_0,121,0.0011262833140790462
gp_latent_0,122,-0.01343507505953312
gp_latent_0,123,-0.007112979423254728
gp_latent_0,124,-0.02125316858291626
gp_latent_0,125,-0.009659526869654655
gp_latent_0,126,-0.019239142537117004
gp_latent_0,127,-0.007408273406326771
gp_latent_0,128,-0.008755565620958805
gp_latent_0,129,0.00792341586202383
gp_latent_0,130,0.00908542051911354
gp_latent_0,131,0.005677543580532074
gp_latent_0,132,-0.0019287908216938376
gp_latent_0,133,-0.007720550522208214
gp_latent_0,134,-0.008420098572969437
gp_latent_0,135,0.009641212411224842
gp_latent_0,136,0.015069935470819473
gp_latent_0,137,-0.08068526536226273
gp_latent_0,138,-0.08030806481838226
gp_latent_0,139,-0.06990938633680344
gp_latent_0,140,-0.020760495215654373
gp_latent_0,141,0.005331214517354965
gp_latent_0,142,0.0017753841821104288
gp_latent_0,143,0.02319493144750595
gp_latent_0,144,0.02048543281853199
gp_latent_0,145,-0.00448678620159626
gp_latent_0,146,0.01743604987859726
gp_latent_0,147,0.0184729415923357
gp_latent_0,148,-0.002569741802290082
gp_latent_0,149,-0.0083293616771698
gp_latent_0,150,-0.012677500024437904
gp_latent_0,151,0.02505147084593773
gp_latent_0,152,-0.016523437574505806
gp_latent_0,153,0.008884400129318237
gp_latent_0,154,0.0037352601066231728
gp_latent_0,155,0.007922711782157421
gp_latent_0,156,-0.015006598085165024
gp_latent_0,157,-0.00016809022054076195
gp_latent_0,158,0.011705772951245308
gp_latent_0,159,-0.05034806206822395
gp_latent_0,160,0.0026905317790806293
gp_latent_0,161,-0.01602526754140854
gp_latent_0,162,-0.04188140109181404
gp_latent_0,163,-0.04509088024497032
gp_latent_0,164,-0.0012329000746831298
gp_latent_0,165,-0.008163541555404663
gp_latent_0,166,0.014457142911851406
gp_latent_0,167,-0.02534644864499569
gp_latent_0,168,-0.01182650588452816
gp_latent_0,169,0.00720859132707119
gp_latent_0,170,-0.03553970158100128
gp_latent_0,171,-0.03482804819941521
gp_latent_0,172,-0.0032106945291161537
gp_latent_0,173,-0.006062981206923723
gp_latent_0,174,0.014438885264098644
gp_latent_0,175,0.004579827655106783
gp_latent_0,176,0.06100933998823166
gp_latent_0,177,-0.010224936529994011
gp_latent_0,178,-0.015447406098246574
gp_latent_0,179,-0.021457111462950706
gp_latent_0,180,0.06120201200246811
gp_latent_0,181,0.03050389513373375
gp_latent_0,182,0.009071861393749714
gp_latent_0,183,0.006231246050447226
gp_latent_0,184,0.013357134535908699
gp_latent_0,185,-0.020347507670521736
gp_latent_0,186,-0.018484726548194885
gp_latent_0,187,0.052721213549375534
gp_latent_0,188,0.006132799666374922
gp_latent_0,189,-0.0002236689906567335
gp_latent_0,190,-0.013641051016747952
gp_latent_0,191,-0.013583414256572723
gp_latent_0,192,-0.011289568617939949
gp_latent_0,193,-0.014330605044960976
gp_latent_0,194,0.015546105802059174
gp_latent_0,195,0.014350364916026592
gp_latent_0,196,-0.011384917423129082
gp_latent_0,197,0.0012280424125492573
gp_latent_0,198,0.020759129896759987
gp_latent_0,199,-0.0030558891594409943
gp_latent_0,200,0.052003826946020126
gp_latent_0,201,0.025353610515594482
gp_latent_0,202,0.08237721771001816
gp_latent_0,203,-0.002572739729657769
gp_latent_0,204,0.020234771072864532
gp_latent_0,205,-0.00885305367410183
gp_latent_0,206,0.04744414612650871
gp_latent_0,207,-0.0010154168121516705
gp_latent_0,208,0.018936218693852425
gp_latent_0,209,-0.006276070140302181
gp_latent_0,210,0.0018723711837083101
gp_latent_0,211,-0.01794014498591423
gp_latent_0,212,0.047078937292099
gp_latent_0,213,0.015979640185832977
gp_latent_0,214,-0.02063542604446411
gp_latent_0,215,0.005244382657110691
gp_latent_0,216,-0.05520598962903023
gp_latent_0,217,0.065350241959095
gp_latent_0,218,0.008639736101031303
gp_latent_0,219,0.011071090586483479
gp_latent_0,220,-0.008961495012044907
gp_latent_0,221,0.02168920449912548
gp_latent_0,222,0.03242034465074539
gp_latent_0,223,0.022735577076673508
gp_latent_0,224,0.0069985948503017426
gp_latent_0,225,-0.008157743141055107
gp_latent_0,226,0.03293716907501221
gp_latent_0,227,-0.0019859527237713337
gp_latent_0,228,0.0019578428473323584
gp_latent_0,229,-0.015097986906766891
gp_latent_0,230,-0.02050434798002243
gp_latent_0,231,-0.015563873574137688
gp_latent_0,232,-0.021397307515144348
gp_latent_0,233,-0.04122695326805115
gp_latent_0,234,0.0006911586970090866
gp_latent_0,235,0.025722002610564232
gp_latent_0,236,-0.035880375653505325
gp_latent_0,237,0.047560807317495346
gp_latent_0,238,0.034415848553180695
gp_latent_0,239,0.011383237317204475
gp_latent_0,240,0.03876499459147453
gp_latent_0,241,0.016552548855543137
gp_latent_0,242,0.009312653914093971
gp_latent_0,243,-0.08804112672805786
gp_latent_0,244,-0.06776101887226105
gp_latent_0,245,-0.05595855042338371
gp_latent_0,246,0.0017512432532384992
gp_latent_0,247,-0.0008826407138258219
gp_latent_0,248,0.004923200700432062
gp_latent_0,249,-0.02897207997739315
gp_latent_0,250,0.011343108490109444
gp_latent_0,251,0.021060120314359665
gp_latent_0,252,0.033987730741500854
gp_latent_0,253,-0.010835683904588223
gp_latent_0,254,-0.019079819321632385
gp_latent_0,255,-0.00721236877143383
gp_latent_0,256,0.018868595361709595
gp_latent_0,257,0.027098536491394043
gp_latent_0,258,0.033882878720760345
gp_latent_0,259,0.0389346219599247
gp_latent_0,260,0.02704682946205139
gp_latent_0,261,-0.019217614084482193
gp_latent_0,262,0.031697604805231094
gp_latent_0,263,-0.015526486560702324
gp_latent_0,264,-0.031939201056957245
gp_latent_0,265,0.026441680267453194
gp_latent_0,266,0.00671908725053072
gp_latent_0,267,-0.018235579133033752
gp_latent_0,268,0.009432587772607803
gp_latent_0,269,-0.0023733193520456553
gp_latent_0,270,-0.016246234998106956
gp_latent_0,271,0.01110357791185379
gp_latent_0,272,-0.0040586646646261215
gp_latent_0,273,-0.005348208826035261
gp_latent_0,274,-0.025675280019640923
gp_latent_0,275,0.00914677232503891
gp_latent_0,276,0.008283410221338272
gp_latent_0,277,-0.0236838199198246
gp_latent_0,278,0.00016630906611680984
gp_latent_0,279,0.00786442868411541
gp_latent_0,280,0.041039709001779556
gp_latent_0,281,0.012848070822656155
gp_latent_0,282,-0.029035020619630814
gp_latent_0,283,0.024400044232606888
gp_latent_0,284,-0.013584648258984089
gp_latent_0,285,0.002251130761578679
gp_latent_0,286,-0.0058624036610126495
gp_latent_0,287,0.01772581785917282
gp_latent_0,288,-0.00014180110883899033
gp_latent_0,289,0.01525490265339613
gp_latent_0,290,-0.023887787014245987
gp_latent_0,291,0.04000744968652725
gp_latent_0,292,0.03655899688601494
gp_latent_0,293,0.01575133390724659
gp_latent_0,294,0.01352642197161913
gp_latent_0,295,-0.009224625304341316
gp_latent_0,296,0.038206763565540314
gp_latent_0,297,0.03428294509649277
gp_latent_0,298,-0.011982083320617676
gp_latent_0,299,-0.0081193707883358
gp_latent_0,300,0.024121634662151337
gp_latent_0,301,0.017098335549235344
gp_latent_0,302,0.01623431220650673
gp_latent_0,303,0.0395912267267704
gp_latent_0,304,0.017240000888705254
gp_latent_0,305,0.01844359189271927
gp_latent_0,306,-0.0006405478343367577
gp_latent_0,307,-0.025773271918296814
gp_latent_0,308,-0.020282242447137833
gp_latent_0,309,0.0013731340877711773
gp_latent_0,310,-0.0020107377786189318
gp_latent_0,311,-0.013831312768161297
gp_latent_0,312,-0.03221099078655243
gp_latent_0,313,-0.017987610772252083
gp_latent_0,314,-0.011534040793776512
gp_latent_0,315,0.027300534769892693
gp_latent_0,316,0.0072868503630161285
gp_latent_0,317,-0.02895168401300907
gp_latent_0,318,-0.015931159257888794
gp_latent_0,319,-0.012604297138750553
gp_latent_0,320,0.02592294290661812
gp_latent_0,321,-0.010009938850998878
gp_latent_0,322,-0.008656444028019905
gp_latent_0,323,0.04312407225370407
gp_latent_0,324,0.04248436912894249
gp_latent_0,325,-0.010205800645053387
gp_latent_0,326,0.03313605487346649
gp_latent_0,327,-0.030254319310188293
gp_latent_0,328,0.01948019675910473
gp_latent_0,329,0.04341638833284378
gp_latent_0,330,-0.02312459982931614
gp_latent_0,331,-0.006360267288982868
gp_latent_0,332,-0.054591357707977295
gp_latent_0,333,-0.03678344562649727
gp_latent_0,334,-0.0050115687772631645
gp_latent_0,335,0.0015588010428473353
gp_latent_0,336,0.010824203491210938
gp_latent_0,337,0.004953990690410137
gp_latent_0,338,-0.06386612355709076
gp_latent_0,339,0.02773096412420273
gp_latent_0,340,-0.004522833973169327
gp_latent_0,341,-0.015351562760770321
gp_latent_0,342,-0.013966135680675507
gp_latent_0,343,0.009337152354419231
gp_latent_0,344,0.04339906573295593
gp_latent_0,345,-0.006433465983718634
gp_latent_0,346,-0.007960351184010506
gp_latent_0,347,0.008559612557291985
gp_latent_0,348,0.0031553125008940697
gp_latent_0,349,-0.006239808164536953
gp_latent_0,350,0.026675434783101082
gp_latent_0,351,0.028665319085121155
gp_latent_0,352,0.06085839867591858
gp_latent_0,353,0.0021862194407731295
gp_latent_0,354,0.017551327124238014
gp_latent_0,355,0.018136918544769287
gp_latent_0,356,-0.021289773285388947
gp_latent_0,357,-0.0013123034732416272
gp_latent_0,358,-0.049923982471227646
gp_latent_0,359,-0.025339433923363686
gp_latent_0,360,0.026515167206525803
gp_latent_0,361,-0.005590101704001427
gp_latent_0,362,-0.020170684903860092
gp_latent_0,363,-0.01583363115787506
gp_latent_0,364,0.06744302064180374
gp_latent_0,365,-0.08947018533945084
gp_latent_0,366,-0.0021540941670536995
gp_latent_0,367,0.022988127544522285
gp_latent_0,368,-0.014830741100013256
gp_latent_0,369,-0.039580877870321274
gp_latent_0,370,-0.029391486197710037
gp_latent_0,371,-0.006986892316490412
gp_latent_0,372,0.0003095680149272084
gp_latent_0,373,0.04317748546600342
gp_latent_0,374,-0.003294752910733223
gp_latent_0,375,-0.01684092916548252
gp_latent_0,376,0.01706353761255741
gp_latent_0,377,0.00787370651960373
gp_latent_0,378,-0.01809920184314251
gp_latent_0,379,0.015182319097220898
gp_latent_0,380,-0.011653651483356953
gp_latent_0,381,-0.0678550973534584
gp_latent_0,382,-0.06939956545829773
gp_latent_0,383,0.033798687160015106
gp_latent_0,384,-0.010408631525933743
gp_latent_0,385,-0.015702515840530396
gp_latent_0,386,-0.06618937849998474
gp_latent_0,387,-0.05693622678518295
gp_latent_0,388,-0.0559728667140007
gp_latent_0,389,-0.039499953389167786
gp_latent_0,390,-0.017949078232049942
gp_latent_0,391,-0.08141107112169266
gp_latent_0,392,-0.06845611333847046
gp_latent_0,393,0.0013000145554542542
gp_latent_0,394,0.0032685277983546257
gp_latent_0,395,-0.06908391416072845
gp_latent_0,396,0.028749726712703705
gp_latent_0,397,-0.004986362997442484
gp_latent_0,398,-0.01159331388771534
gp_latent_0,399,0.011726746335625648
gp_latent_0,400,-0.07611121982336044
gp_latent_0,401,0.02047969400882721
gp_latent_0,402,-0.06236192584037781
gp_latent_0,403,-0.011169103905558586
gp_latent_0,404,0.022726736962795258
gp_latent_0,405,-0.001790020614862442
gp_latent_0,406,0.012003235518932343
gp_latent_0,407,-0.007981079630553722
gp_latent_0,408,0.012141041457653046
gp_latent_0,409,-0.004662778228521347
gp_latent_0,410,-0.005270651075989008
gp_latent_0,411,0.054580461233854294
gp_latent_0,412,0.02228356897830963
gp_latent_0,413,0.0012740730307996273
gp_latent_0,414,0.0025779511779546738
gp_latent_0,415,-0.026241980493068695
gp_latent_0,416,-0.07999895513057709
gp_latent_0,417,-0.03863085061311722
gp_latent_0,418,-0.010786272585391998
gp_latent_0,419,0.005654546897858381
gp_latent_0,420,0.006346092093735933
gp_latent_0,421,0.04101352393627167
gp_latent_0,422,0.039585113525390625
gp_latent_0,423,-0.00490700313821435
gp_latent_0,424,0.012218700721859932
gp_latent_0,425,-0.006251835264265537
gp_latent_0,426,-0.04045301675796509
gp_latent_0,427,-0.02966306544840336
gp_latent_0,428,-0.04089954122900963
gp_latent_0,429,0.025669055059552193
gp_latent_0,430,-0.052882496267557144
gp_latent_0,431,-0.008049671538174152
gp_latent_0,432,0.00423553166911006
gp_latent_0,433,-0.010323775000870228
gp_latent_0,434,0.05295337364077568
gp_latent_0,435,0.0431942343711853
gp_latent_0,436,0.011567368172109127
gp_latent_0,437,-0.022362379357218742
gp_latent_0,438,0.05981976538896561
gp_latent_0,439,-0.04123280942440033
gp_latent_0,440,-0.04700367897748947
gp_latent_0,441,0.02095705084502697
gp_latent_0,442,-0.0022778124548494816
gp_latent_0,443,-0.017929669469594955
gp_latent_0,444,0.03010295331478119
gp_latent_0,445,-0.02986396849155426
gp_latent_0,446,-0.0031347940675914288
gp_latent_0,447,0.05775945633649826
gp_latent_0,448,0.07032964378595352
gp_latent_0,449,0.05097309127449989
gp_latent_0,450,0.04588443413376808
gp_latent_0,451,-0.000467705016490072
gp_latent_0,452,-0.009567441418766975
gp_latent_0,453,-0.015892988070845604
gp_latent_0,454,0.011684933677315712
gp_latent_0,455,0.05663792043924332
gp_latent_0,456,0.0647997260093689
gp_latent_0,457,0.00019423221237957478
gp_latent_0,458,-0.01979043334722519
gp_latent_0,459,0.0562659353017807
gp_latent_0,460,-0.02292194403707981
gp_latent_0,461,0.05619312450289726
gp_latent_0,462,0.01960238628089428
gp_latent_0,463,0.025575747713446617
gp_latent_0,464,-0.0172995924949646
gp_latent_0,465,-0.0353311188519001
gp_latent_0,466,0.043236181139945984
gp_latent_0,467,0.04235474765300751
gp_latent_0,468,-0.03736433386802673
gp_latent_0,469,-0.030818596482276917
gp_latent_0,470,0.021567033603787422
gp_latent_0,471,-0.0009965944336727262
gp_latent_0,472,-0.014872017316520214
gp_latent_0,473,-0.020696548745036125
gp_latent_0,474,-0.03550192713737488
gp_latent_0,475,-0.010021218098700047
gp_latent_0,476,-0.03650352731347084
gp_latent_0,477,-0.009081266820430756
gp_latent_0,478,-0.04274982213973999
gp_latent_0,479,0.03650713711977005
gp_latent_0,480,-0.0038235276006162167
gp_latent_0,481,0.07303529232740402
gp_latent_0,482,0.0007075518369674683
gp_latent_0,483,-0.0504702553153038
gp_latent_0,484,-0.047497209161520004
gp_latent_0,485,-0.05056360736489296
gp_latent_0,486,0.024475041776895523
gp_latent_0,487,0.0077766976319253445
gp_latent_0,488,-0.02821403555572033
gp_latent_0,489,0.0005565492319874465
gp_latent_0,490,-0.022676438093185425
gp_latent_0,491,0.032882772386074066
gp_latent_0,492,0.05450718104839325
gp_latent_0,493,0.06355442851781845
gp_latent_0,494,0.0720115527510643
gp_latent_0,495,0.05705339089035988
gp_latent_0,496,0.05172270908951759
gp_latent_0,497,0.040059223771095276
gp_latent_0,498,0.05099484696984291
gp_latent_0,499,0.04721730202436447
gp_latent_0,500,0.06404972821474075
gp_latent_0,501,-0.008616166189312935
gp_latent_0,502,-0.02608373947441578
gp_latent_0,503,-0.0012490339577198029
gp_latent_0,504,-0.024279113858938217
gp_latent_0,505,0.05400310456752777
gp_latent_0,506,0.044401589781045914
gp_latent_0,507,0.03399285301566124
gp_latent_0,508,0.03863026574254036
gp_latent_0,509,-0.017789693549275398
gp_latent_0,510,0.006120228208601475
gp_latent_0,511,0.0099753737449646
gp_latent_0,512,-0.015267133712768555
gp_latent_0,513,-0.006041388493031263
gp_latent_0,514,-0.0028086816892027855
gp_latent_0,515,0.00384057080373168
gp_latent_0,516,-0.03706573322415352
gp_latent_0,517,-0.046400342136621475
gp_latent_0,518,-0.012284745462238789
gp_latent_0,519,-0.04182697832584381
gp_latent_0,520,0.01472429372370243
gp_latent_0,521,0.042043957859277725
gp_latent_0,522,-0.03975532203912735
gp_latent_0,523,0.011719541624188423
gp_latent_0,524,0.013773447833955288
gp_latent_0,525,-0.006362832151353359
gp_latent_0,526,-0.007441310212016106
gp_latent_0,527,0.04368177801370621
gp_latent_0,528,0.05600281432271004
gp_latent_0,529,0.053145475685596466
gp_latent_0,530,-0.04842062667012215
gp_latent_0,531,-0.058792442083358765
gp_latent_0,532,-0.0731096863746643
gp_latent_0,533,-0.01404416374862194
gp_latent_0,534,0.014514129608869553
gp_latent_0,535,-0.0109444260597229
gp_latent_0,536,0.028284307569265366
gp_latent_0,537,0.0028316169045865536
gp_latent_0,538,-0.01692465879023075
gp_latent_0,539,-0.008681254461407661
gp_latent_0,540,-0.0230095237493515
gp_latent_0,541,0.0005243178457021713
gp_latent_0,542,-0.007420102134346962
gp_latent_0,543,-0.018291737884283066
gp_latent_0,544,-0.03156585991382599
gp_latent_0,545,-0.012637102976441383
gp_latent_0,546,-0.025786716490983963
gp_latent_0,547,-0.021051201969385147
gp_latent_0,548,-0.03164733946323395
gp_latent_0,549,-0.017020780593156815
gp_latent_0,550,-0.012980589643120766
gp_latent_0,551,-0.021110733970999718
gp_latent_0,552,-0.0008904115529730916
gp_latent_0,553,-0.014608868397772312
gp_latent_0,554,0.057281170040369034
gp_latent_0,555,0.087361179292202
gp_latent_0,556,0.04328714683651924
gp_latent_0,557,0.06499261409044266
gp_latent_0,558,0.05932854488492012
gp_latent_0,559,0.05697096511721611
gp_latent_0,560,0.0681193545460701
gp_latent_0,561,0.06152436137199402
gp_latent_0,562,0.04656689241528511
gp_latent_0,563,0.06337805837392807
gp_latent_0,564,0.03888285532593727
gp_latent_0,565,0.06473085284233093
gp_latent_0,566,0.06037946790456772
gp_latent_0,567,0.06927749514579773
gp_latent_0,568,0.044783610850572586
gp_latent_0,569,0.051909975707530975
gp_latent_0,570,0.056460943073034286
gp_latent_0,571,0.060410451143980026
gp_latent_0,572,0.056482572108507156
gp_latent_0,573,0.0559237040579319
gp_latent_0,574,0.0469689667224884
gp_latent_0,575,-0.036761827766895294
gp_latent_0,576,-0.06558869779109955
gp_latent_0,577,-0.05459924042224884
gp_latent_0,578,-0.06353077292442322
gp_latent_0,579,-0.06320765614509583
gp_latent_0,580,-0.059893883764743805
gp_latent_0,581,-0.0014011543244123459
gp_latent_0,582,-0.004242413677275181
gp_latent_0,583,-0.030649591237306595
gp_latent_0,584,-0.017007043585181236
gp_latent_0,585,-0.006936876103281975
gp_latent_0,586,0.05536521598696709
gp_latent_0,587,0.05680017173290253
gp_latent_0,588,0.03930152952671051
gp_latent_0,589,0.014883795753121376
gp_latent_0,590,-0.05102897062897682
gp_latent_0,591,0.07444677501916885
gp_latent_0,592,-0.06845731288194656
gp_latent_0,593,-0.005815185606479645
gp_latent_0,594,0.058075807988643646
gp_latent_0,595,-0.003223148640245199
gp_latent_0,596,-0.014638010412454605
gp_latent_0,597,-0.01555157545953989
gp_latent_0,598,0.0007686521857976913
gp_latent_0,599,-0.0012383733410388231
gp_latent_0,600,-0.004025670699775219
gp_latent_0,601,-0.005519509315490723
gp_latent_0,602,-0.026493938639760017
gp_latent_0,603,-0.006842023693025112
gp_latent_0,604,-0.009330780245363712
gp_latent_0,605,0.018544860184192657
gp_latent_0,606,0.004842160269618034
gp_latent_0,607,-0.019012806937098503
gp_latent_0,608,-0.022384244948625565
gp_latent_0,609,-3.5212840884923935e-05
gp_latent_0,610,-0.008258787915110588
gp_latent_0,611,-0.01719798520207405
gp_latent_0,612,0.004185066092759371
gp_latent_0,613,0.00025231577455997467
gp_latent_0,614,-0.008351058699190617
gp_latent_0,615,0.03217748552560806
gp_latent_0,616,-0.005701442714780569
gp_latent_0,617,0.01147538609802723
gp_latent_0,618,-0.002363408450037241
gp_latent_0,619,-0.004485076759010553
gp_latent_0,620,-0.009124483913183212
gp_latent_0,621,-0.027315359562635422
gp_latent_0,622,0.01414886862039566
gp_latent_0,623,0.012611238285899162
gp_latent_0,624,-0.00011264625936746597
gp_latent_0,625,-0.01806146278977394
gp_latent_0,626,-0.015211486257612705
gp_latent_0,627,0.010721432976424694
gp_latent_0,628,0.019808707758784294
gp_latent_0,629,-0.006551475264132023
gp_latent_0,630,-0.002757537644356489
gp_latent_0,631,-0.01195480115711689
gp_latent_0,632,0.01178877241909504
gp_latent_0,633,-0.015339646488428116
gp_latent_0,634,-0.027834095060825348
gp_latent_0,635,0.06485669314861298
gp_latent_0,636,0.043053824454545975
gp_latent_0,637,0.06123140826821327
gp_latent_0,638,0.05566681548953056
gp_latent_0,639,0.03200366720557213
gp_latent_0,640,0.05592460185289383
gp_latent_0,641,-0.04067876935005188
gp_latent_0,642,-0.010221628472208977
gp_latent_0,643,-0.011831159703433514
gp_latent_0,644,-0.0011654668487608433
gp_latent_0,645,0.029786888509988785
gp_latent_0,646,-0.00620153546333313
gp_latent_0,647,-0.022475609555840492
gp_latent_0,648,-0.011750452220439911
gp_latent_0,649,-0.024507347494363785
gp_latent_0,650,-0.008106730878353119
gp_latent_0,651,0.0038177170790731907
gp_latent_0,652,0.0055426936596632
gp_latent_0,653,0.000691649504005909
gp_latent_0,654,-0.0009113308042287827
gp_latent_0,655,-0.004611453972756863
gp_latent_0,656,-0.005892742425203323
gp_latent_0,657,-0.006843123584985733
gp_latent_0,658,-0.03868682309985161
gp_latent_0,659,-0.03674338385462761
gp_latent_0,660,0.018925506621599197
gp_latent_0,661,0.02220478653907776
gp_latent_0,662,-0.033608321100473404
gp_latent_0,663,-0.01193460077047348
gp_latent_0,664,-0.008130889385938644
gp_latent_0,665,-0.021694252267479897
gp_latent_0,666,-0.01781250722706318
gp_latent_0,667,0.004832281731069088
gp_latent_0,668,0.0060639032162725925
gp_latent_0,669,-0.023153524845838547
gp_latent_0,670,-0.021968847140669823
gp_latent_0,671,-0.01697135902941227
gp_latent_0,672,-0.019203439354896545
gp_latent_0,673,0.0015818433603271842
gp_latent_0,674,-0.0285441055893898
gp_latent_0,675,-0.011695966124534607
gp_latent_0,676,-0.015842074528336525
gp_latent_0,677,-0.014627980068325996
gp_latent_0,678,-0.0320332869887352
gp_latent_0,679,0.05817321687936783
gp_latent_0,680,0.06897789239883423
gp_latent_0,681,0.03485524281859398
gp_latent_0,682,0.05717506259679794
gp_latent_0,683,0.05492696166038513
gp_latent_0,684,0.07006717473268509
gp_latent_0,685,0.056731294840574265
gp_latent_0,686,0.05026772990822792
gp_latent_0,687,0.055366456508636475
gp_latent_0,688,0.07304447889328003
gp_latent_0,689,0.08298845589160919
gp_latent_0,690,0.0246596559882164
gp_latent_0,691,0.047845203429460526
gp_latent_0,692,0.04160741716623306
gp_latent_0,693,-0.06296990066766739
gp_latent_0,694,-0.06435167789459229
gp_latent_0,695,-0.0565066933631897
gp_latent_0,696,-0.06186322867870331
gp_latent_0,697,-0.06228882074356079
gp_latent_0,698,-0.0695539116859436
gp_latent_0,699,-0.05138087645173073
gp_latent_0,700,-0.04324138164520264
gp_latent_0,701,-0.051637355238199234
gp_latent_0,702,0.00038150278851389885
gp_latent_0,703,-0.03211352974176407
gp_latent_0,704,0.08630866557359695
gp_latent_0,705,0.06129317358136177
gp_latent_0,706,0.07743802666664124
gp_latent_0,707,0.07017127424478531
gp_latent_0,708,0.06343407183885574
gp_latent_0,709,-0.019968053326010704
gp_latent_0,710,0.00500678364187479
gp_latent_0,711,0.011683247983455658
gp_latent_0,712,0.0008803844102658331
gp_latent_0,713,0.012112491764128208
gp_latent_0,714,-0.0013254389632493258
gp_latent_0,715,0.027562381699681282
gp_latent_0,716,-0.025912407785654068
gp_latent_0,717,-0.007693098392337561
gp_latent_0,718,-0.02243167720735073
gp_latent_0,719,-0.00308146420866251
gp_latent_0,720,-0.005145793780684471
gp_latent_0,721,0.0063464026898145676
gp_latent_0,722,-0.0051866564899683
gp_latent_0,723,-0.00740943755954504
gp_latent_0,724,0.0019350233487784863
gp_latent_0,725,-0.015682192519307137
gp_latent_0,726,-0.0009638597257435322
gp_latent_0,727,-0.012673281133174896
gp_latent_0,728,0.017090309411287308
gp_latent_0,729,-0.016312573105096817
gp_latent_0,730,-0.004685699474066496
gp_latent_0,731,0.019034486263990402
gp_latent_0,732,-0.012431217357516289
gp_latent_0,733,0.05661064386367798
gp_latent_0,734,0.07388757914304733
gp_latent_0,735,-0.05671345070004463
gp_latent_0,736,0.018645022064447403
gp_latent_0,737,-0.01142706349492073
gp_latent_0,738,0.009966679848730564
gp_latent_0,739,-0.005325184669345617
gp_latent_0,740,-0.019610241055488586
gp_latent_0,741,0.0022403113543987274
gp_latent_0,742,9.697722271084785e-05
gp_latent_0,743,-0.009313181042671204
gp_latent_0,744,0.034969136118888855
gp_latent_0,745,-0.0022153030149638653
gp_latent_0,746,-1.4145392924547195e-05
gp_latent_0,747,-0.006678496953099966
gp_latent_0,748,0.028327662497758865
gp_latent_0,749,-0.038446564227342606
gp_latent_0,750,0.0007591403555124998
gp_latent_0,751,0.028819875791668892
gp_latent_0,752,0.02078835293650627
gp_latent_0,753,0.015420665964484215
gp_latent_0,754,-0.005934723187237978
gp_latent_0,755,-0.002045042347162962
gp_latent_0,756,0.019777636975049973
gp_latent_0,757,0.015780968591570854
gp_latent_0,758,0.013926723040640354
gp_latent_0,759,0.009060504846274853
gp_latent_0,760,0.03761613368988037
gp_latent_0,761,-0.06815917789936066
gp_latent_0,762,0.025608273223042488
gp_latent_0,763,0.03309290483593941
gp_latent_0,764,0.013630995526909828
gp_latent_0,765,-0.05513523891568184
gp_latent_0,766,0.008604912087321281
gp_latent_0,767,0.02901284210383892
gp_latent_0,768,0.005263971164822578
gp_latent_0,769,-0.016991054639220238
gp_latent_0,770,-0.021352380514144897
gp_latent_0,771,-0.04390047863125801
gp_latent_0,772,0.033678457140922546
gp_latent_0,773,0.009146574884653091
gp_latent_0,774,0.049930233508348465
gp_latent_0,775,0.032875388860702515
gp_latent_0,776,0.002331592608243227
gp_latent_0,777,-0.02223152667284012
gp_latent_0,778,0.0353764146566391
gp_latent_0,779,0.0028278182726353407
gp_latent_0,780,-0.03091774880886078
gp_latent_0,781,0.04696406424045563
gp_latent_0,782,0.027811307460069656
gp_latent_0,783,0.04821302369236946
gp_latent_0,784,0.032158613204956055
gp_latent_0,785,0.03486405313014984
gp_latent_0,786,0.04646051675081253
gp_latent_0,787,0.03126583993434906
gp_latent_0,788,0.008085422217845917
gp_latent_0,789,0.05759347602725029
gp_latent_0,790,0.04469811171293259
gp_latent_0,791,0.04078080877661705
gp_latent_0,792,0.055741846561431885
gp_latent_0,793,0.02009442076086998
gp_latent_0,794,0.012398673221468925
gp_latent_0,795,0.025846078991889954
gp_latent_0,796,0.009014545939862728
gp_latent_0,797,-0.059310074895620346
gp_latent_0,798,0.016416501253843307
gp_latent_0,799,0.031068092212080956
gp_latent_0,800,0.023182231932878494
gp_latent_0,801,0.008687004446983337
gp_latent_0,802,0.03854309394955635
gp_latent_0,803,0.00855542253702879
gp_latent_0,804,0.047451168298721313
gp_latent_0,805,0.006121434736996889
gp_latent_0,806,0.012673908844590187
gp_latent_0,807,0.04035218432545662
gp_latent_0,808,0.016905445605516434
gp_latent_0,809,0.0037753889337182045
gp_latent_0,810,0.01328995730727911
gp_latent_0,811,-0.004294895566999912
gp_latent_0,812,-0.018121717497706413
gp_latent_0,813,-0.033497050404548645
gp_latent_0,814,0.011110704392194748
gp_latent_0,815,0.0026808413676917553
gp_latent_0,816,0.037654630839824677
gp_latent_0,817,0.04441652446985245
gp_latent_0,818,-0.00028562499210238457
gp_latent_0,819,0.017462950199842453
gp_latent_0,820,0.016621407121419907
gp_latent_0,821,-0.009261181578040123
gp_latent_0,822,0.023254524916410446
gp_latent_0,823,-0.012131599709391594
gp_latent_0,824,-0.00946575216948986
gp_latent_0,825,-0.008277952671051025
gp_latent_0,826,-0.006196474656462669
gp_latent_0,827,0.01608431339263916
gp_latent_0,828,0.054063089191913605
gp_latent_0,829,0.04584572836756706
gp_latent_0,830,0.00471319817006588
gp_latent_0,831,-0.013144527561962605
gp_latent_0,832,0.03231165185570717
gp_latent_0,833,-0.03532120957970619
gp_latent_0,834,0.007882138714194298
gp_latent_0,835,0.022564036771655083
gp_latent_0,836,-0.0484921857714653
gp_latent_0,837,0.05841527506709099
gp_latent_0,838,0.007741920650005341
gp_latent_0,839,0.028007103130221367
gp_latent_0,840,0.02229475788772106
gp_latent_0,841,0.00846041552722454
gp_latent_0,842,0.017017429694533348
gp_latent_0,843,0.006471861153841019
gp_latent_0,844,0.032979559153318405
gp_latent_0,845,0.03965868055820465
gp_latent_0,846,-0.010145568288862705
gp_latent_0,847,-0.001822100137360394
gp_latent_0,848,-0.010589923709630966
gp_latent_0,849,-0.005941692739725113
gp_latent_0,850,-0.011806475929915905
gp_latent_0,851,-0.019895466044545174
gp_latent_0,852,-0.002635661978274584
gp_latent_0,853,-0.008504840545356274
gp_latent_0,854,0.02775544486939907
gp_latent_0,855,0.017094528302550316
gp_latent_0,856,-0.051653262227773666
gp_latent_0,857,0.02448214776813984
gp_latent_0,858,-0.01094372384250164
gp_latent_0,859,0.05941801145672798
gp_latent_0,860,0.04697728157043457
gp_latent_0,861,0.034306835383176804
gp_latent_0,862,0.024993987753987312
gp_latent_0,863,0.025300541892647743
gp_latent_0,864,0.008025677874684334
gp_latent_0,865,-0.059160128235816956
gp_latent_0,866,0.021995453163981438
gp_latent_0,867,-0.024885470047593117
gp_latent_0,868,0.03200493007898331
gp_latent_0,869,0.040381576865911484
gp_latent_0,870,0.027316976338624954
gp_latent_0,871,0.04704843834042549
gp_latent_0,872,0.016615411266684532
gp_latent_0,873,0.013635349459946156
gp_latent_0,874,0.010930600576102734
gp_latent_0,875,0.04568665474653244
gp_latent_0,876,0.029859663918614388
gp_latent_0,877,0.008868169970810413
gp_latent_0,878,-0.05473342910408974
gp_latent_0,879,0.013666297309100628
gp_latent_0,880,-0.011923767626285553
gp_latent_0,881,0.04396766424179077
gp_latent_0,882,0.035714734345674515
gp_latent_0,883,0.02498263120651245
gp_latent_0,884,-0.02988671511411667
gp_latent_0,885,0.010486672632396221
gp_latent_0,886,-0.015487680211663246
gp_latent_0,887,-0.028979452326893806
gp_latent_0,888,0.005440851673483849
gp_latent_0,889,0.02097344398498535
gp_latent_0,890,-0.00891227088868618
gp_latent_0,891,-0.01673833839595318
gp_latent_0,892,0.027771063148975372
gp_latent_0,893,0.0373767614364624
gp_latent_0,894,0.02632247284054756
gp_latent_0,895,0.020499300211668015
gp_latent_0,896,0.023325879126787186
gp_latent_0,897,0.015207442454993725
gp_latent_0,898,-0.01474793255329132
gp_latent_0,899,0.027225883677601814
gp_latent_0,900,0.03570353984832764
gp_latent_0,901,0.036151789128780365
gp_latent_0,902,-0.0065222857519984245
gp_latent_0,903,-0.002478916896507144
gp_latent_0,904,0.03456704691052437
gp_latent_0,905,0.03304970636963844
gp_latent_0,906,0.029265521094202995
gp_latent_0,907,0.02633517235517502
gp_latent_0,908,0.03373192995786667
gp_latent_0,909,0.008100724779069424
gp_latent_0,910,0.040926359593868256
gp_latent_0,911,0.028591759502887726
gp_latent_0,912,0.03526315093040466
gp_latent_0,913,0.038679517805576324
gp_latent_0,914,-0.011734371073544025
gp_latent_0,915,0.04021231457591057
gp_latent_0,916,0.02215513214468956
gp_latent_0,917,0.01625959575176239
gp_latent_0,918,0.01302418578416109
gp_latent_0,919,-0.03228535130620003
gp_latent_0,920,0.028968533501029015
gp_latent_0,921,-0.016821755096316338
gp_latent_0,922,-0.025695128366351128
gp_latent_0,923,-0.002475990215316415
gp_latent_0,924,0.01862620934844017
gp_latent_0,925,0.04347667470574379
gp_latent_0,926,0.021176109090447426
gp_latent_0,927,0.0326513834297657
gp_latent_0,928,-0.0034926908556371927
gp_latent_0,929,-0.01020009070634842
gp_latent_0,930,-0.009988372214138508
gp_latent_0,931,0.02837911807000637
gp_latent_0,932,0.008546542376279831
gp_latent_0,933,0.026696424931287766
gp_latent_0,934,-0.08876790851354599
gp_latent_0,935,-0.08653062582015991
gp_latent_0,936,0.030006637796759605
gp_latent_0,937,0.028008945286273956
gp_latent_0,938,-0.09421243518590927
gp_latent_0,939,0.048242684453725815
gp_latent_0,940,0.06068681925535202
gp_latent_0,941,-0.009265507571399212
gp_latent_0,942,-0.004527734592556953
gp_latent_0,943,0.025410369038581848
gp_latent_0,944,0.03771493211388588
gp_latent_0,945,0.006681409664452076
gp_latent_0,946,-0.006647547706961632
gp_latent_0,947,-0.014751870185136795
gp_latent_0,948,0.04403612017631531
gp_latent_0,949,0.01113475114107132
gp_latent_1,0,0.025021003559231758
gp_latent_1,1,-0.06543751806020737
gp_latent_1,2,0.05138826370239258
gp_latent_1,3,-0.02250305749475956
gp_latent_1,4,-0.048629846423864365
gp_latent_1,5,-0.01205023005604744
gp_latent_1,6,-0.009553621523082256
gp_latent_1,7,0.038155555725097656
gp_latent_1,8,0.04472248628735542
gp_latent_1,9,-0.05097128823399544
gp_latent_1,10,-0.003921778406947851
gp_latent_1,11,0.0030624540522694588
gp_latent_1,12,-0.002891765907406807
gp_latent_1,13,0.005906722508370876
gp_latent_1,14,0.0019126012921333313
gp_latent_1,15,0.0034307651221752167
gp_latent_1,16,-0.00673433905467391
gp_latent_1,17,0.023023158311843872
gp_latent_1,18,-0.04918474704027176
gp_latent_1,19,0.003180796978995204
gp_latent_1,20,-0.004504256881773472
gp_latent_1,21,0.034810516983270645
gp_latent_1,22,0.011522120796144009
gp_latent_1,23,0.0009681317023932934
gp_latent_1,24,0.027331573888659477
gp_latent_1,25,-0.01707211136817932
gp_latent_1,26,0.018267974257469177
gp_latent_1,27,0.028562262654304504
gp_latent_1,28,0.015571672469377518
gp_latent_1,29,0.002846761606633663
gp_latent_1,30,0.011096848174929619
gp_latent_1,31,0.04715726897120476
gp_latent_1,32,-0.01017177663743496
gp_latent_1,33,-0.02148761786520481
gp_latent_1,34,0.11525586992502213
gp_latent_1,35,0.0896441638469696
gp_latent_1,36,0.010248602367937565
gp_latent_1,37,-0.032471172511577606
gp_latent_1,38,-0.002061025006696582
gp_latent_1,39,-0.027130741626024246
gp_latent_1,40,-0.00725072855129838
gp_latent_1,41,0.024040473625063896
gp_latent_1,42,0.07799813151359558
gp_latent_1,43,-0.012642877176404
gp_latent_1,44,0.006905300542712212
gp_latent_1,45,0.025043413043022156
gp_latent_1,46,0.023734834045171738
gp_latent_1,47,0.02358025126159191
gp_latent_1,48,0.020982341840863228
gp_latent_1,49,0.013640321791172028
gp_latent_1,50,-0.04853703826665878
gp_latent_1,51,-0.01421411894261837
gp_latent_1,52,-0.04085088521242142
gp_latent_1,53,-0.029927195981144905
gp_latent_1,54,0.03041841648519039
gp_latent_1,55,0.07907512784004211
gp_latent_1,56,0.0740414559841156
gp_latent_1,57,-0.006000390741974115
gp_latent_1,58,-0.048390358686447144
gp_latent_1,59,-0.02133408561348915
gp_latent_1,60,0.0544658899307251
gp_latent_1,61,-0.00981469452381134
gp_latent_1,62,0.01746872253715992
gp_latent_1,63,-0.03801589086651802
gp_latent_1,64,0.009282726794481277
gp_latent_1,65,0.043237775564193726
gp_latent_1,66,-0.03223176300525665
gp_latent_1,67,0.03963698819279671
gp_latent_1,68,-0.01030923705548048
gp_latent_1,69,0.029988041147589684
gp_latent_1,70,0.02817689999938011
gp_latent_1,71,-0.038557276129722595
gp_latent_1,72,0.016359038650989532
gp_latent_1,73,-0.03008691594004631
gp_latent_1,74,0.02656829170882702
gp_latent_1,75,-0.041518062353134155
gp_latent_1,76,-0.02231132611632347
gp_latent_1,77,-0.03439405560493469
gp_latent_1,78,-0.0338352806866169
gp_latent_1,79,-0.03113408014178276
gp_latent_1,80,-0.04830244556069374
gp_latent_1,81,-0.05211431905627251
gp_latent_1,82,0.028678009286522865
gp_latent_1,83,-0.03734375536441803
gp_latent_1,84,0.02991570346057415
gp_latent_1,85,-0.005265559535473585
gp_latent_1,86,-0.01043260470032692
gp_latent_1,87,0.008862439543008804
gp_latent_1,88,0.03852984681725502
gp_latent_1,89,0.06253883987665176
gp_latent_1,90,-0.007340460550040007
gp_latent_1,91,-0.015945015475153923
gp_latent_1,92,-0.05275268107652664
gp_latent_1,93,-0.04434285685420036
gp_latent_1,94,0.03443477675318718
gp_latent_1,95,0.017675455659627914
gp_latent_1,96,0.012166902422904968
gp_latent_1,97,-0.011985104531049728
gp_latent_1,98,-0.02375073917210102
gp_latent_1,99,0.009040609002113342
gp_latent_1,100,-0.017128663137555122
gp_latent_1,101,0.010661126114428043
gp_latent_1,102,0.010037525556981564
gp_latent_1,103,-0.014687523245811462
gp_latent_1,104,-0.029020236805081367
gp_latent_1,105,0.005842381156980991
gp_latent_1,106,0.01633826084434986
gp_latent_1,107,-0.009900237433612347
gp_latent_1,108,0.05539284646511078
gp_latent_1,109,0.07160921394824982
gp_latent_1,110,0.055830683559179306
gp_latent_1,111,0.06261207163333893
gp_latent_1,112,0.05802391096949577
gp_latent_1,113,0.025536641478538513
gp_latent_1,114,0.006734748836606741
gp_latent_1,115,0.01084025576710701
gp_latent_1,116,-0.0022516276221722364
gp_latent_1,117,0.009082267060875893
gp_latent_1,118,-0.002947957953438163
gp_latent_1,119,-0.003265228820964694
gp_latent_1,120,0.015779543668031693
gp_latent_1,121,-0.02499893307685852
gp_latent_1,122,0.028325866907835007
gp_latent_1,123,0.07769232988357544
gp_latent_1,124,-0.008113894611597061
gp_latent_1,125,0.05201607942581177
gp_latent_1,126,-0.013412063010036945
gp_latent_1,127,-0.001006388571113348
gp_latent_1,128,-0.010337505489587784
gp_latent_1,129,0.006863255985081196
gp_latent_1,130,-0.01395829115062952
gp_latent_1,131,0.02240690402686596
gp_latent_1,132,0.00342013081535697
gp_latent_1,133,-0.0008092924836091697
gp_latent_1,134,0.009195080026984215
gp_latent_1,135,0.000853813486173749
gp_latent_1,136,-0.03268254175782204
gp_latent_1,137,-0.06744818389415741
gp_latent_1,138,-0.07627008855342865
gp_latent_1,139,-0.08838227391242981
gp_latent_1,140,0.034728847444057465
gp_latent_1,141,0.048726409673690796
gp_latent_1,142,-0.003969274461269379
gp_latent_1,143,0.025117546319961548
gp_latent_1,144,0.012605685740709305
gp_latent_1,145,0.03718330338597298
gp_latent_1,146,0.0316835418343544
gp_latent_1,147,0.011589732021093369
gp_latent_1,148,0.010276611894369125
gp_latent_1,149,0.025207435712218285
gp_latent_1,150,0.003687119111418724
gp_latent_1,151,0.01939922384917736
gp_latent_1,152,-0.0026220097206532955
gp_latent_1,153,0.013136856257915497
gp_latent_1,154,0.031003765761852264
gp_latent_1,155,0.011823935434222221
gp_latent_1,156,-0.009281579405069351
gp_latent_1,157,0.022336214780807495
gp_latent_1,158,-0.019138477742671967
gp_latent_1,159,-0.012098321691155434
gp_latent_1,160,-0.020899299532175064
gp_latent_1,161,-0.010903261601924896
gp_latent_1,162,0.019166074693202972
gp_latent_1,163,0.01141305547207594
gp_latent_1,164,0.007588080130517483
gp_latent_1,165,-0.008105413988232613
gp_latent_1,166,0.00499810790643096
gp_latent_1,167,0.02888200804591179
gp_latent_1,168,0.0193928349763155
gp_latent_1,169,0.031043682247400284
gp_latent_1,170,0.005611822009086609
gp_latent_1,171,0.035575687885284424
gp_latent_1,172,0.006112417671829462
gp_latent_1,173,-0.015606632456183434
gp_latent_1,174,0.011737469583749771
gp_latent_1,175,-0.0018214730080217123
gp_latent_1,176,0.03650689125061035
gp_latent_1,177,-0.00944412313401699
gp_latent_1,178,0.015828439965844154
gp_latent_1,179,0.016609307378530502
gp_latent_1,180,0.005179895553737879
gp_latent_1,181,0.12300042808055878
gp_latent_1,182,0.12006960064172745
gp_latent_1,183,0.09838137775659561
gp_latent_1,184,0.008819568902254105
gp_latent_1,185,-0.018541572615504265
gp_latent_1,186,-0.005748892202973366
gp_latent_1,187,0.014892350882291794
gp_latent_1,188,-0.01063389889895916
gp_latent_1,189,0.008758989162743092
gp_latent_1,190,0.05428415164351463
gp_latent_1,191,0.0921495109796524
gp_latent_1,192,0.09082318842411041
gp_latent_1,193,0.061533138155937195
gp_latent_1,194,0.053403764963150024
gp_latent_1,195,0.019487367942929268
gp_latent_1,196,0.005295939277857542
gp_latent_1,197,0.01956310123205185
gp_latent_1,198,0.11804744601249695
gp_latent_1,199,0.028750073164701462
gp_latent_1,200,0.012975417077541351
gp_latent_1,201,-0.016832005232572556
gp_latent_1,202,-0.03163417801260948
gp_latent_1,203,0.0003966093063354492
gp_latent_1,204,0.040958222001791
gp_latent_1,205,0.04909359663724899
gp_latent_1,206,-0.03575018793344498
gp_latent_1,207,0.0005530528724193573
gp_latent_1,208,0.004930974915623665
gp_latent_1,209,0.015797803178429604
gp_latent_1,210,0.03591791167855263
gp_latent_1,211,0.024325400590896606
gp_latent_1,212,-0.010680411010980606
gp_latent_1,213,0.028556447476148605
gp_latent_1,214,0.05851416289806366
gp_latent_1,215,0.02479480393230915
gp_latent_1,216,0.04398591071367264
gp_latent_1,217,0.016539737582206726
gp_latent_1,218,0.008358354680240154
gp_latent_1,219,0.01647588610649109
gp_latent_1,220,0.03202841058373451
gp_latent_1,221,-0.006037762854248285
gp_latent_1,222,0.01151331327855587
gp_latent_1,223,-0.017953742295503616
gp_latent_1,224,0.009665030986070633
gp_latent_1,225,-0.015464610420167446
gp_latent_1,226,0.036960456520318985
gp_latent_1,227,0.03282102197408676
gp_latent_1,228,-0.003702064510434866
gp_latent_1,229,0.024226868525147438
gp_latent_1,230,0.009245794266462326
gp_latent_1,231,-0.015121959149837494
gp_latent_1,232,0.014864068478345871
gp_latent_1,233,0.015256775543093681
gp_latent_1,234,-0.028198694810271263
gp_latent_1,235,-0.0024736300110816956
gp_latent_1,236,-0.01634051837027073
gp_latent_1,237,0.028937928378582
gp_latent_1,238,-0.00505420658737421
gp_latent_1,239,0.003428100608289242
gp_latent_1,240,0.011651244014501572
gp_latent_1,241,0.02123315818607807
gp_latent_1,242,0.014556603506207466
gp_latent_1,243,0.015931909903883934
gp_latent_1,244,0.02105008438229561
gp_latent_1,245,0.015458561480045319
gp_latent_1,246,0.04243700951337814
gp_latent_1,247,-0.019468074664473534
gp_latent_1,248,0.023818086832761765
gp_latent_1,249,0.015221303328871727
gp_latent_1,250,-0.017498651519417763
gp_latent_1,251,-0.020002398639917374
gp_latent_1,252,0.010992523282766342
gp_latent_1,253,-0.003823754610493779
gp_latent_1,254,0.055865105241537094
gp_latent_1,255,-0.0025459425523877144
gp_latent_1,256,-0.027722641825675964
gp_latent_1,257,-0.003442282322794199
gp_latent_1,258,0.04475880786776543
gp_latent_1,259,0.029290497303009033
gp_latent_1,260,0.02487494796514511
gp_latent_1,261,-0.015559593215584755
gp_latent_1,262,-0.00422326335683465
gp_latent_1,263,0.020292924717068672
gp_latent_1,264,0.02543562836945057
gp_latent_1,265,-0.012648592703044415
gp_latent_1,266,0.11357071995735168
gp_latent_1,267,0.017085231840610504
gp_latent_1,268,-0.02821255475282669
gp_latent_1,269,0.054958947002887726
gp_latent_1,270,0.05607651546597481
gp_latent_1,271,0.013342789374291897
gp_latent_1,272,0.006639201659709215
gp_latent_1,273,-0.05893324315547943
gp_latent_1,274,-0.03296337276697159
gp_latent_1,275,-0.00032050395384430885
gp_latent_1,276,0.006412424147129059
gp_latent_1,277,0.0009552368428558111
gp_latent_1,278,-0.015193806029856205
gp_latent_1,279,-0.04209534451365471
gp_latent_1,280,0.04211658239364624
gp_latent_1,281,-0.006531689781695604
gp_latent_1,282,0.029115920886397362
gp_latent_1,283,0.06738154590129852
gp_latent_1,284,-0.0275926124304533
gp_latent_1,285,-0.05212235450744629
gp_latent_1,286,-0.0002846582792699337
gp_latent_1,287,-0.019674086943268776
gp_latent_1,288,-0.013939829543232918
gp_latent_1,289,-0.004201247822493315
gp_latent_1,290,-0.02978183515369892
gp_latent_1,291,0.027492055669426918
gp_latent_1,292,0.03074464201927185
gp_latent_1,293,0.08141296356916428
gp_latent_1,294,-0.005276815500110388
gp_latent_1,295,0.00636022724211216
gp_latent_1,296,0.039346110075712204
gp_latent_1,297,0.03839292377233505
gp_latent_1,298,-0.014428390190005302
gp_latent_1,299,0.004052850883454084
gp_latent_1,300,0.0869092270731926
gp_latent_1,301,0.10839951038360596
gp_latent_1,302,0.0648704469203949
gp_latent_1,303,0.011227687820792198
gp_latent_1,304,0.021499967202544212
gp_latent_1,305,0.01394781656563282
gp_latent_1,306,0.007808511611074209
gp_latent_1,307,0.0538109689950943
gp_latent_1,308,0.03796790540218353
gp_latent_1,309,0.01220528595149517
gp_latent_1,310,-0.08949394524097443
gp_latent_1,311,-0.023093583062291145
gp_latent_1,312,-0.02787065878510475
gp_latent_1,313,-0.003102479502558708
gp_latent_1,314,-0.009089851751923561
gp_latent_1,315,0.036617692559957504
gp_latent_1,316,0.010155481286346912
gp_latent_1,317,0.013904012739658356
gp_latent_1,318,-0.01803603768348694
gp_latent_1,319,0.008419958874583244
gp_latent_1,320,0.02464989945292473
gp_latent_1,321,-0.0030595757998526096
gp_latent_1,322,0.024114705622196198
gp_latent_1,323,-0.04955444484949112
gp_latent_1,324,-0.031097423285245895
gp_latent_1,325,-0.06178400292992592
gp_latent_1,326,-0.04026559367775917
gp_latent_1,327,0.006332912016659975
gp_latent_1,328,-0.010388921946287155
gp_latent_1,329,-0.03786244988441467
gp_latent_1,330,-0.008727677166461945
gp_latent_1,331,-0.02066189981997013
gp_latent_1,332,0.02255864441394806
gp_latent_1,333,0.03136606514453888
gp_latent_1,334,0.018911663442850113
gp_latent_1,335,0.029446491971611977
gp_latent_1,336,0.013186139054596424
gp_latent_1,337,-0.035321980714797974
gp_latent_1,338,0.028603337705135345
gp_latent_1,339,0.03737330436706543
gp_latent_1,340,0.006510443985462189
gp_latent_1,341,-0.008552192710340023
gp_latent_1,342,-0.03664951026439667
gp_latent_1,343,-0.00029543740674853325
gp_latent_1,344,-0.01590781845152378
gp_latent_1,345,0.005407118704169989
gp_latent_1,346,-0.022618582472205162
gp_latent_1,347,-0.0003626386169344187
gp_latent_1,348,0.03241581469774246
gp_latent_1,349,0.011186803691089153
gp_latent_1,350,0.03369522467255592
gp_latent_1,351,0.025326507166028023
gp_latent_1,352,0.018905246630311012
gp_latent_1,353,0.003143929410725832
gp_latent_1,354,0.02772986702620983
gp_latent_1,355,-0.019714733585715294
gp_latent_1,356,0.010145199485123158
gp_latent_1,357,-0.00019549555145204067
gp_latent_1,358,0.011823108419775963
gp_latent_1,359,0.0033006626181304455
gp_latent_1,360,0.01817883923649788
gp_latent_1,361,0.00011673476547002792
gp_latent_1,362,-0.006013001315295696
gp_latent_1,363,-0.02779831737279892
gp_latent_1,364,0.011570601724088192
gp_latent_1,365,-0.007932082749903202
gp_latent_1,366,-0.006236313842236996
gp_latent_1,367,-0.04736284539103508
gp_latent_1,368,0.008368809707462788
gp_latent_1,369,-0.0002959831617772579
gp_latent_1,370,0.0011856704950332642
gp_latent_1,371,0.04101146385073662
gp_latent_1,372,0.007311028428375721
gp_latent_1,373,-0.039932772517204285
gp_latent_1,374,-0.03268761560320854
gp_latent_1,375,-0.02897036075592041
gp_latent_1,376,0.007309239357709885
gp_latent_1,377,-0.014645375311374664
gp_latent_1,378,0.061966702342033386
gp_latent_1,379,-0.05813605710864067
gp_latent_1,380,-0.016893375664949417
gp_latent_1,381,-0.03249021992087364
gp_latent_1,382,-0.04217628389596939
gp_latent_1,383,-0.03830651938915253
gp_latent_1,384,-0.014790939167141914
gp_latent_1,385,0.02665485441684723
gp_latent_1,386,-0.02889988012611866
gp_latent_1,387,-0.040227048099040985
gp_latent_1,388,-0.0483078733086586
gp_latent_1,389,0.053332116454839706
gp_latent_1,390,-0.016757547855377197
gp_latent_1,391,-0.05616861209273338
gp_latent_1,392,-0.04962699115276337
gp_latent_1,393,-0.0325179398059845
gp_latent_1,394,-0.017771178856492043
gp_latent_1,395,-0.04113132506608963
gp_latent_1,396,-0.04778612032532692
gp_latent_1,397,-0.008820312097668648
gp_latent_1,398,0.0325361005961895
gp_latent_1,399,-0.005867378786206245
gp_latent_1,400,-0.03681417182087898
gp_latent_1,401,-0.04760591313242912
gp_latent_1,402,-0.04892408102750778
gp_latent_1,403,-0.009057080373167992
gp_latent_1,404,-0.00857345387339592
gp_latent_1,405,0.010384154506027699
gp_latent_1,406,-0.0016547320410609245
gp_latent_1,407,0.011456651613116264
gp_latent_1,408,0.018099065870046616
gp_latent_1,409,-0.010561421513557434
gp_latent_1,410,-0.0019553829915821552
gp_latent_1,411,0.023952500894665718
gp_latent_1,412,-0.02577236294746399
gp_latent_1,413,0.021921662613749504
gp_latent_1,414,-0.015104090794920921
gp_latent_1,415,0.0005890228785574436
gp_latent_1,416,-0.06654760241508484
gp_latent_1,417,-0.012667153030633926
gp_latent_1,418,0.0274391807615757
gp_latent_1,419,0.02037866786122322
gp_latent_1,420,-0.0015143328346312046
gp_latent_1,421,0.0028501106426119804
gp_latent_1,422,-0.028992272913455963
gp_latent_1,423,-0.002063180785626173
gp_latent_1,424,0.04360980540513992
gp_latent_1,425,-0.015573492273688316
gp_latent_1,426,-0.05328865721821785
gp_latent_1,427,-0.06868474930524826
gp_latent_1,428,-0.08455857634544373
gp_latent_1,429,-0.00738911796361208
gp_latent_1,430,0.011640593409538269
gp_latent_1,431,-0.002258803229779005
gp_latent_1,432,0.01968390680849552
gp_latent_1,433,0.00488033052533865
gp_latent_1,434,0.014023736119270325
gp_latent_1,435,0.02147611416876316
gp_latent_1,436,0.010660725645720959
gp_latent_1,437,0.05695289745926857
gp_latent_1,438,0.009504657238721848
gp_latent_1,439,-0.008289188146591187
gp_latent_1,440,-0.0019043104257434607
gp_latent_1,441,0.01710367016494274
gp_latent_1,442,0.01816866546869278
gp_latent_1,443,0.02556828409433365
gp_latent_1,444,-0.01099802739918232
gp_latent_1,445,-0.016956187784671783
gp_latent_1,446,0.029542038217186928
gp_latent_1,447,0.027024243026971817
gp_latent_1,448,-0.005813492462038994
gp_latent_1,449,0.011691984720528126
gp_latent_1,450,0.025864319875836372
gp_latent_1,451,0.055031683295965195
gp_latent_1,452,0.03889268636703491
gp_latent_1,453,0.04487795755267143
gp_latent_1,454,0.0016088802367448807
gp_latent_1,455,0.05313574895262718
gp_latent_1,456,0.018503524363040924
gp_latent_1,457,0.048181407153606415
gp_latent_1,458,0.0561777800321579
gp_latent_1,459,0.0364849790930748
gp_latent_1,460,-0.026084698736667633
gp_latent_1,461,0.028433356434106827
gp_latent_1,462,0.003214932046830654
gp_latent_1,463,-0.03839591518044472
gp_latent_1,464,0.0004609457100741565
gp_latent_1,465,-0.02054745890200138
gp_latent_1,466,0.018725721165537834
gp_latent_1,467,0.012568360194563866
gp_latent_1,468,0.0016732702497392893
gp_latent_1,469,-0.06937642395496368
gp_latent_1,470,0.022068634629249573
gp_latent_1,471,-0.01172175258398056
gp_latent_1,472,2.731429412961006e-05
gp_latent_1,473,-0.0054556443355977535
gp_latent_1,474,-0.0476263090968132
gp_latent_1,475,0.004051875788718462
gp_latent_1,476,-0.006500988267362118
gp_latent_1,477,0.007050652522593737
gp_latent_1,478,0.018038956448435783
gp_latent_1,479,0.01570924185216427
gp_latent_1,480,-0.0011799945496022701
gp_latent_1,481,-0.01567305438220501
gp_latent_1,482,0.05738270655274391
gp_latent_1,483,0.011950011365115643
gp_latent_1,484,-0.016218436881899834
gp_latent_1,485,0.021793559193611145
gp_latent_1,486,0.012584448792040348
gp_latent_1,487,0.005258730612695217
gp_latent_1,488,-0.014565647579729557
gp_latent_1,489,0.011903036385774612
gp_latent_1,490,0.0007393811247311532
gp_latent_1,491,-0.0011304325889796019
gp_latent_1,492,0.02006801962852478
gp_latent_1,493,0.013128518126904964
gp_latent_1,494,0.03172077238559723
gp_latent_1,495,0.011974561959505081
gp_latent_1,496,0.0180972907692194
gp_latent_1,497,0.0066990978084504604
gp_latent_1,498,-0.002795379376038909
gp_latent_1,499,0.013016799464821815
gp_latent_1,500,-0.018991854041814804
gp_latent_1,501,0.042449675500392914
gp_latent_1,502,0.06328946352005005
gp_latent_1,503,0.05325612425804138
gp_latent_1,504,0.03799303621053696
gp_latent_1,505,0.054410502314567566
gp_latent_1,506,0.04681563004851341
gp_latent_1,507,0.05134403333067894
gp_latent_1,508,0.010416326113045216
gp_latent_1,509,0.04926113411784172
gp_latent_1,510,-0.02080664038658142
gp_latent_1,511,0.007528788410127163
gp_latent_1,512,0.0051633273251354694
gp_latent_1,513,0.017935365438461304
gp_latent_1,514,0.05094360560178757
gp_latent_1,515,-0.024604016914963722
gp_latent_1,516,0.008838998153805733
gp_latent_1,517,0.04389817267656326
gp_latent_1,518,0.0265361201018095
gp_latent_1,519,0.02209203690290451
gp_latent_1,520,0.002235156251117587
gp_latent_1,521,-0.016699619591236115
gp_latent_1,522,0.015690185129642487
gp_latent_1,523,0.012315923348069191
gp_latent_1,524,0.0010138637153431773
gp_latent_1,525,0.036741387099027634
gp_latent_1,526,0.04216241464018822
gp_latent_1,527,-0.07868868857622147
gp_latent_1,528,-0.08383850753307343
gp_latent_1,529,0.03165612742304802
gp_latent_1,530,-0.005926280282437801
gp_latent_1,531,-0.012296459637582302
gp_latent_1,532,-0.005600419361144304
gp_latent_1,533,0.036228448152542114
gp_latent_1,534,0.022085661068558693
gp_latent_1,535,-0.07693742215633392
gp_latent_1,536,0.04117164760828018
gp_latent_1,537,0.025006206706166267
gp_latent_1,538,0.002843088237568736
gp_latent_1,539,-0.050647806376218796
gp_latent_1,540,0.047246504575014114
gp_latent_1,541,-0.016228513792157173
gp_latent_1,542,-0.016472749412059784
gp_latent_1,543,-0.008703190833330154
gp_latent_1,544,-0.06796853989362717
gp_latent_1,545,-0.037020374089479446
gp_latent_1,546,-0.04856688156723976
gp_latent_1,547,-0.0421665720641613
gp_latent_1,548,-0.029380913823843002
gp_latent_1,549,-0.06022001430392265
gp_latent_1,550,-0.05439545959234238
gp_latent_1,551,0.01579473540186882
gp_latent_1,552,0.03645285591483116
gp_latent_1,553,0.051174912601709366
gp_latent_1,554,-0.07188582420349121
gp_latent_1,555,-0.07773637771606445
gp_latent_1,556,-0.08310289680957794
gp_latent_1,557,-0.07871255278587341
gp_latent_1,558,-0.06514528393745422
gp_latent_1,559,-0.06643599271774292
gp_latent_1,560,-0.07587026059627533
gp_latent_1,561,-0.08724699169397354
gp_latent_1,562,-0.08627060800790787
gp_latent_1,563,-0.07434956729412079
gp_latent_1,564,-0.08445927500724792
gp_latent_1,565,-0.07644010335206985
gp_latent_1,566,-0.0978059470653534
gp_latent_1,567,-0.08769369125366211
gp_latent_1,568,-0.08629222214221954
gp_latent_1,569,-0.06875526905059814
gp_latent_1,570,-0.08822953701019287
gp_latent_1,571,-0.08054613322019577
gp_latent_1,572,-0.06529465317726135
gp_latent_1,573,-0.07508404552936554
gp_latent_1,574,-0.08271624147891998
gp_latent_1,575,0.0022831105161458254
gp_latent_1,576,-0.006158291827887297
gp_latent_1,577,-0.0035685645416378975
gp_latent_1,578,-0.005097263492643833
gp_latent_1,579,-0.00979013741016388
gp_latent_1,580,0.001080540008842945
gp_latent_1,581,0.024538597092032433
gp_latent_1,582,-0.006684339605271816
gp_latent_1,583,-0.06275975704193115
gp_latent_1,584,-0.05928317457437515
gp_latent_1,585,0.051894571632146835
gp_latent_1,586,-0.06669775396585464
gp_latent_1,587,-0.06268823146820068
gp_latent_1,588,-0.08964785188436508
gp_latent_1,589,-0.028357008472085
gp_latent_1,590,-0.009756861254572868
gp_latent_1,591,-0.0883597731590271
gp_latent_1,592,0.003317928873002529
gp_latent_1,593,-0.0652899220585823
gp_latent_1,594,-0.08126569539308548
gp_latent_1,595,0.01816791482269764
gp_latent_1,596,0.030950231477618217
gp_latent_1,597,0.0486331544816494
gp_latent_1,598,0.03977994620800018
gp_latent_1,599,-0.06301482021808624
gp_latent_1,600,-0.06175188347697258
gp_latent_1,601,-0.08640558272600174
gp_latent_1,602,-0.047800809144973755
gp_latent_1,603,-0.052548784762620926
gp_latent_1,604,-0.04834342002868652
gp_latent_1,605,-0.05651848763227463
gp_latent_1,606,-0.046443190425634384
gp_latent_1,607,-0.05012350156903267
gp_latent_1,608,-0.04404230788350105
gp_latent_1,609,-0.057590141892433167
gp_latent_1,610,-0.02784144878387451
gp_latent_1,611,-0.05325450003147125
gp_latent_1,612,-0.022384662181138992
gp_latent_1,613,0.03567052260041237
gp_latent_1,614,0.032636694610118866
gp_latent_1,615,0.03486395254731178
gp_latent_1,616,0.03314018249511719
gp_latent_1,617,0.02524404413998127
gp_latent_1,618,0.03298475593328476
gp_latent_1,619,0.02930670976638794
gp_latent_1,620,0.05090086907148361
gp_latent_1,621,0.04192186892032623
gp_latent_1,622,-0.0021737534552812576
gp_latent_1,623,0.010110296308994293
gp_latent_1,624,-0.0927651971578598
gp_latent_1,625,-0.03959202766418457
gp_latent_1,626,-0.05675129592418671
gp_latent_1,627,-0.036600641906261444
gp_latent_1,628,-0.012979354709386826
gp_latent_1,629,0.036178771406412125
gp_latent_1,630,0.033356502652168274
gp_latent_1,631,0.038510702550411224
gp_latent_1,632,0.06258929520845413
gp_latent_1,633,-0.017071954905986786
gp_latent_1,634,-0.03875304013490677
gp_latent_1,635,-0.08203204721212387
gp_latent_1,636,-0.07077246159315109
gp_latent_1,637,-0.08738639205694199
gp_latent_1,638,0.033156733959913254
gp_latent_1,639,-0.003982075490057468
gp_latent_1,640,-0.07833555340766907
gp_latent_1,641,7.400964386761189e-05
gp_latent_1,642,0.03710882365703583
gp_latent_1,643,0.038486700505018234
gp_latent_1,644,0.04714050143957138
gp_latent_1,645,0.04755641892552376
gp_latent_1,646,-0.07907287776470184
gp_latent_1,647,-0.07609200477600098
gp_latent_1,648,-0.032452311366796494
gp_latent_1,649,-0.0253753624856472
gp_latent_1,650,-0.03371172770857811
gp_latent_1,651,-0.03365381434559822
gp_latent_1,652,-0.03737781569361687
gp_latent_1,653,-0.03176942840218544
gp_latent_1,654,0.037516698241233826
gp_latent_1,655,0.03882357478141785
gp_latent_1,656,-0.048392362892627716
gp_latent_1,657,-0.041695334017276764
gp_latent_1,658,0.027107447385787964
gp_latent_1,659,0.03664955496788025
gp_latent_1,660,-0.001450935611501336
gp_latent_1,661,-0.014944624155759811
gp_latent_1,662,0.035868484526872635
gp_latent_1,663,0.03795728087425232
gp_latent_1,664,0.039696104824543
gp_latent_1,665,-0.06844066083431244
gp_latent_1,666,0.021100809797644615
gp_latent_1,667,-0.05176493152976036
gp_latent_1,668,-0.05056702718138695
gp_latent_1,669,0.06838008016347885
gp_latent_1,670,0.00960119254887104
gp_latent_1,671,0.007373647764325142
gp_latent_1,672,-0.007457599509507418
gp_latent_1,673,0.005801152437925339
gp_latent_1,674,-0.04318523406982422
gp_latent_1,675,-0.05775346979498863
gp_latent_1,676,-0.05721099674701691
gp_latent_1,677,-0.05845499411225319
gp_latent_1,678,0.038167554885149
gp_latent_1,679,-0.09969502687454224
gp_latent_1,680,-0.09064415097236633
gp_latent_1,681,-0.08492725342512131
gp_latent_1,682,-0.06437809765338898
gp_latent_1,683,-0.07310052961111069
gp_latent_1,684,-0.09768085926771164
gp_latent_1,685,-0.0873212218284607
gp_latent_1,686,-0.09192614257335663
gp_latent_1,687,-0.07035700976848602
gp_latent_1,688,-0.06648664176464081
gp_latent_1,689,-0.08315963298082352
gp_latent_1,690,0.002283957786858082
gp_latent_1,691,0.029926782473921776
gp_latent_1,692,0.04435134306550026
gp_latent_1,693,-0.001848051673732698
gp_latent_1,694,0.0011661562602967024
gp_latent_1,695,-0.01909298077225685
gp_latent_1,696,-0.012417638674378395
gp_latent_1,697,-0.006446614861488342
gp_latent_1,698,-0.009543097577989101
gp_latent_1,699,-0.00805346667766571
gp_latent_1,700,0.00797229167073965
gp_latent_1,701,-0.011051911860704422
gp_latent_1,702,-0.01231789868324995
gp_latent_1,703,-0.050240322947502136
gp_latent_1,704,-0.08500378578901291
gp_latent_1,705,-0.07267224043607712
gp_latent_1,706,-0.091384157538414
gp_latent_1,707,-0.07351633161306381
gp_latent_1,708,-0.07795651257038116
gp_latent_1,709,0.04616826772689819
gp_latent_1,710,0.054883573204278946
gp_latent_1,711,-0.01839139126241207
gp_latent_1,712,-0.002657324308529496
gp_latent_1,713,0.011259769089519978
gp_latent_1,714,0.00019779079593718052
gp_latent_1,715,0.06067828834056854
gp_latent_1,716,-0.0767672136425972
gp_latent_1,717,-0.037458386272192
gp_latent_1,718,-0.03781116381287575
gp_latent_1,719,-0.04250495508313179
gp_latent_1,720,-0.04500514268875122
gp_latent_1,721,-0.038470830768346786
gp_latent_1,722,-0.03739281743764877
gp_latent_1,723,-0.04142284020781517
gp_latent_1,724,0.016987962648272514
gp_latent_1,725,0.03955754265189171
gp_latent_1,726,0.03616727516055107
gp_latent_1,727,0.013836827129125595
gp_latent_1,728,0.018204553052783012
gp_latent_1,729,-0.07321275025606155
gp_latent_1,730,-0.030816197395324707
gp_latent_1,731,0.038780536502599716
gp_latent_1,732,0.05202396586537361
gp_latent_1,733,-0.06397495418787003
gp_latent_1,734,-0.06806584447622299
gp_latent_1,735,0.00021167605882510543
gp_latent_1,736,0.071015365421772
gp_latent_1,737,-0.05164014548063278
gp_latent_1,738,-0.001914614113047719
gp_latent_1,739,-0.029743405058979988
gp_latent_1,740,-0.056769903749227524
gp_latent_1,741,-0.004543366841971874
gp_latent_1,742,-0.010423577390611172
gp_latent_1,743,0.036513183265924454
gp_latent_1,744,-0.03408801928162575
gp_latent_1,745,0.009508782997727394
gp_latent_1,746,0.01749906875193119
gp_latent_1,747,0.005432425532490015
gp_latent_1,748,-0.09699344635009766
gp_latent_1,749,0.023585349321365356
gp_latent_1,750,0.0018293571192771196
gp_latent_1,751,-0.014892839826643467
gp_latent_1,752,-0.1069471687078476
gp_latent_1,753,-0.0911269336938858
gp_latent_1,754,-0.038455620408058167
gp_latent_1,755,-0.004868780262768269
gp_latent_1,756,-0.022813215851783752
gp_latent_1,757,-0.06566224992275238
gp_latent_1,758,-0.05517774447798729
gp_latent_1,759,0.01385469175875187
gp_latent_1,760,-0.10290344804525375
gp_latent_1,761,0.0282029639929533
gp_latent_1,762,0.006901846267282963
gp_latent_1,763,-0.05984950065612793
gp_latent_1,764,-0.04340090602636337
gp_latent_1,765,0.02376333624124527
gp_latent_1,766,0.005135929677635431
gp_latent_1,767,0.002039671875536442
gp_latent_1,768,-0.07542846351861954
gp_latent_1,769,0.009582262486219406
gp_latent_1,770,0.014832443557679653
gp_latent_1,771,0.04658733308315277
gp_latent_1,772,-0.042238570749759674
gp_latent_1,773,-0.012287119403481483
gp_latent_1,774,0.0025147092528641224
gp_latent_1,775,0.023732317611575127
gp_latent_1,776,0.026308855041861534
gp_latent_1,777,-0.006765593308955431
gp_latent_1,778,0.028261233121156693
gp_latent_1,779,-0.009319891221821308
gp_latent_1,780,0.003964670468121767
gp_latent_1,781,-0.031097693368792534
gp_latent_1,782,-0.029490675777196884
gp_latent_1,783,-0.044005248695611954
gp_latent_1,784,-0.044862065464258194
gp_latent_1,785,0.04817306622862816
gp_latent_1,786,0.046311888843774796
gp_latent_1,787,-0.029795680195093155
gp_latent_1,788,-0.028655823320150375
gp_latent_1,789,0.009408287703990936
gp_latent_1,790,0.021793799474835396
gp_latent_1,791,0.02681826800107956
gp_latent_1,792,0.02550218068063259
gp_latent_1,793,-0.004773914348334074
gp_latent_1,794,-0.018430639058351517
gp_latent_1,795,-0.07292081415653229
gp_latent_1,796,0.021906107664108276
gp_latent_1,797,0.03689984604716301
gp_latent_1,798,0.029572060331702232
gp_latent_1,799,-0.009695428423583508
gp_latent_1,800,0.06986084580421448
gp_latent_1,801,0.015047241933643818
gp_latent_1,802,0.07343167066574097
gp_latent_1,803,-0.11312731355428696
gp_latent_1,804,-0.0187833271920681
gp_latent_1,805,0.040924642235040665
gp_latent_1,806,0.0061777513474226
gp_latent_1,807,0.06083713844418526
gp_latent_1,808,-0.024344103410840034
gp_latent_1,809,-0.0374276265501976
gp_latent_1,810,-0.02599204145371914
gp_latent_1,811,0.009901775047183037
gp_latent_1,812,0.01865207403898239
gp_latent_1,813,-0.007252456620335579
gp_latent_1,814,-0.001315329223871231
gp_latent_1,815,0.01948811672627926
gp_latent_1,816,-0.04332665354013443
gp_latent_1,817,-0.043950796127319336
gp_latent_1,818,0.0006710955058224499
gp_latent_1,819,-0.025666136294603348
gp_latent_1,820,-0.039866603910923004
gp_latent_1,821,-0.00842520035803318
gp_latent_1,822,-0.009268142282962799
gp_latent_1,823,0.003446729388087988
gp_latent_1,824,-0.010167025960981846
gp_latent_1,825,0.04134351387619972
gp_latent_1,826,0.02696315012872219
gp_latent_1,827,0.012951940298080444
gp_latent_1,828,-0.016883045434951782
gp_latent_1,829,-0.013228550553321838
gp_latent_1,830,-0.004799537360668182
gp_latent_1,831,0.004408597014844418
gp_latent_1,832,0.019351495429873466
gp_latent_1,833,0.02890140563249588
gp_latent_1,834,0.01192869246006012
gp_latent_1,835,0.03199593350291252
gp_latent_1,836,0.004894324578344822
gp_latent_1,837,-0.02620871178805828
gp_latent_1,838,-0.037836022675037384
gp_latent_1,839,0.010854123160243034
gp_latent_1,840,-0.108651302754879
gp_latent_1,841,-0.03409069776535034
gp_latent_1,842,0.030628453940153122
gp_latent_1,843,0.026129255071282387
gp_latent_1,844,0.0071169412694871426
gp_latent_1,845,0.05032514035701752
gp_latent_1,846,0.01814248412847519
gp_latent_1,847,0.006141758989542723
gp_latent_1,848,0.01275135949254036
gp_latent_1,849,0.008736859075725079
gp_latent_1,850,0.013630717992782593
gp_latent_1,851,0.012146196328103542
gp_latent_1,852,0.03762056306004524
gp_latent_1,853,0.018983665853738785
gp_latent_1,854,-0.0004055779427289963
gp_latent_1,855,-0.02827342040836811
gp_latent_1,856,0.05369659513235092
gp_latent_1,857,-0.02723885141313076
gp_latent_1,858,-0.00892535038292408
gp_latent_1,859,0.028080137446522713
gp_latent_1,860,0.022229913622140884
gp_latent_1,861,0.011454926803708076
gp_latent_1,862,-0.0608627125620842
gp_latent_1,863,-0.05468054488301277
gp_latent_1,864,0.0031132756266742945
gp_latent_1,865,0.029751580208539963
gp_latent_1,866,0.045804306864738464
gp_latent_1,867,0.0771050900220871
gp_latent_1,868,0.019206838682293892
gp_latent_1,869,0.06536587327718735
gp_latent_1,870,-0.0054358020424842834
gp_latent_1,871,0.012102426029741764
gp_latent_1,872,0.03290705010294914
gp_latent_1,873,0.04335727542638779
gp_latent_1,874,-0.006534061394631863
gp_latent_1,875,-0.036313243210315704
gp_latent_1,876,0.060368143022060394
gp_latent_1,877,-0.05513717606663704
gp_latent_1,878,0.016981910914182663
gp_latent_1,879,0.004293333273380995
gp_latent_1,880,0.018871579319238663
gp_latent_1,881,0.046764541417360306
gp_latent_1,882,0.003888595849275589
gp_latent_1,883,-0.018896177411079407
gp_latent_1,884,0.03887682035565376
gp_latent_1,885,-0.008574675768613815
gp_latent_1,886,-0.000490182894282043
gp_latent_1,887,0.03965320065617561
gp_latent_1,888,0.005932273343205452
gp_latent_1,889,0.01723429188132286
gp_latent_1,890,-1.1916505172848701e-05
gp_latent_1,891,-0.005567850545048714
gp_latent_1,892,0.017860330641269684
gp_latent_1,893,0.028621891513466835
gp_latent_1,894,0.011363384313881397
gp_latent_1,895,0.017835227772593498
gp_latent_1,896,0.010473519563674927
gp_latent_1,897,-2.9146438464522362e-05
gp_latent_1,898,-0.006861626636236906
gp_latent_1,899,-0.045790836215019226
gp_latent_1,900,-0.026564687490463257
gp_latent_1,901,-0.020890675485134125
gp_latent_1,902,-0.012760293669998646
gp_latent_1,903,0.014950062148272991
gp_latent_1,904,-0.01286709401756525
gp_latent_1,905,-0.02852601185441017
gp_latent_1,906,-0.011924478225409985
gp_latent_1,907,-0.0033829095773398876
gp_latent_1,908,0.005277206655591726
gp_latent_1,909,-0.03308995068073273
gp_latent_1,910,-0.011377525515854359
gp_latent_1,911,-0.031127754598855972
gp_latent_1,912,-0.021077267825603485
gp_latent_1,913,-0.030385658144950867
gp_latent_1,914,-0.023754753172397614
gp_latent_1,915,0.01783566176891327
gp_latent_1,916,-0.005998620297759771
gp_latent_1,917,0.020962340757250786
gp_latent_1,918,-0.0076945130713284016
gp_latent_1,919,0.060620393604040146
gp_latent_1,920,0.014770244248211384
gp_latent_1,921,-0.02648569829761982
gp_latent_1,922,-0.006141544319689274
gp_latent_1,923,-0.006570182740688324
gp_latent_1,924,0.013914674520492554
gp_latent_1,925,-0.016610968858003616
gp_latent_1,926,-0.03126009553670883
gp_latent_1,927,-0.01699584349989891
gp_latent_1,928,0.01863984391093254
gp_latent_1,929,-0.020473161712288857
gp_latent_1,930,-0.0024547481443732977
gp_latent_1,931,-0.011922474950551987
gp_latent_1,932,0.02856510318815708
gp_latent_1,933,0.01021468173712492
gp_latent_1,934,0.006771603599190712
gp_latent_1,935,-0.012182989157736301
gp_latent_1,936,-0.022964198142290115
gp_latent_1,937,-0.013250799849629402
gp_latent_1,938,-0.01990935392677784
gp_latent_1,939,-0.008735671639442444
gp_latent_1,940,-0.013102969154715538
gp_latent_1,941,0.0014511588960886002
gp_latent_1,942,-0.014472686685621738
gp_latent_1,943,-0.02701452374458313
gp_latent_1,944,-0.0236799493432045
gp_latent_1,945,0.008295418694615364
gp_latent_1,946,-0.03223520144820213
gp_latent_1,947,-0.021477175876498222
gp_latent_1,948,-0.02924167737364769
gp_latent_1,949,-0.0066610658541321754
gp_latent_2,0,0.012426497414708138
gp_latent_2,1,-0.03562115132808685
gp_latent_2,2,0.03431985154747963
gp_latent_2,3,0.02926856465637684
gp_latent_2,4,0.042660921812057495
gp_latent_2,5,-0.002788098528981209
gp_latent_2,6,0.0073786634020507336
gp_latent_2,7,0.009123740717768669
gp_latent_2,8,0.027353700250387192
gp_latent_2,9,-0.024270860478281975
gp_latent_2,10,-0.07265133410692215
gp_latent_2,11,-0.011869157664477825
gp_latent_2,12,0.002454856876283884
gp_latent_2,13,-0.0003027641214430332
gp_latent_2,14,0.0356297567486763
gp_latent_2,15,0.02428276464343071
gp_latent_2,16,-0.001634496496990323
gp_latent_2,17,-0.0015987276565283537
gp_latent_2,18,0.0034870216622948647
gp_latent_2,19,0.022429797798395157
gp_latent_2,20,0.0039020495023578405
gp_latent_2,21,0.04265477508306503
gp_latent_2,22,0.009171068668365479
gp_latent_2,23,0.0013080004137009382
gp_latent_2,24,0.04079050570726395
gp_latent_2,25,-0.010901832953095436
gp_latent_2,26,-0.06272554397583008
gp_latent_2,27,0.044318996369838715
gp_latent_2,28,0.011216485872864723
gp_latent_2,29,0.02988293208181858
gp_latent_2,30,0.0045820060186088085
gp_latent_2,31,-0.020284540951251984
gp_latent_2,32,-0.007094225846230984
gp_latent_2,33,0.013811016455292702
gp_latent_2,34,-0.02559421956539154
gp_latent_2,35,-0.024697190150618553
gp_latent_2,36,-0.011380761861801147
gp_latent_2,37,-0.05313921347260475
gp_latent_2,38,-0.020575543865561485
gp_latent_2,39,0.03356511518359184
gp_latent_2,40,-0.03436587005853653
gp_latent_2,41,-0.02818046510219574
gp_latent_2,42,-0.016483783721923828
gp_latent_2,43,-0.04465637728571892
gp_latent_2,44,-0.022914450615644455
gp_latent_2,45,-0.021639226004481316
gp_latent_2,46,-0.010488479398190975
gp_latent_2,47,0.014201516285538673
gp_latent_2,48,0.006266066804528236
gp_latent_2,49,0.017123550176620483
gp_latent_2,50,-0.031455885618925095
gp_latent_2,51,-0.014116974547505379
gp_latent_2,52,-0.054755065590143204
gp_latent_2,53,0.009367928840219975
gp_latent_2,54,0.011091931723058224
gp_latent_2,55,0.009474065154790878
gp_latent_2,56,-0.03341621533036232
gp_latent_2,57,-0.021127590909600258
gp_latent_2,58,-0.02764974720776081
gp_latent_2,59,-0.05312538892030716
gp_latent_2,60,0.026018928736448288
gp_latent_2,61,-0.0053434111177921295
gp_latent_2,62,0.00878070667386055
gp_latent_2,63,0.0022411607205867767
gp_latent_2,64,0.001667669741436839
gp_latent_2,65,0.004783282056450844
gp_latent_2,66,0.00019949814304709435
gp_latent_2,67,-0.03409689664840698
gp_latent_2,68,-0.005890557076781988
gp_latent_2,69,0.005467542447149754
gp_latent_2,70,0.0033552092500030994
gp_latent_2,71,0.061971306800842285
gp_latent_2,72,0.006466167513281107
gp_latent_2,73,0.03172767162322998
gp_latent_2,74,-0.015977032482624054
gp_latent_2,75,0.026871321722865105
gp_latent_2,76,0.05143463984131813
gp_latent_2,77,0.02968405745923519
gp_latent_2,78,0.04224928468465805
gp_latent_2,79,0.027527272701263428
gp_latent_2,80,0.06042564660310745
gp_latent_2,81,0.02982713095843792
gp_latent_2,82,-0.02361365407705307
gp_latent_2,83,-0.06440339982509613
gp_latent_2,84,0.006987020373344421
gp_latent_2,85,0.0014489451423287392
gp_latent_2,86,0.023280533030629158
gp_latent_2,87,0.005594390444457531
gp_latent_2,88,-0.014603698626160622
gp_latent_2,89,-0.020994478836655617
gp_latent_2,90,5.045277066528797e-05
gp_latent_2,91,0.03143143281340599
gp_latent_2,92,-0.023107511922717094
gp_latent_2,93,-0.0066942754201591015
gp_latent_2,94,-0.012635396793484688
gp_latent_2,95,-0.011106783524155617
gp_latent_2,96,-0.0014670974342152476
gp_latent_2,97,-0.0020668578799813986
gp_latent_2,98,-0.022617772221565247
gp_latent_2,99,-0.003503108397126198
gp_latent_2,100,-0.0156856756657362
gp_latent_2,101,0.016545196995139122
gp_latent_2,102,0.019017715007066727
gp_latent_2,103,-0.0065275682136416435
gp_latent_2,104,0.038059722632169724
gp_latent_2,105,-0.0026515861973166466
gp_latent_2,106,-0.017757009714841843
gp_latent_2,107,-0.007216925732791424
gp_latent_2,108,-0.007518827449530363
gp_latent_2,109,-0.009416051208972931
gp_latent_2,110,-0.02729696035385132
gp_latent_2,111,-0.025203652679920197
gp_latent_2,112,-0.0018877547699958086
gp_latent_2,113,0.004164836369454861
gp_latent_2,114,0.016563842073082924
gp_latent_2,115,-0.006775634828954935
gp_latent_2,116,-0.002437066752463579
gp_latent_2,117,0.00010246271267533302
gp_latent_2,118,-0.013214473612606525
gp_latent_2,119,-0.0016910101985558867
gp_latent_2,120,0.004253045655786991
gp_latent_2,121,-0.07154855132102966
gp_latent_2,122,-0.053085219115018845
gp_latent_2,123,-0.014562279917299747
gp_latent_2,124,0.0036060884594917297
gp_latent_2,125,-0.013613604009151459
gp_latent_2,126,0.005921065807342529
gp_latent_2,127,-0.06015967205166817
gp_latent_2,128,-0.006677274592220783
gp_latent_2,129,0.0026888204738497734
gp_latent_2,130,-0.005238271318376064
gp_latent_2,131,-0.010664945468306541
gp_latent_2,132,-0.007807953283190727
gp_latent_2,133,0.009067343547940254
gp_latent_2,134,0.014963402412831783
gp_latent_2,135,0.02382916584610939
gp_latent_2,136,0.025722835212945938
gp_latent_2,137,-0.0045526172034442425
gp_latent_2,138,-0.02156769670546055
gp_latent_2,139,-0.010701801627874374
gp_latent_2,140,0.006982342340052128
gp_latent_2,141,-0.02761678583920002
gp_latent_2,142,0.019380809739232063
gp_latent_2,143,0.03816135972738266
gp_latent_2,144,0.014839759096503258
gp_latent_2,145,-0.010777884162962437
gp_latent_2,146,-0.031013723462820053
gp_latent_2,147,0.0057809073477983475
gp_latent_2,148,-0.0047797150909900665
gp_latent_2,149,-0.001875431975349784
gp_latent_2,150,0.005276210140436888
gp_latent_2,151,0.0348183698952198
gp_latent_2,152,-0.0017303605563938618
gp_latent_2,153,-0.008409383706748486
gp_latent_2,154,0.01971512660384178
gp_latent_2,155,0.026248089969158173
gp_latent_2,156,0.0074411435052752495
gp_latent_2,157,0.0056933932937681675
gp_latent_2,158,-0.024266060441732407
gp_latent_2,159,0.01809460110962391
gp_latent_2,160,0.006082981824874878
gp_latent_2,161,0.0380261167883873
gp_latent_2,162,0.03131205216050148
gp_latent_2,163,0.016826845705509186
gp_latent_2,164,-0.0201839841902256
gp_latent_2,165,-0.0033396040089428425
gp_latent_2,166,-0.002459859475493431
gp_latent_2,167,0.031395044177770615
gp_latent_2,168,0.014337774366140366
gp_latent_2,169,-0.005707025062292814
gp_latent_2,170,0.038447294384241104
gp_latent_2,171,0.01284718792885542
gp_latent_2,172,0.01328555028885603
gp_latent_2,173,-0.012358012609183788
gp_latent_2,174,0.015339775942265987
gp_latent_2,175,-0.026940150186419487
gp_latent_2,176,0.007632248103618622
gp_latent_2,177,0.0002641127211973071
gp_latent_2,178,-0.0012301113456487656
gp_latent_2,179,-0.0032248464412987232
gp_latent_2,180,0.010244273580610752
gp_latent_2,181,-0.007288576103746891
gp_latent_2,182,0.010337987914681435
gp_latent_2,183,0.00633893720805645
gp_latent_2,184,0.014338335022330284
gp_latent_2,185,-0.014621686190366745
gp_latent_2,186,0.025519821792840958
gp_latent_2,187,0.004838268272578716
gp_latent_2,188,0.006627220194786787
gp_latent_2,189,0.012587781995534897
gp_latent_2,190,0.029839761555194855
gp_latent_2,191,-0.030991999432444572
gp_latent_2,192,-0.025328222662210464
gp_latent_2,193,-0.031895555555820465
gp_latent_2,194,0.02686900459229946
gp_latent_2,195,0.026668723672628403
gp_latent_2,196,-0.02299945428967476
gp_latent_2,197,-0.007803797721862793
gp_latent_2,198,0.01988452486693859
gp_latent_2,199,0.018702222034335136
gp_latent_2,200,0.00802786834537983
gp_latent_2,201,-0.0061979712918400764
gp_latent_2,202,0.04283933714032173
gp_latent_2,203,-0.011731551960110664
gp_latent_2,204,0.030835699290037155
gp_latent_2,205,-0.0015852716751396656
gp_latent_2,206,0.03869910165667534
gp_latent_2,207,-0.014991908334195614
gp_latent_2,208,-0.014619959518313408
gp_latent_2,209,-0.012076896615326405
gp_latent_2,210,0.01496516726911068
gp_latent_2,211,-0.007692124228924513
gp_latent_2,212,0.0018384028226137161
gp_latent_2,213,0.028483489528298378
gp_latent_2,214,0.016818951815366745
gp_latent_2,215,0.027856694534420967
gp_latent_2,216,0.019101815298199654
gp_latent_2,217,0.007619589101523161
gp_latent_2,218,0.00336219510063529
gp_latent_2,219,-0.005297878757119179
gp_latent_2,220,0.032264914363622665
gp_latent_2,221,-0.004064114298671484
gp_latent_2,222,-0.004371654707938433
gp_latent_2,223,0.02561863698065281
gp_latent_2,224,-0.017104770988225937
gp_latent_2,225,0.0028655030764639378
gp_latent_2,226,0.0226560328155756
gp_latent_2,227,-0.014085793867707253
gp_latent_2,228,0.0011709777172654867
gp_latent_2,229,-0.017334798350930214
gp_latent_2,230,-0.05291684716939926
gp_latent_2,231,-0.07080325484275818
gp_latent_2,232,0.009392933920025826
gp_latent_2,233,-0.008267168886959553
gp_latent_2,234,-0.001481571700423956
gp_latent_2,235,-0.02851669304072857
gp_latent_2,236,-0.008220365270972252
gp_latent_2,237,0.0016082102665677667
gp_latent_2,238,0.003349993145093322
gp_latent_2,239,-0.02226881869137287
gp_latent_2,240,0.01229579746723175
gp_latent_2,241,0.038268256932497025
gp_latent_2,242,-0.007555071264505386
gp_latent_2,243,-0.004872957244515419
gp_latent_2,244,-0.00012128381058573723
gp_latent_2,245,-0.008567851968109608
gp_latent_2,246,0.038268569856882095
gp_latent_2,247,-0.018290288746356964
gp_latent_2,248,-0.008988478220999241
gp_latent_2,249,-0.002724624704569578
gp_latent_2,250,-0.014143887907266617
gp_latent_2,251,-0.007061573676764965
gp_latent_2,252,-0.01086775865405798
gp_latent_2,253,-0.03278414160013199
gp_latent_2,254,-0.006203933153301477
gp_latent_2,255,-0.009556861594319344
gp_latent_2,256,-0.004321462474763393
gp_latent_2,257,0.013271753676235676
gp_latent_2,258,-0.001678173546679318
gp_latent_2,259,0.006457349751144648
gp_latent_2,260,0.01200069859623909
gp_latent_2,261,0.014428162015974522
gp_latent_2,262,-0.015445686876773834
gp_latent_2,263,0.03468170017004013
gp_latent_2,264,0.014508996158838272
gp_latent_2,265,0.02220245450735092
gp_latent_2,266,-0.005930510349571705
gp_latent_2,267,-0.007160167209804058
gp_latent_2,268,-0.003909106366336346
gp_latent_2,269,-0.04615047946572304
gp_latent_2,270,0.04204932972788811
gp_latent_2,271,0.005716375540941954
gp_latent_2,272,-0.02924926020205021
gp_latent_2,273,-0.007196532096713781
gp_latent_2,274,0.023614583536982536
gp_latent_2,275,-0.0032751394901424646
gp_latent_2,276,0.012105310335755348
gp_latent_2,277,-0.019644610583782196
gp_latent_2,278,0.004961087834089994
gp_latent_2,279,0.00645807757973671
gp_latent_2,280,-0.017071768641471863
gp_latent_2,281,0.003880096133798361
gp_latent_2,282,0.018894314765930176
gp_latent_2,283,-0.0288506168872118
gp_latent_2,284,-0.006534714251756668
gp_latent_2,285,-0.005743651185184717
gp_latent_2,286,0.014145231805741787
gp_latent_2,287,0.011965032666921616
gp_latent_2,288,0.016064118593931198
gp_latent_2,289,0.0005171149969100952
gp_latent_2,290,-0.02353702299296856
gp_latent_2,291,-0.006518881767988205
gp_latent_2,292,0.0010621435940265656
gp_latent_2,293,-0.057263776659965515
gp_latent_2,294,0.0025028688833117485
gp_latent_2,295,0.02292206883430481
gp_latent_2,296,-0.0100434310734272
gp_latent_2,297,-0.016125204041600227
gp_latent_2,298,-0.006522857118397951
gp_latent_2,299,-0.007787419483065605
gp_latent_2,300,-0.050523895770311356
gp_latent_2,301,-0.05041548237204552
gp_latent_2,302,-0.04279216378927231
gp_latent_2,303,0.007193045690655708
gp_latent_2,304,-0.020756056532263756
gp_latent_2,305,-0.024527350440621376
gp_latent_2,306,-0.011454198509454727
gp_latent_2,307,0.004544832743704319
gp_latent_2,308,-0.01197207160294056
gp_latent_2,309,-0.025453561916947365
gp_latent_2,310,-0.038509514182806015
gp_latent_2,311,0.010040165856480598
gp_latent_2,312,0.007957009598612785
gp_latent_2,313,0.009032240137457848
gp_latent_2,314,-0.01131417602300644
gp_latent_2,315,0.032770946621894836
gp_latent_2,316,-0.01285431906580925
gp_latent_2,317,-0.020398415625095367
gp_latent_2,318,-0.044724829494953156
gp_latent_2,319,-0.0012603169307112694
gp_latent_2,320,-0.03770865872502327
gp_latent_2,321,-0.059722915291786194
gp_latent_2,322,-0.01030314527451992
gp_latent_2,323,-0.021286118775606155
gp_latent_2,324,0.04002279043197632
gp_latent_2,325,-0.0018049972131848335
gp_latent_2,326,-0.024628451094031334
gp_latent_2,327,0.007717978209257126
gp_latent_2,328,0.02612948603928089
gp_latent_2,329,-0.035650838166475296
gp_latent_2,330,-0.009718609973788261
gp_latent_2,331,-0.011492058634757996
gp_latent_2,332,0.030007045716047287
gp_latent_2,333,0.02381027489900589
gp_latent_2,334,0.001424395595677197
gp_latent_2,335,0.007206450682133436
gp_latent_2,336,-0.0024351365864276886
gp_latent_2,337,0.009179280139505863
gp_latent_2,338,-0.029231330379843712
gp_latent_2,339,-0.004190703853964806
gp_latent_2,340,-0.012209415435791016
gp_latent_2,341,0.015067236497998238
gp_latent_2,342,-0.008886589668691158
gp_latent_2,343,-0.013172456994652748
gp_latent_2,344,-0.027407530695199966
gp_latent_2,345,0.02588106133043766
gp_latent_2,346,0.0035697605926543474
gp_latent_2,347,-0.001645355485379696
gp_latent_2,348,0.0054762354120612144
gp_latent_2,349,-0.025140682235360146
gp_latent_2,350,0.03898554667830467
gp_latent_2,351,0.037466861307621
gp_latent_2,352,-0.08994746953248978
gp_latent_2,353,0.010644357651472092
gp_latent_2,354,0.03019755706191063
gp_latent_2,355,0.016058456152677536
gp_latent_2,356,0.044274233281612396
gp_latent_2,357,0.000946529908105731
gp_latent_2,358,0.01796773262321949
gp_latent_2,359,0.030360348522663116
gp_latent_2,360,-0.04025038704276085
gp_latent_2,361,0.015246514230966568
gp_latent_2,362,0.03364551067352295
gp_latent_2,363,0.0137780224904418
gp_latent_2,364,-0.07792173326015472
gp_latent_2,365,0.008629247546195984
gp_latent_2,366,0.004078487865626812
gp_latent_2,367,0.025534968823194504
gp_latent_2,368,-0.0017609596252441406
gp_latent_2,369,-0.003927479963749647
gp_latent_2,370,0.012077098712325096
gp_latent_2,371,-0.002471835119649768
gp_latent_2,372,0.05290836840867996
gp_latent_2,373,0.018806707113981247
gp_latent_2,374,-0.012843737378716469
gp_latent_2,375,-0.05229591205716133
gp_latent_2,376,-0.009057734161615372
gp_latent_2,377,-0.0012122155167162418
gp_latent_2,378,-0.020206566900014877
gp_latent_2,379,-0.011744028888642788
gp_latent_2,380,-0.056059643626213074
gp_latent_2,381,-0.08157322555780411
gp_latent_2,382,-0.08158361911773682
gp_latent_2,383,-0.0030483691953122616
gp_latent_2,384,-0.05891064926981926
gp_latent_2,385,-0.0012554782442748547
gp_latent_2,386,-0.0770181268453598
gp_latent_2,387,-0.07947546243667603
gp_latent_2,388,-0.0868404284119606
gp_latent_2,389,0.005861995741724968
gp_latent_2,390,-0.023911550641059875
gp_latent_2,391,-0.08060907572507858
gp_latent_2,392,-0.10013827681541443
gp_latent_2,393,-0.012920591980218887
gp_latent_2,394,-0.003856429597362876
gp_latent_2,395,-0.0941854938864708
gp_latent_2,396,0.011302737519145012
gp_latent_2,397,-0.06062339246273041
gp_latent_2,398,0.006149719934910536
gp_latent_2,399,-0.035944100469350815
gp_latent_2,400,-0.08495118468999863
gp_latent_2,401,-0.019647033885121346
gp_latent_2,402,-0.08804607391357422
gp_latent_2,403,-0.003119457047432661
gp_latent_2,404,0.043700020760297775
gp_latent_2,405,0.021718617528676987
gp_latent_2,406,0.0013840077444911003
gp_latent_2,407,0.017563801258802414
gp_latent_2,408,-0.016488023102283478
gp_latent_2,409,0.014663204550743103
gp_latent_2,410,0.012422211468219757
gp_latent_2,411,-0.036844976246356964
gp_latent_2,412,-0.013076558709144592
gp_latent_2,413,-0.017088767141103745
gp_latent_2,414,-0.0074522839859128
gp_latent_2,415,-0.00977281853556633
gp_latent_2,416,-0.019524674862623215
gp_latent_2,417,0.0020190360955893993
gp_latent_2,418,0.00785976741462946
gp_latent_2,419,-0.019741825759410858
gp_latent_2,420,-0.00407041609287262
gp_latent_2,421,-0.004118976183235645
gp_latent_2,422,-0.03812917694449425
gp_latent_2,423,0.001839867327362299
gp_latent_2,424,0.02371118776500225
gp_latent_2,425,0.004504559561610222
gp_latent_2,426,0.023500416427850723
gp_latent_2,427,0.012756472453474998
gp_latent_2,428,0.03084482252597809
gp_latent_2,429,-0.00042373454198241234
gp_latent_2,430,-0.06692564487457275
gp_latent_2,431,-0.007717136759310961
gp_latent_2,432,0.013568113557994366
gp_latent_2,433,-0.008463320322334766
gp_latent_2,434,-0.00922878086566925
gp_latent_2,435,-0.0022962733637541533
gp_latent_2,436,0.00013160204980522394
gp_latent_2,437,-0.007196496240794659
gp_latent_2,438,0.0034752388019114733
gp_latent_2,439,-0.048319511115550995
gp_latent_2,440,-0.057595498859882355
gp_latent_2,441,0.02046787366271019
gp_latent_2,442,0.013698585331439972
gp_latent_2,443,0.00286908820271492
gp_latent_2,444,0.0019950231071561575
gp_latent_2,445,-0.08558589220046997
gp_latent_2,446,0.01901770941913128
gp_latent_2,447,0.005756930448114872
gp_latent_2,448,0.0072047109715640545
gp_latent_2,449,0.018146799877285957
gp_latent_2,450,0.003363341558724642
gp_latent_2,451,0.033198971301317215
gp_latent_2,452,0.023376930505037308
gp_latent_2,453,0.031149085611104965
gp_latent_2,454,0.030723419040441513
gp_latent_2,455,0.01516200415790081
gp_latent_2,456,0.005785027984529734
gp_latent_2,457,0.01310847606509924
gp_latent_2,458,-0.0016751334769651294
gp_latent_2,459,0.01097193919122219
gp_latent_2,460,0.014770539477467537
gp_latent_2,461,-0.008069844916462898
gp_latent_2,462,0.010670945048332214
gp_latent_2,463,0.0024939454160630703
gp_latent_2,464,0.02640479989349842
gp_latent_2,465,0.031977470964193344
gp_latent_2,466,0.009061770513653755
gp_latent_2,467,0.0028654676862061024
gp_latent_2,468,-0.06424373388290405
gp_latent_2,469,0.06185740977525711
gp_latent_2,470,0.01292433775961399
gp_latent_2,471,-0.05491546541452408
gp_latent_2,472,-0.05879737809300423
gp_latent_2,473,-0.07233042269945145
gp_latent_2,474,0.03664098307490349
gp_latent_2,475,0.021178290247917175
gp_latent_2,476,-0.04446149244904518
gp_latent_2,477,0.011953635141253471
gp_latent_2,478,-0.002863219240680337
gp_latent_2,479,0.0018283603712916374
gp_latent_2,480,0.01602313481271267
gp_latent_2,481,0.05292026698589325
gp_latent_2,482,0.011976687237620354
gp_latent_2,483,-0.06362476944923401
gp_latent_2,484,-0.06587821990251541
gp_latent_2,485,-0.061660367995500565
gp_latent_2,486,0.03255286440253258
gp_latent_2,487,0.011356576345860958
gp_latent_2,488,0.008485080674290657
gp_latent_2,489,0.0006741243414580822
gp_latent_2,490,0.01495356485247612
gp_latent_2,491,0.006111023016273975
gp_latent_2,492,-0.006394672207534313
gp_latent_2,493,0.012020631693303585
gp_latent_2,494,0.0009083910845220089
gp_latent_2,495,0.0027608263771981
gp_latent_2,496,0.013583486899733543
gp_latent_2,497,-0.012367472983896732
gp_latent_2,498,0.00385374017059803
gp_latent_2,499,0.005047415383160114
gp_latent_2,500,0.04582862928509712
gp_latent_2,501,0.02292347513139248
gp_latent_2,502,0.03513224422931671
gp_latent_2,503,0.022985728457570076
gp_latent_2,504,0.0037315625231713057
gp_latent_2,505,0.021290678530931473
gp_latent_2,506,0.016322525218129158
gp_latent_2,507,0.023103391751646996
gp_latent_2,508,0.00946327205747366
gp_latent_2,509,-0.022166596725583076
gp_latent_2,510,-0.00846509262919426
gp_latent_2,511,0.0006058311555534601
gp_latent_2,512,-0.028958456590771675
gp_latent_2,513,-0.006466522812843323
gp_latent_2,514,0.028387565165758133
gp_latent_2,515,-0.02965189516544342
gp_latent_2,516,0.06545617431402206
gp_latent_2,517,0.05320986360311508
gp_latent_2,518,0.07647044211626053
gp_latent_2,519,0.0687999352812767
gp_latent_2,520,0.02284545637667179
gp_latent_2,521,0.021516991779208183
gp_latent_2,522,0.049538616091012955
gp_latent_2,523,-0.014391325414180756
gp_latent_2,524,-0.0062937261536717415
gp_latent_2,525,0.03252245485782623
gp_latent_2,526,0.0007112507009878755
gp_latent_2,527,0.01263154111802578
gp_latent_2,528,-0.0007709385827183723
gp_latent_2,529,0.006312631070613861
gp_latent_2,530,-0.10170099884271622
gp_latent_2,531,-0.08453360199928284
gp_latent_2,532,-0.10336018353700638
gp_latent_2,533,-0.05976162850856781
gp_latent_2,534,-0.014328327029943466
gp_latent_2,535,-0.028575845062732697
gp_latent_2,536,0.04319676011800766
gp_latent_2,537,-0.0283396914601326
gp_latent_2,538,0.01047436986118555
gp_latent_2,539,-0.010233051143586636
gp_latent_2,540,-0.039302706718444824
gp_latent_2,541,0.05348488315939903
gp_latent_2,542,0.03688482195138931
gp_latent_2,543,0.024096669629216194
gp_latent_2,544,-0.02383265644311905
gp_latent_2,545,-0.022571906447410583
gp_latent_2,546,-0.028763867914676666
gp_latent_2,547,-0.032290179282426834
gp_latent_2,548,-0.03866543248295784
gp_latent_2,549,-0.03974166512489319
gp_latent_2,550,-0.02487558126449585
gp_latent_2,551,-0.01238502562046051
gp_latent_2,552,0.015228823758661747
gp_latent_2,553,0.006395252421498299
gp_latent_2,554,0.001661085756495595
gp_latent_2,555,0.011340930126607418
gp_latent_2,556,0.006227169185876846
gp_latent_2,557,0.004140472039580345
gp_latent_2,558,0.00267760269343853
gp_latent_2,559,0.016466272994875908
gp_latent_2,560,0.011857828125357628
gp_latent_2,561,0.0011894004419445992
gp_latent_2,562,0.01308724470436573
gp_latent_2,563,0.014669276773929596
gp_latent_2,564,0.006781867705285549
gp_latent_2,565,0.0008354809833690524
gp_latent_2,566,0.0022016665898263454
gp_latent_2,567,0.01866048574447632
gp_latent_2,568,0.020004766061902046
gp_latent_2,569,-0.010032507590949535
gp_latent_2,570,0.006903710309416056
gp_latent_2,571,0.011188033036887646
gp_latent_2,572,0.008964966051280499
gp_latent_2,573,0.004932543728500605
gp_latent_2,574,-0.008532112464308739
gp_latent_2,575,-0.09938152134418488
gp_latent_2,576,-0.08511343598365784
gp_latent_2,577,-0.11125051975250244
gp_latent_2,578,-0.10215801000595093
gp_latent_2,579,-0.0947212278842926
gp_latent_2,580,-0.08564648032188416
gp_latent_2,581,-0.05827140063047409
gp_latent_2,582,-0.031024372205138206
gp_latent_2,583,-0.03195870295166969
gp_latent_2,584,-0.0223527904599905
gp_latent_2,585,0.04077133908867836
gp_latent_2,586,0.023570597171783447
gp_latent_2,587,-0.0006471299566328526
gp_latent_2,588,0.017433781176805496
gp_latent_2,589,0.008164194412529469
gp_latent_2,590,-0.08280984312295914
gp_latent_2,591,-0.0008544726297259331
gp_latent_2,592,-0.08887692540884018
gp_latent_2,593,-0.016825005412101746
gp_latent_2,594,0.0005337625625543296
gp_latent_2,595,0.00820217840373516
gp_latent_2,596,0.029183506965637207
gp_latent_2,597,0.020478947088122368
gp_latent_2,598,0.026397233828902245
gp_latent_2,599,-0.011227579787373543
gp_latent_2,600,-0.020529184490442276
gp_latent_2,601,-0.018533680588006973
gp_latent_2,602,4.5626889914274216e-05
gp_latent_2,603,-0.01424385979771614
gp_latent_2,604,-0.0157866682857275
gp_latent_2,605,-0.014598662964999676
gp_latent_2,606,-0.024663930758833885
gp_latent_2,607,-0.01222183182835579
gp_latent_2,608,-0.024239178746938705
gp_latent_2,609,-4.371779505163431e-05
gp_latent_2,610,-0.00436421437188983
gp_latent_2,611,-0.005738792475312948
gp_latent_2,612,-0.024289270862936974
gp_latent_2,613,0.03526066243648529
gp_latent_2,614,0.022398782894015312
gp_latent_2,615,0.04027390852570534
gp_latent_2,616,0.028263766318559647
gp_latent_2,617,0.03004602901637554
gp_latent_2,618,-0.039693959057331085
gp_latent_2,619,-0.03489811718463898
gp_latent_2,620,-0.04278186708688736
gp_latent_2,621,-0.00811091810464859
gp_latent_2,622,-0.004557180684059858
gp_latent_2,623,0.01702629029750824
gp_latent_2,624,-0.011224012821912766
gp_latent_2,625,-0.007433043792843819
gp_latent_2,626,-0.01083729974925518
gp_latent_2,627,-0.00878280308097601
gp_latent_2,628,-0.029879607260227203
gp_latent_2,629,-0.030500879511237144
gp_latent_2,630,-0.03868717700242996
gp_latent_2,631,-0.03145431727170944
gp_latent_2,632,-0.005623903591185808
gp_latent_2,633,0.021222097799181938
gp_latent_2,634,-0.043320078402757645
gp_latent_2,635,-0.006570060737431049
gp_latent_2,636,0.016215471550822258
gp_latent_2,637,0.013302777893841267
gp_latent_2,638,0.02762128785252571
gp_latent_2,639,-0.015116208232939243
gp_latent_2,640,0.012183078564703465
gp_latent_2,641,-0.09680882096290588
gp_latent_2,642,-0.048069391399621964
gp_latent_2,643,0.012576345354318619
gp_latent_2,644,-0.0013140959199517965
gp_latent_2,645,-0.015144884586334229
gp_latent_2,646,-0.028591781854629517
gp_latent_2,647,-0.0404130257666111
gp_latent_2,648,-0.018593057990074158
gp_latent_2,649,-0.006729104556143284
gp_latent_2,650,0.004762349650263786
gp_latent_2,651,-0.0017007384449243546
gp_latent_2,652,-0.021978845819830894
gp_latent_2,653,-0.002709343098104
gp_latent_2,654,-0.014517461881041527
gp_latent_2,655,-0.041577503085136414
gp_latent_2,656,-0.02122141234576702
gp_latent_2,657,-0.00701585877686739
gp_latent_2,658,0.09125608950853348
gp_latent_2,659,0.09547673165798187
gp_latent_2,660,0.013070499524474144
gp_latent_2,661,0.004532236605882645
gp_latent_2,662,0.05069612339138985
gp_latent_2,663,-0.06858468800783157
gp_latent_2,664,0.020614825189113617
gp_latent_2,665,-0.03189459070563316
gp_latent_2,666,0.023077553138136864
gp_latent_2,667,-0.002508890349417925
gp_latent_2,668,-0.015048457309603691
gp_latent_2,669,0.03001939132809639
gp_latent_2,670,0.011331436224281788
gp_latent_2,671,0.021845869719982147
gp_latent_2,672,0.024692589417099953
gp_latent_2,673,0.03611483797430992
gp_latent_2,674,-0.03913665562868118
gp_latent_2,675,-0.02803194522857666
gp_latent_2,676,-0.02621765434741974
gp_latent_2,677,-0.040043920278549194
gp_latent_2,678,0.019338758662343025
gp_latent_2,679,-0.007944902405142784
gp_latent_2,680,-0.012306459248065948
gp_latent_2,681,-0.005327296443283558
gp_latent_2,682,-0.001636449946090579
gp_latent_2,683,0.008707443252205849
gp_latent_2,684,0.00010912911966443062
gp_latent_2,685,0.008470066823065281
gp_latent_2,686,0.011448934674263
gp_latent_2,687,-0.008129900321364403
gp_latent_2,688,0.00037868041545152664
gp_latent_2,689,0.0037101982161402702
gp_latent_2,690,0.017130741849541664
gp_latent_2,691,0.017670009285211563
gp_latent_2,692,0.0009339607786387205
gp_latent_2,693,-0.10706527531147003
gp_latent_2,694,-0.08787035197019577
gp_latent_2,695,-0.09152498096227646
gp_latent_2,696,-0.0848529040813446
gp_latent_2,697,-0.0928317978978157
gp_latent_2,698,-0.09028828144073486
gp_latent_2,699,-0.08547485619783401
gp_latent_2,700,-0.09915037453174591
gp_latent_2,701,-0.08936671912670135
gp_latent_2,702,0.019649596884846687
gp_latent_2,703,-0.05912390351295471
gp_latent_2,704,0.01721433363854885
gp_latent_2,705,-0.01822039484977722
gp_latent_2,706,0.007028777152299881
gp_latent_2,707,7.218006066977978e-05
gp_latent_2,708,-0.0031489385291934013
gp_latent_2,709,0.011399883776903152
gp_latent_2,710,0.01951880380511284
gp_latent_2,711,0.015899324789643288
gp_latent_2,712,0.01945769228041172
gp_latent_2,713,0.0026289457455277443
gp_latent_2,714,0.0349421463906765
gp_latent_2,715,-0.0014837442431598902
gp_latent_2,716,-0.0038011258002370596
gp_latent_2,717,-0.022182805463671684
gp_latent_2,718,-0.007337288465350866
gp_latent_2,719,-0.012389760464429855
gp_latent_2,720,-0.01838085614144802
gp_latent_2,721,-0.006562006659805775
gp_latent_2,722,-0.011014038696885109
gp_latent_2,723,0.005534921772778034
gp_latent_2,724,0.02615005522966385
gp_latent_2,725,-0.03229450434446335
gp_latent_2,726,-0.0438493974506855
gp_latent_2,727,-0.03835596516728401
gp_latent_2,728,-0.018038854002952576
gp_latent_2,729,-0.029666777700185776
gp_latent_2,730,-0.007029085420072079
gp_latent_2,731,0.02625393308699131
gp_latent_2,732,0.007115625310689211
gp_latent_2,733,0.012026436626911163
gp_latent_2,734,0.01868264190852642
gp_latent_2,735,-0.08558077365159988
gp_latent_2,736,0.006495238747447729
gp_latent_2,737,-0.006466650404036045
gp_latent_2,738,0.017286688089370728
gp_latent_2,739,-0.01800333894789219
gp_latent_2,740,-0.01717516779899597
gp_latent_2,741,-0.026295481249690056
gp_latent_2,742,0.011297349818050861
gp_latent_2,743,0.004289952572435141
gp_latent_2,744,0.06862110644578934
gp_latent_2,745,0.0237544197589159
gp_latent_2,746,0.03098270483314991
gp_latent_2,747,0.03129506856203079
gp_latent_2,748,-0.026756133884191513
gp_latent_2,749,0.0243886299431324
gp_latent_2,750,0.0006550189573317766
gp_latent_2,751,0.03352885693311691
gp_latent_2,752,-0.008013148792088032
gp_latent_2,753,-0.019678717479109764
gp_latent_2,754,0.024951115250587463
gp_latent_2,755,0.0028021936304867268
gp_latent_2,756,-0.011039209552109241
gp_latent_2,757,-0.014954691752791405
gp_latent_2,758,0.003743160516023636
gp_latent_2,759,-0.041023362427949905
gp_latent_2,760,-0.024648528546094894
gp_latent_2,761,0.018258802592754364
gp_latent_2,762,0.00862475112080574
gp_latent_2,763,0.011988047510385513
gp_latent_2,764,0.029456546530127525
gp_latent_2,765,0.04293118789792061
gp_latent_2,766,0.028823282569646835
gp_latent_2,767,0.047153204679489136
gp_latent_2,768,-0.028676170855760574
gp_latent_2,769,0.029739804565906525
gp_latent_2,770,0.02990575321018696
gp_latent_2,771,0.04530256614089012
gp_latent_2,772,0.026794329285621643
gp_latent_2,773,0.01904374361038208
gp_latent_2,774,0.000775280175730586
gp_latent_2,775,-0.007922590710222721
gp_latent_2,776,-0.030870608985424042
gp_latent_2,777,0.04775316268205643
gp_latent_2,778,-0.0053316084668040276
gp_latent_2,779,-0.028634462505578995
gp_latent_2,780,0.010324174538254738
gp_latent_2,781,0.02248830907046795
gp_latent_2,782,0.025976061820983887
gp_latent_2,783,0.03002220205962658
gp_latent_2,784,0.02366010472178459
gp_latent_2,785,0.010501774959266186
gp_latent_2,786,0.021388858556747437
gp_latent_2,787,0.026402350515127182
gp_latent_2,788,0.03520215302705765
gp_latent_2,789,0.005556955002248287
gp_latent_2,790,0.012397447600960732
gp_latent_2,791,-0.01633959449827671
gp_latent_2,792,0.003088973928242922
gp_latent_2,793,-0.019624514505267143
gp_latent_2,794,0.0022924221120774746
gp_latent_2,795,-0.01484210230410099
gp_latent_2,796,0.047074850648641586
gp_latent_2,797,0.05139104649424553
gp_latent_2,798,0.043137870728969574
gp_latent_2,799,0.026014041155576706
gp_latent_2,800,0.006616831757128239
gp_latent_2,801,0.02261415496468544
gp_latent_2,802,0.005113029852509499
gp_latent_2,803,-0.0012417533434927464
gp_latent_2,804,0.021178023889660835
gp_latent_2,805,0.031338345259428024
gp_latent_2,806,0.005861362442374229
gp_latent_2,807,0.022751113399863243
gp_latent_2,808,0.02557399868965149
gp_latent_2,809,0.04029294103384018
gp_latent_2,810,0.020419403910636902
gp_latent_2,811,0.024557970464229584
gp_latent_2,812,0.025594286620616913
gp_latent_2,813,-0.008936992846429348
gp_latent_2,814,0.010559854097664356
gp_latent_2,815,0.03825535625219345
gp_latent_2,816,0.028626658022403717
gp_latent_2,817,0.018420131877064705
gp_latent_2,818,0.01059238612651825
gp_latent_2,819,0.04083726182579994
gp_latent_2,820,0.04194483160972595
gp_latent_2,821,0.015441277995705605
gp_latent_2,822,0.02359386906027794
gp_latent_2,823,0.02546335943043232
gp_latent_2,824,0.01865621656179428
gp_latent_2,825,0.011030493304133415
gp_latent_2,826,0.016246894374489784
gp_latent_2,827,0.023047687485814095
gp_latent_2,828,0.03548919036984444
gp_latent_2,829,0.032514795660972595
gp_latent_2,830,0.018122278153896332
gp_latent_2,831,0.04160071909427643
gp_latent_2,832,-0.017083706334233284
gp_latent_2,833,0.0056316060945391655
gp_latent_2,834,0.00558654498308897
gp_latent_2,835,0.0016605984419584274
gp_latent_2,836,0.016518257558345795
gp_latent_2,837,0.027310959994792938
gp_latent_2,838,0.061794593930244446
gp_latent_2,839,0.0132305808365345
gp_latent_2,840,0.005345225799828768
gp_latent_2,841,-0.021913137286901474
gp_latent_2,842,0.03264632821083069
gp_latent_2,843,0.021115368232131004
gp_latent_2,844,0.05088533088564873
gp_latent_2,845,-0.0039136530831456184
gp_latent_2,846,0.009881429374217987
gp_latent_2,847,-0.006740704644471407
gp_latent_2,848,0.035069722682237625
gp_latent_2,849,0.04065612703561783
gp_latent_2,850,0.038941819220781326
gp_latent_2,851,0.037862636148929596
gp_latent_2,852,0.030279725790023804
gp_latent_2,853,0.04246295616030693
gp_latent_2,854,0.03345530107617378
gp_latent_2,855,0.032500971108675
gp_latent_2,856,0.0514662005007267
gp_latent_2,857,0.01666485145688057
gp_latent_2,858,0.047496069222688675
gp_latent_2,859,-0.010958031751215458
gp_latent_2,860,0.016108714044094086
gp_latent_2,861,0.00867521669715643
gp_latent_2,862,0.00151085015386343
gp_latent_2,863,-0.015194123610854149
gp_latent_2,864,0.0038409598637372255
gp_latent_2,865,0.02443043515086174
gp_latent_2,866,-0.000801929272711277
gp_latent_2,867,0.056108616292476654
gp_latent_2,868,0.017734892666339874
gp_latent_2,869,0.007937779650092125
gp_latent_2,870,0.010833385400474072
gp_latent_2,871,0.003423442365601659
gp_latent_2,872,0.031992845237255096
gp_latent_2,873,0.03363872691988945
gp_latent_2,874,0.04760628938674927
gp_latent_2,875,0.023856382817029953
gp_latent_2,876,0.007066134829074144
gp_latent_2,877,0.022692648693919182
gp_latent_2,878,0.007597247138619423
gp_latent_2,879,0.05063300579786301
gp_latent_2,880,0.013134535402059555
gp_latent_2,881,0.01646057702600956
gp_latent_2,882,-0.021851254627108574
gp_latent_2,883,-0.00012596696615219116
gp_latent_2,884,0.0462997667491436
gp_latent_2,885,-0.014185873791575432
gp_latent_2,886,-0.012144564650952816
gp_latent_2,887,0.0443541444838047
gp_latent_2,888,0.02621123194694519
gp_latent_2,889,0.022998787462711334
gp_latent_2,890,0.014895591884851456
gp_latent_2,891,0.022526994347572327
gp_latent_2,892,-0.028802037239074707
gp_latent_2,893,-0.04064909741282463
gp_latent_2,894,-0.04103269800543785
gp_latent_2,895,0.03303300216794014
gp_latent_2,896,-0.0013555921614170074
gp_latent_2,897,0.0026839920319616795
gp_latent_2,898,0.00375437643378973
gp_latent_2,899,-0.014802281744778156
gp_latent_2,900,-0.026930350810289383
gp_latent_2,901,-0.011544859036803246
gp_latent_2,902,0.001572900451719761
gp_latent_2,903,0.016466617584228516
gp_latent_2,904,0.001118093729019165
gp_latent_2,905,0.01217341236770153
gp_latent_2,906,0.018280701711773872
gp_latent_2,907,-0.005261459853500128
gp_latent_2,908,0.015398646704852581
gp_latent_2,909,-0.04095179960131645
gp_latent_2,910,-0.0557934045791626
gp_latent_2,911,-0.0006571697304025292
gp_latent_2,912,-0.00922941043972969
gp_latent_2,913,-0.026231031864881516
gp_latent_2,914,-0.030707161873579025
gp_latent_2,915,-0.029863324016332626
gp_latent_2,916,-0.01963733322918415
gp_latent_2,917,-0.038207754492759705
gp_latent_2,918,0.01689831353724003
gp_latent_2,919,0.05521214008331299
gp_latent_2,920,0.0332799032330513
gp_latent_2,921,-0.015442260541021824
gp_latent_2,922,0.02192179672420025
gp_latent_2,923,-0.015675567090511322
gp_latent_2,924,0.015360817313194275
gp_latent_2,925,-0.05892593041062355
gp_latent_2,926,0.030713509768247604
gp_latent_2,927,0.02106284722685814
gp_latent_2,928,-0.00013635260984301567
gp_latent_2,929,-0.02838943898677826
gp_latent_2,930,0.00404022354632616
gp_latent_2,931,0.03342461958527565
gp_latent_2,932,-0.006756756454706192
gp_latent_2,933,-0.011213239282369614
gp_latent_2,934,0.013957029208540916
gp_latent_2,935,-0.003311063162982464
gp_latent_2,936,-0.0025585300754755735
gp_latent_2,937,0.0022427954245358706
gp_latent_2,938,0.018794795498251915
gp_latent_2,939,-0.02446225844323635
gp_latent_2,940,0.007136709988117218
gp_latent_2,941,0.0031115771271288395
gp_latent_2,942,-0.02549673244357109
gp_latent_2,943,-0.043647680431604385
gp_latent_2,944,-0.016599204391241074
gp_latent_2,945,0.01749642938375473
gp_latent_2,946,0.023290187120437622
gp_latent_2,947,0.01208503544330597
gp_latent_2,948,-0.008497396484017372
gp_latent_2,949,-0.014115824364125729
gp_latent_3,0,0.0015463042072951794
gp_latent_3,1,-0.009033797308802605
gp_latent_3,2,-0.03127783164381981
gp_latent_3,3,0.0223234910517931
gp_latent_3,4,0.02106289193034172
gp_latent_3,5,0.02799263596534729
gp_latent_3,6,-0.043023429811000824
gp_latent_3,7,-0.014150717295706272
gp_latent_3,8,-0.012148676440119743
gp_latent_3,9,-0.03414411097764969
gp_latent_3,10,0.0047487374395132065
gp_latent_3,11,-0.005392169579863548
gp_latent_3,12,-0.02656823769211769
gp_latent_3,13,-0.020739594474434853
gp_latent_3,14,-0.02445787563920021
gp_latent_3,15,0.011707562953233719
gp_latent_3,16,-0.027195239439606667
gp_latent_3,17,-0.0015144406352192163
gp_latent_3,18,-0.008264251984655857
gp_latent_3,19,0.03757188469171524
gp_latent_3,20,0.01304108090698719
gp_latent_3,21,-0.020936835557222366
gp_latent_3,22,0.003174262121319771
gp_latent_3,23,0.01536237820982933
gp_latent_3,24,-0.029873985797166824
gp_latent_3,25,0.019867751747369766
gp_latent_3,26,-0.0033337478525936604
gp_latent_3,27,-0.010111306793987751
gp_latent_3,28,0.01657751016318798
gp_latent_3,29,0.033216267824172974
gp_latent_3,30,0.0038653588853776455
gp_latent_3,31,-0.0037085404619574547
gp_latent_3,32,-0.009022580459713936
gp_latent_3,33,0.06826754659414291
gp_latent_3,34,0.0035354532301425934
gp_latent_3,35,-0.013151335529983044
gp_latent_3,36,-0.0028253933414816856
gp_latent_3,37,0.0046012806706130505
gp_latent_3,38,0.021240536123514175
gp_latent_3,39,0.022473417222499847
gp_latent_3,40,0.037335675209760666
gp_latent_3,41,0.05411766469478607
gp_latent_3,42,-0.017977526411414146
gp_latent_3,43,-0.0005289544351398945
gp_latent_3,44,0.03654888644814491
gp_latent_3,45,0.016822539269924164
gp_latent_3,46,-0.011865805834531784
gp_latent_3,47,0.00017465348355472088
gp_latent_3,48,-0.0334206186234951
gp_latent_3,49,-0.013421409763395786
gp_latent_3,50,-0.029557649046182632
gp_latent_3,51,0.004559554625302553
gp_latent_3,52,0.04175332561135292
gp_latent_3,53,0.034495431929826736
gp_latent_3,54,-0.01770511083304882
gp_latent_3,55,0.01711203344166279
gp_latent_3,56,-0.003526668529957533
gp_latent_3,57,-0.008372202515602112
gp_latent_3,58,0.05901137366890907
gp_latent_3,59,0.055614225566387177
gp_latent_3,60,0.02464645355939865
gp_latent_3,61,0.002739944029599428
gp_latent_3,62,0.02223432995378971
gp_latent_3,63,0.033372942358255386
gp_latent_3,64,0.00709502911195159
gp_latent_3,65,0.037094034254550934
gp_latent_3,66,-0.017040567472577095
gp_latent_3,67,-0.010623385198414326
gp_latent_3,68,-0.01304809469729662
gp_latent_3,69,0.025004476308822632
gp_latent_3,70,0.04380720853805542
gp_latent_3,71,0.004764634650200605
gp_latent_3,72,0.015352138318121433
gp_latent_3,73,0.021420396864414215
gp_latent_3,74,-0.008311356417834759
gp_latent_3,75,-0.0022373185493052006
gp_latent_3,76,-0.0004404722712934017
gp_latent_3,77,0.013148423284292221
gp_latent_3,78,0.041249342262744904
gp_latent_3,79,0.0024808438029140234
gp_latent_3,80,0.012913260608911514
gp_latent_3,81,-0.013728998601436615
gp_latent_3,82,0.005309042986482382
gp_latent_3,83,0.05014444887638092
gp_latent_3,84,0.03558864817023277
gp_latent_3,85,-0.007575857453048229
gp_latent_3,86,0.009161509573459625
gp_latent_3,87,0.009564224630594254
gp_latent_3,88,-0.006714006885886192
gp_latent_3,89,-0.04675724357366562
gp_latent_3,90,-0.03276422992348671
gp_latent_3,91,-0.004979603458195925
gp_latent_3,92,0.024869348853826523
gp_latent_3,93,0.0178845077753067
gp_latent_3,94,-0.021426113322377205
gp_latent_3,95,0.018808668479323387
gp_latent_3,96,-0.030995402485132217
gp_latent_3,97,-0.003149450523778796
gp_latent_3,98,0.016130128875374794
gp_latent_3,99,0.005893150344491005
gp_latent_3,100,0.0038184807635843754
gp_latent_3,101,0.038666173815727234
gp_latent_3,102,0.01806897670030594
gp_latent_3,103,-0.003712973790243268
gp_latent_3,104,0.014288559556007385
gp_latent_3,105,0.011029855348169804
gp_latent_3,106,0.0008349326672032475
gp_latent_3,107,0.0039045680314302444
gp_latent_3,108,0.05868245288729668
gp_latent_3,109,0.0707252025604248
gp_latent_3,110,0.055364374071359634
gp_latent_3,111,0.06430137157440186
gp_latent_3,112,0.0589296780526638
gp_latent_3,113,0.00832156278192997
gp_latent_3,114,-0.001925631775520742
gp_latent_3,115,0.003441448323428631
gp_latent_3,116,0.0022894940339028835
gp_latent_3,117,0.0074078915640711784
gp_latent_3,118,0.011140424758195877
gp_latent_3,119,-0.011192194186151028
gp_latent_3,120,0.014463342726230621
gp_latent_3,121,0.04502706229686737
gp_latent_3,122,0.036765314638614655
gp_latent_3,123,0.05346154794096947
gp_latent_3,124,0.026834260672330856
gp_latent_3,125,0.040160633623600006
gp_latent_3,126,-0.004055724944919348
gp_latent_3,127,0.04385565593838692
gp_latent_3,128,-0.009906151331961155
gp_latent_3,129,-0.011711284518241882
gp_latent_3,130,0.012500820681452751
gp_latent_3,131,0.01784035749733448
gp_latent_3,132,-0.015112537890672684
gp_latent_3,133,0.020101308822631836
gp_latent_3,134,0.0332522988319397
gp_latent_3,135,0.0350772924721241
gp_latent_3,136,0.0021427287720143795
gp_latent_3,137,0.03354048356413841
gp_latent_3,138,0.0318177156150341
gp_latent_3,139,0.03186233341693878
gp_latent_3,140,-0.009451556019484997
gp_latent_3,141,0.027399757876992226
gp_latent_3,142,0.041686952114105225
gp_latent_3,143,-0.015096801333129406
gp_latent_3,144,0.03377460688352585
gp_latent_3,145,0.022055990993976593
gp_latent_3,146,0.021533435210585594
gp_latent_3,147,-0.0017273800913244486
gp_latent_3,148,0.010135130025446415
gp_latent_3,149,-0.0095746498554945
gp_latent_3,150,0.038015175610780716
gp_latent_3,151,0.07445161789655685
gp_latent_3,152,-0.05181415379047394
gp_latent_3,153,0.013531583361327648
gp_latent_3,154,0.06984977424144745
gp_latent_3,155,0.07457289844751358
gp_latent_3,156,0.027950124815106392
gp_latent_3,157,-0.01493810024112463
gp_latent_3,158,0.010038153268396854
gp_latent_3,159,0.001407269504852593
gp_latent_3,160,-0.005942432675510645
gp_latent_3,161,0.025010738521814346
gp_latent_3,162,0.03558628261089325
gp_latent_3,163,0.021433338522911072
gp_latent_3,164,0.01885308139026165
gp_latent_3,165,0.0015930659137666225
gp_latent_3,166,-0.0031840442679822445
gp_latent_3,167,0.016894184052944183
gp_latent_3,168,-0.01787971705198288
gp_latent_3,169,-0.024541378021240234
gp_latent_3,170,0.031248128041625023
gp_latent_3,171,-0.009989261627197266
gp_latent_3,172,-0.009033866226673126
gp_latent_3,173,0.007991828955709934
gp_latent_3,174,0.06640942394733429
gp_latent_3,175,-0.003492713440209627
gp_latent_3,176,-0.012550233863294125
gp_latent_3,177,-0.01474733930081129
gp_latent_3,178,0.017390409484505653
gp_latent_3,179,-0.048828523606061935
gp_latent_3,180,-0.009315813891589642
gp_latent_3,181,-0.0025278471875935793
gp_latent_3,182,-0.013809002004563808
gp_latent_3,183,0.011295856907963753
gp_latent_3,184,0.005743710789829493
gp_latent_3,185,-0.007809069938957691
gp_latent_3,186,-0.009823973290622234
gp_latent_3,187,-0.04885747656226158
gp_latent_3,188,0.0006502601318061352
gp_latent_3,189,0.00016586088167969137
gp_latent_3,190,-0.01637437380850315
gp_latent_3,191,-0.027180545032024384
gp_latent_3,192,-0.014161939732730389
gp_latent_3,193,-0.028048289939761162
gp_latent_3,194,0.00034360913559794426
gp_latent_3,195,0.053801462054252625
gp_latent_3,196,0.011233046650886536
gp_latent_3,197,-0.01583927869796753
gp_latent_3,198,-0.003616230096668005
gp_latent_3,199,0.006655796896666288
gp_latent_3,200,-0.0756712406873703
gp_latent_3,201,0.027552837505936623
gp_latent_3,202,0.014372230507433414
gp_latent_3,203,0.0076204934157431126
gp_latent_3,204,0.01923566311597824
gp_latent_3,205,0.011467247270047665
gp_latent_3,206,0.036223869770765305
gp_latent_3,207,0.011261630803346634
gp_latent_3,208,0.010770958848297596
gp_latent_3,209,0.002740335650742054
gp_latent_3,210,0.004270321689546108
gp_latent_3,211,0.059893254190683365
gp_latent_3,212,0.02184789814054966
gp_latent_3,213,0.014482703059911728
gp_latent_3,214,0.006873718462884426
gp_latent_3,215,-0.04288079962134361
gp_latent_3,216,-0.00041881389915943146
gp_latent_3,217,-0.06923890113830566
gp_latent_3,218,-0.006780896335840225
gp_latent_3,219,-0.013157028704881668
gp_latent_3,220,-0.04840110242366791
gp_latent_3,221,0.049490444362163544
gp_latent_3,222,0.03227029740810394
gp_latent_3,223,-0.025358255952596664
gp_latent_3,224,-0.005259803030639887
gp_latent_3,225,0.0003701387904584408
gp_latent_3,226,-0.0483255498111248
gp_latent_3,227,-0.011986181139945984
gp_latent_3,228,-0.0006808601319789886
gp_latent_3,229,0.0030566761270165443
gp_latent_3,230,0.016272183507680893
gp_latent_3,231,0.040737755596637726
gp_latent_3,232,0.07419154047966003
gp_latent_3,233,0.0679098442196846
gp_latent_3,234,-0.003178602084517479
gp_latent_3,235,-0.01418208610266447
gp_latent_3,236,-0.007888786494731903
gp_latent_3,237,-0.04785343259572983
gp_latent_3,238,-0.051418133080005646
gp_latent_3,239,0.0189902912825346
gp_latent_3,240,-0.03579312935471535
gp_latent_3,241,-0.006056737154722214
gp_latent_3,242,0.012384267523884773
gp_latent_3,243,-0.017201745882630348
gp_latent_3,244,-0.02455555833876133
gp_latent_3,245,-0.03480086475610733
gp_latent_3,246,0.03571998327970505
gp_latent_3,247,-0.021268745884299278
gp_latent_3,248,0.018864240497350693
gp_latent_3,249,0.005420207977294922
gp_latent_3,250,0.0007024426013231277
gp_latent_3,251,-0.016076331958174706
gp_latent_3,252,0.006304312497377396
gp_latent_3,253,0.006197623908519745
gp_latent_3,254,-0.019147150218486786
gp_latent_3,255,-0.03594731166958809
gp_latent_3,256,0.006397468503564596
gp_latent_3,257,-0.02104496769607067
gp_latent_3,258,-0.005116905085742474
gp_latent_3,259,-0.010701606050133705
gp_latent_3,260,-0.00413204962387681
gp_latent_3,261,-0.030476000159978867
gp_latent_3,262,-0.03017868474125862
gp_latent_3,263,-0.031271230429410934
gp_latent_3,264,0.021454952657222748
gp_latent_3,265,0.03975842148065567
gp_latent_3,266,0.011096501722931862
gp_latent_3,267,0.0025988237466663122
gp_latent_3,268,0.01492434274405241
gp_latent_3,269,0.0195145420730114
gp_latent_3,270,-0.016932478174567223
gp_latent_3,271,-0.002530548255890608
gp_latent_3,272,-0.005332206841558218
gp_latent_3,273,0.015379101037979126
gp_latent_3,274,-0.02651740424335003
gp_latent_3,275,-0.030705749988555908
gp_latent_3,276,0.003530484391376376
gp_latent_3,277,0.0039021638222038746
gp_latent_3,278,0.01891133189201355
gp_latent_3,279,0.013247279450297356
gp_latent_3,280,-0.005205410532653332
gp_latent_3,281,0.005841044243425131
gp_latent_3,282,-0.012550587765872478
gp_latent_3,283,0.009855333715677261
gp_latent_3,284,-0.011426683515310287
gp_latent_3,285,-0.049379751086235046
gp_latent_3,286,0.02330644428730011
gp_latent_3,287,0.028763657435774803
gp_latent_3,288,-0.015705380588769913
gp_latent_3,289,0.0005670946557074785
gp_latent_3,290,-0.05962580442428589
gp_latent_3,291,-0.017474832013249397
gp_latent_3,292,-0.0023370934650301933
gp_latent_3,293,0.03504890948534012
gp_latent_3,294,-0.014455187134444714
gp_latent_3,295,0.012814454734325409
gp_latent_3,296,-0.00768303731456399
gp_latent_3,297,-0.019999094307422638
gp_latent_3,298,0.020153263583779335
gp_latent_3,299,0.013363528996706009
gp_latent_3,300,0.04128357023000717
gp_latent_3,301,0.03270907327532768
gp_latent_3,302,0.04113546386361122
gp_latent_3,303,-0.0029686465859413147
gp_latent_3,304,-0.027467431500554085
gp_latent_3,305,-0.013986347243189812
gp_latent_3,306,-0.000813433201983571
gp_latent_3,307,0.03735556825995445
gp_latent_3,308,-0.0325782410800457
gp_latent_3,309,0.0013311929069459438
gp_latent_3,310,0.011426444165408611
gp_latent_3,311,-0.039617061614990234
gp_latent_3,312,0.0009313491173088551
gp_latent_3,313,-0.04411620274186134
gp_latent_3,314,-0.03264839947223663
gp_latent_3,315,-0.006628770846873522
gp_latent_3,316,0.006559998262673616
gp_latent_3,317,0.00230815215036273
gp_latent_3,318,0.005202801898121834
gp_latent_3,319,-0.02233024500310421
gp_latent_3,320,0.0019790739752352238
gp_latent_3,321,0.04103569686412811
gp_latent_3,322,0.02237497642636299
gp_latent_3,323,-0.04541127756237984
gp_latent_3,324,-0.028552822768688202
gp_latent_3,325,-0.008580699563026428
gp_latent_3,326,-0.04846430569887161
gp_latent_3,327,0.0009879516437649727
gp_latent_3,328,-0.017784152179956436
gp_latent_3,329,0.01883007027208805
gp_latent_3,330,-0.007326273247599602
gp_latent_3,331,-0.0009706087876111269
gp_latent_3,332,-0.011496762745082378
gp_latent_3,333,0.005872191395610571
gp_latent_3,334,0.032248083502054214
gp_latent_3,335,-0.03874256834387779
gp_latent_3,336,-0.024361226707696915
gp_latent_3,337,-0.05815623328089714
gp_latent_3,338,-0.031805846840143204
gp_latent_3,339,-0.0022959953639656305
gp_latent_3,340,-0.007134390529245138
gp_latent_3,341,0.022258425131440163
gp_latent_3,342,-0.02145405113697052
gp_latent_3,343,0.0035997044760733843
gp_latent_3,344,0.07272646576166153
gp_latent_3,345,0.02472671866416931
gp_latent_3,346,0.01665712334215641
gp_latent_3,347,-0.0008580861613154411
gp_latent_3,348,-0.012513031251728535
gp_latent_3,349,-0.011485099792480469
gp_latent_3,350,-0.007991080172359943
gp_latent_3,351,-0.0343221016228199
gp_latent_3,352,-0.009961939416825771
gp_latent_3,353,0.0035767662338912487
gp_latent_3,354,0.010226034559309483
gp_latent_3,355,-0.009595743380486965
gp_latent_3,356,-0.005262323655188084
gp_latent_3,357,-0.02832687832415104
gp_latent_3,358,-0.024913443252444267
gp_latent_3,359,-0.020141560584306717
gp_latent_3,360,0.010278841480612755
gp_latent_3,361,0.015611856244504452
gp_latent_3,362,-0.05320604145526886
gp_latent_3,363,-0.0011964255245402455
gp_latent_3,364,0.008245890960097313
gp_latent_3,365,-0.020321723073720932
gp_latent_3,366,0.009527035057544708
gp_latent_3,367,0.02194417268037796
gp_latent_3,368,-0.012323361821472645
gp_latent_3,369,-0.03299920633435249
gp_latent_3,370,0.0025404614862054586
gp_latent_3,371,-0.0012294077314436436
gp_latent_3,372,-0.03366793692111969
gp_latent_3,373,0.005674404092133045
gp_latent_3,374,0.019508009776473045
gp_latent_3,375,0.021168220788240433
gp_latent_3,376,-0.00741987582296133
gp_latent_3,377,-0.02092929556965828
gp_latent_3,378,0.01676200143992901
gp_latent_3,379,0.021280841901898384
gp_latent_3,380,0.024576693773269653
gp_latent_3,381,0.01448107697069645
gp_latent_3,382,0.0021739837247878313
gp_latent_3,383,0.01948791928589344
gp_latent_3,384,0.039176881313323975
gp_latent_3,385,0.04767068102955818
gp_latent_3,386,-0.011500030755996704
gp_latent_3,387,-0.03199492767453194
gp_latent_3,388,-0.012918808497488499
gp_latent_3,389,0.03354056552052498
gp_latent_3,390,0.055082373321056366
gp_latent_3,391,-0.013234080746769905
gp_latent_3,392,-0.007213188335299492
gp_latent_3,393,-0.04766826704144478
gp_latent_3,394,-0.045844852924346924
gp_latent_3,395,-0.023905031383037567
gp_latent_3,396,0.05631386488676071
gp_latent_3,397,0.08143419027328491
gp_latent_3,398,0.03179178386926651
gp_latent_3,399,0.08727344870567322
gp_latent_3,400,-0.0025728950276970863
gp_latent_3,401,0.0334634855389595
gp_latent_3,402,0.019753163680434227
gp_latent_3,403,0.0025542767252773046
gp_latent_3,404,0.0034400098957121372
gp_latent_3,405,-0.035115115344524384
gp_latent_3,406,0.0021689515560865402
gp_latent_3,407,0.00029556482331827283
gp_latent_3,408,-0.009883326478302479
gp_latent_3,409,-0.010908416472375393
gp_latent_3,410,0.01338033564388752
gp_latent_3,411,-0.029869956895709038
gp_latent_3,412,0.03258753940463066
gp_latent_3,413,0.018544582650065422
gp_latent_3,414,-0.009503706358373165
gp_latent_3,415,-0.0029684845358133316
gp_latent_3,416,0.02790948376059532
gp_latent_3,417,-0.011764484457671642
gp_latent_3,418,-0.050634805113077164
gp_latent_3,419,0.054592471569776535
gp_latent_3,420,0.007043642923235893
gp_latent_3,421,-0.007853489369153976
gp_latent_3,422,0.03333033248782158
gp_latent_3,423,-0.008883503265678883
gp_latent_3,424,0.055890120565891266
gp_latent_3,425,0.007366688922047615
gp_latent_3,426,0.01749005727469921
gp_latent_3,427,0.01898234337568283
gp_latent_3,428,0.002578906249254942
gp_latent_3,429,-0.030076734721660614
gp_latent_3,430,-0.003820538055151701
gp_latent_3,431,-0.03220758214592934
gp_latent_3,432,0.019524410367012024
gp_latent_3,433,0.010330446995794773
gp_latent_3,434,-0.07604631781578064
gp_latent_3,435,-0.06819283962249756
gp_latent_3,436,-0.008842529729008675
gp_latent_3,437,-0.014709330163896084
gp_latent_3,438,-0.02443188801407814
gp_latent_3,439,-0.020512985065579414
gp_latent_3,440,-0.040100228041410446
gp_latent_3,441,0.015273934230208397
gp_latent_3,442,0.00449471827596426
gp_latent_3,443,-0.055085428059101105
gp_latent_3,444,-0.03334050998091698
gp_latent_3,445,-0.006971986964344978
gp_latent_3,446,0.036060549318790436
gp_latent_3,447,-0.06919872760772705
gp_latent_3,448,-0.06701316684484482
gp_latent_3,449,-0.07560878992080688
gp_latent_3,450,-0.0723264217376709
gp_latent_3,451,-0.013599470257759094
gp_latent_3,452,-0.012586396187543869
gp_latent_3,453,-0.006144985556602478
gp_latent_3,454,-0.026375092566013336
gp_latent_3,455,-0.013691463507711887
gp_latent_3,456,-0.07113457471132278
gp_latent_3,457,-0.03178086131811142
gp_latent_3,458,0.010090917348861694
gp_latent_3,459,-0.03643247112631798
gp_latent_3,460,0.004260045010596514
gp_latent_3,461,-0.02429348975419998
gp_latent_3,462,0.02016356587409973
gp_latent_3,463,-0.033171914517879486
gp_latent_3,464,-0.03427230194211006
gp_latent_3,465,0.0449204295873642
gp_latent_3,466,-0.07992468774318695
gp_latent_3,467,-0.015674671158194542
gp_latent_3,468,0.0180501826107502
gp_latent_3,469,-0.0011165787000209093
gp_latent_3,470,-0.016798662021756172
gp_latent_3,471,0.020582888275384903
gp_latent_3,472,-0.01562308520078659
gp_latent_3,473,-0.016733834519982338
gp_latent_3,474,0.007362431846559048
gp_latent_3,475,-0.037962183356285095
gp_latent_3,476,-0.015171127393841743
gp_latent_3,477,-0.01347691286355257
gp_latent_3,478,0.05175114795565605
gp_latent_3,479,-0.08702126145362854
gp_latent_3,480,0.02032286301255226
gp_latent_3,481,0.031302791088819504
gp_latent_3,482,-0.028765128925442696
gp_latent_3,483,-0.010266359895467758
gp_latent_3,484,-0.011937892064452171
gp_latent_3,485,-0.018095383420586586
gp_latent_3,486,-0.005765046924352646
gp_latent_3,487,0.01790490560233593
gp_latent_3,488,0.04474503919482231
gp_latent_3,489,-0.05092126503586769
gp_latent_3,490,-0.03944418951869011
gp_latent_3,491,-0.030346043407917023
gp_latent_3,492,-0.07716254144906998
gp_latent_3,493,-0.057241301983594894
gp_latent_3,494,-0.07711591571569443
gp_latent_3,495,-0.06509770452976227
gp_latent_3,496,-0.05923303961753845
gp_latent_3,497,-0.0835038274526596
gp_latent_3,498,-0.06863822788000107
gp_latent_3,499,-0.07436034083366394
gp_latent_3,500,0.047399889677762985
gp_latent_3,501,-0.018133528530597687
gp_latent_3,502,-0.017655668780207634
gp_latent_3,503,-0.013922300189733505
gp_latent_3,504,-0.0025305557064712048
gp_latent_3,505,-0.010787404142320156
gp_latent_3,506,-0.011080975644290447
gp_latent_3,507,-0.019419711083173752
gp_latent_3,508,-0.02069021202623844
gp_latent_3,509,-0.03678823634982109
gp_latent_3,510,-0.04024858400225639
gp_latent_3,511,-0.020236600190401077
gp_latent_3,512,-0.011017621494829655
gp_latent_3,513,-0.02540389448404312
gp_latent_3,514,-0.003682475071400404
gp_latent_3,515,-0.0155249685049057
gp_latent_3,516,0.0021990989334881306
gp_latent_3,517,-0.0028214522171765566
gp_latent_3,518,-0.007024411112070084
gp_latent_3,519,0.007133968640118837
gp_latent_3,520,0.08433276414871216
gp_latent_3,521,0.08202821761369705
gp_latent_3,522,-0.003388908226042986
gp_latent_3,523,0.040622688829898834
gp_latent_3,524,0.012785344384610653
gp_latent_3,525,-0.048301905393600464
gp_latent_3,526,-0.03234940767288208
gp_latent_3,527,-0.019406380131840706
gp_latent_3,528,-0.03046059049665928
gp_latent_3,529,-0.052332617342472076
gp_latent_3,530,0.0016073619481176138
gp_latent_3,531,0.00713789276778698
gp_latent_3,532,-0.00017513777129352093
gp_latent_3,533,0.0015875637764111161
gp_latent_3,534,0.044232603162527084
gp_latent_3,535,0.02017425373196602
gp_latent_3,536,-0.012998377904295921
gp_latent_3,537,-0.08777287602424622
gp_latent_3,538,-0.003884655889123678
gp_latent_3,539,-0.014103076420724392
gp_latent_3,540,-0.09292981773614883
gp_latent_3,541,-0.01314318273216486
gp_latent_3,542,-0.0039382269605994225
gp_latent_3,543,-0.006857702042907476
gp_latent_3,544,-0.03980400413274765
gp_latent_3,545,-0.06012503802776337
gp_latent_3,546,-0.04225460812449455
gp_latent_3,547,-0.050386857241392136
gp_latent_3,548,-0.055299654603004456
gp_latent_3,549,-0.05640210956335068
gp_latent_3,550,-0.04550134763121605
gp_latent_3,551,-0.005016820505261421
gp_latent_3,552,-0.0342361181974411
gp_latent_3,553,-0.028735583648085594
gp_latent_3,554,-0.031083470210433006
gp_latent_3,555,-0.017448248341679573
gp_latent_3,556,-0.017295213416218758
gp_latent_3,557,-0.02314780466258526
gp_latent_3,558,-0.020205985754728317
gp_latent_3,559,-0.03247916325926781
gp_latent_3,560,-0.02299259603023529
gp_latent_3,561,-0.02290942892432213
gp_latent_3,562,-0.03101995401084423
gp_latent_3,563,-0.029310690239071846
gp_latent_3,564,-0.04019026458263397
gp_latent_3,565,-0.015502030961215496
gp_latent_3,566,-0.025576375424861908
gp_latent_3,567,-0.028421225026249886
gp_latent_3,568,-0.05335289239883423
gp_latent_3,569,-0.033360984176397324
gp_latent_3,570,-0.018652383238077164
gp_latent_3,571,-0.015296508558094501
gp_latent_3,572,-0.021941322833299637
gp_latent_3,573,-0.04267449676990509
gp_latent_3,574,-0.02432645857334137
gp_latent_3,575,0.006324827671051025
gp_latent_3,576,-0.0033277389593422413
gp_latent_3,577,0.010173125192523003
gp_latent_3,578,0.019117791205644608
gp_latent_3,579,0.007589700631797314
gp_latent_3,580,0.01152331754565239
gp_latent_3,581,0.03188800439238548
gp_latent_3,582,0.019024159759283066
gp_latent_3,583,-0.07223623245954514
gp_latent_3,584,-0.041220154613256454
gp_latent_3,585,-0.04578188806772232
gp_latent_3,586,-0.021575450897216797
gp_latent_3,587,-0.029621852561831474
gp_latent_3,588,-0.027418725192546844
gp_latent_3,589,-0.022688722237944603
gp_latent_3,590,0.009687761776149273
gp_latent_3,591,-0.013219024054706097
gp_latent_3,592,0.008932697586715221
gp_latent_3,593,-0.053181905299425125
gp_latent_3,594,-0.01845381408929825
gp_latent_3,595,-0.005526866763830185
gp_latent_3,596,-0.05228963494300842
gp_latent_3,597,-0.03671639785170555
gp_latent_3,598,-0.047297123819589615
gp_latent_3,599,-0.01782413199543953
gp_latent_3,600,0.005611823406070471
gp_latent_3,601,0.0010673622600734234
gp_latent_3,602,-0.026572881266474724
gp_latent_3,603,-0.03683905303478241
gp_latent_3,604,-0.02399354800581932
gp_latent_3,605,-0.029355056583881378
gp_latent_3,606,-0.027782315388321877
gp_latent_3,607,-0.018875863403081894
gp_latent_3,608,-0.0329732745885849
gp_latent_3,609,-0.042641885578632355
gp_latent_3,610,-0.024424126371741295
gp_latent_3,611,-0.043972134590148926
gp_latent_3,612,0.0062706805765628815
gp_latent_3,613,0.012110268697142601
gp_latent_3,614,0.009366536512970924
gp_latent_3,615,-0.003719022963196039
gp_latent_3,616,-0.001982257701456547
gp_latent_3,617,0.023871511220932007
gp_latent_3,618,-0.10328814387321472
gp_latent_3,619,-0.08492785692214966
gp_latent_3,620,-0.07686525583267212
gp_latent_3,621,-0.1123436689376831
gp_latent_3,622,-0.017721736803650856
gp_latent_3,623,-0.01298570353537798
gp_latent_3,624,0.01840750314295292
gp_latent_3,625,-0.03770854324102402
gp_latent_3,626,-0.062399864196777344
gp_latent_3,627,-0.042155954986810684
gp_latent_3,628,0.017839089035987854
gp_latent_3,629,-0.09059217572212219
gp_latent_3,630,-0.10232874006032944
gp_latent_3,631,-0.09113621711730957
gp_latent_3,632,0.007125656120479107
gp_latent_3,633,0.019306311383843422
gp_latent_3,634,-0.05813717842102051
gp_latent_3,635,-0.02485824003815651
gp_latent_3,636,-0.016315283253788948
gp_latent_3,637,-0.021407973021268845
gp_latent_3,638,-0.04139506071805954
gp_latent_3,639,0.018664546310901642
gp_latent_3,640,-0.029811903834342957
gp_latent_3,641,0.013150705024600029
gp_latent_3,642,-0.0002796605695039034
gp_latent_3,643,-0.04877727851271629
gp_latent_3,644,-0.027034513652324677
gp_latent_3,645,-0.036151424050331116
gp_latent_3,646,0.01552523486316204
gp_latent_3,647,0.020456526428461075
gp_latent_3,648,-0.04475203901529312
gp_latent_3,649,-0.062220498919487
gp_latent_3,650,-0.026645222678780556
gp_latent_3,651,-0.04144419729709625
gp_latent_3,652,-0.03666560724377632
gp_latent_3,653,-0.032444342970848083
gp_latent_3,654,-0.10066663473844528
gp_latent_3,655,-0.10384901612997055
gp_latent_3,656,-0.030223630368709564
gp_latent_3,657,-0.02974599227309227
gp_latent_3,658,-0.02323860488831997
gp_latent_3,659,0.011016935110092163
gp_latent_3,660,0.07344347983598709
gp_latent_3,661,0.07197239249944687
gp_latent_3,662,0.013938916847109795
gp_latent_3,663,0.01664232835173607
gp_latent_3,664,-0.015145750716328621
gp_latent_3,665,-0.05460689961910248
gp_latent_3,666,-0.012396303936839104
gp_latent_3,667,-0.04816128686070442
gp_latent_3,668,-0.020247045904397964
gp_latent_3,669,-0.03941965103149414
gp_latent_3,670,-0.007494158577173948
gp_latent_3,671,-0.0033322502858936787
gp_latent_3,672,-0.0014361285138875246
gp_latent_3,673,-0.0009104118216782808
gp_latent_3,674,-0.062494613230228424
gp_latent_3,675,-0.04927525296807289
gp_latent_3,676,-0.04195339232683182
gp_latent_3,677,-0.05661090463399887
gp_latent_3,678,-0.030624995008111
gp_latent_3,679,-0.022427815943956375
gp_latent_3,680,-0.024906612932682037
gp_latent_3,681,-0.028041228652000427
gp_latent_3,682,-0.021849196404218674
gp_latent_3,683,-0.009994328022003174
gp_latent_3,684,-0.04475361853837967
gp_latent_3,685,-0.03397819399833679
gp_latent_3,686,-0.038982413709163666
gp_latent_3,687,-0.043921977281570435
gp_latent_3,688,-0.029561515897512436
gp_latent_3,689,-0.023401079699397087
gp_latent_3,690,-0.03816491737961769
gp_latent_3,691,-0.022176451981067657
gp_latent_3,692,-0.028386447578668594
gp_latent_3,693,-0.01263643428683281
gp_latent_3,694,-0.0016274843364953995
gp_latent_3,695,0.006337798200547695
gp_latent_3,696,0.0012459858553484082
gp_latent_3,697,0.007491098251193762
gp_latent_3,698,0.014761400409042835
gp_latent_3,699,-0.001660750131122768
gp_latent_3,700,-0.005021205637603998
gp_latent_3,701,0.022175833582878113
gp_latent_3,702,-0.013734092935919762
gp_latent_3,703,-0.03913203626871109
gp_latent_3,704,-0.022444579750299454
gp_latent_3,705,-0.01325396541506052
gp_latent_3,706,0.0017291312105953693
gp_latent_3,707,-0.027101263403892517
gp_latent_3,708,-0.030599981546401978
gp_latent_3,709,-0.03317124396562576
gp_latent_3,710,-0.0502910241484642
gp_latent_3,711,0.005946043413132429
gp_latent_3,712,0.006891336757689714
gp_latent_3,713,0.0029496909119188786
gp_latent_3,714,-0.019224988296628
gp_latent_3,715,0.026154469698667526
gp_latent_3,716,0.0016341118607670069
gp_latent_3,717,-0.033912982791662216
gp_latent_3,718,-0.024848587810993195
gp_latent_3,719,-0.03379158303141594
gp_latent_3,720,-0.03623894602060318
gp_latent_3,721,-0.03445213660597801
gp_latent_3,722,-0.030514033511281013
gp_latent_3,723,-0.024503665044903755
gp_latent_3,724,-0.009828501380980015
gp_latent_3,725,-0.10318548232316971
gp_latent_3,726,-0.09161935746669769
gp_latent_3,727,-0.0802275538444519
gp_latent_3,728,-0.1108647957444191
gp_latent_3,729,-0.00999956950545311
gp_latent_3,730,-0.016657687723636627
gp_latent_3,731,0.01145989540964365
gp_latent_3,732,-0.027774745598435402
gp_latent_3,733,-0.03208469972014427
gp_latent_3,734,-0.0315774567425251
gp_latent_3,735,0.02072226069867611
gp_latent_3,736,-0.009424448944628239
gp_latent_3,737,-0.01616191864013672
gp_latent_3,738,-0.013784277252852917
gp_latent_3,739,-0.03158598765730858
gp_latent_3,740,-0.04810739681124687
gp_latent_3,741,-0.03324251249432564
gp_latent_3,742,0.012678389437496662
gp_latent_3,743,0.00037833050009794533
gp_latent_3,744,-0.0005172495730221272
gp_latent_3,745,0.008412070572376251
gp_latent_3,746,-0.009839953854680061
gp_latent_3,747,-0.0014218906871974468
gp_latent_3,748,0.01033524889498949
gp_latent_3,749,0.030392002314329147
gp_latent_3,750,0.011286926455795765
gp_latent_3,751,0.0024937831331044436
gp_latent_3,752,-0.005536367651075125
gp_latent_3,753,0.0007708508055657148
gp_latent_3,754,-0.010128002613782883
gp_latent_3,755,0.005241383798420429
gp_latent_3,756,0.031023576855659485
gp_latent_3,757,0.013881482183933258
gp_latent_3,758,0.03292408958077431
gp_latent_3,759,0.01384170725941658
gp_latent_3,760,-0.013992947526276112
gp_latent_3,761,0.010670865885913372
gp_latent_3,762,0.05142496898770332
gp_latent_3,763,0.01413895282894373
gp_latent_3,764,0.003109070472419262
gp_latent_3,765,0.025805916637182236
gp_latent_3,766,0.043942175805568695
gp_latent_3,767,0.05475765839219093
gp_latent_3,768,-0.008678564801812172
gp_latent_3,769,0.006403425708413124
gp_latent_3,770,-0.0015289619332179427
gp_latent_3,771,0.030858900398015976
gp_latent_3,772,-0.012394163757562637
gp_latent_3,773,0.012947115115821362
gp_latent_3,774,0.007283661048859358
gp_latent_3,775,0.029851380735635757
gp_latent_3,776,0.005908696912229061
gp_latent_3,777,0.004999632481485605
gp_latent_3,778,-0.04872096702456474
gp_latent_3,779,-0.027024520561099052
gp_latent_3,780,-0.032450370490550995
gp_latent_3,781,-0.01285275537520647
gp_latent_3,782,-0.004973927512764931
gp_latent_3,783,0.014223276637494564
gp_latent_3,784,-0.00696197897195816
gp_latent_3,785,0.0849251076579094
gp_latent_3,786,0.0816153809428215
gp_latent_3,787,-0.0027635330334305763
gp_latent_3,788,-0.0017223339527845383
gp_latent_3,789,0.026121465489268303
gp_latent_3,790,-0.0027265166863799095
gp_latent_3,791,-0.0021887614857405424
gp_latent_3,792,0.017451100051403046
gp_latent_3,793,0.005136319901794195
gp_latent_3,794,0.007866907864809036
gp_latent_3,795,0.02017015591263771
gp_latent_3,796,0.07237596064805984
gp_latent_3,797,0.01464014407247305
gp_latent_3,798,0.07156310975551605
gp_latent_3,799,-0.021558640524744987
gp_latent_3,800,0.09293024986982346
gp_latent_3,801,-0.04629261791706085
gp_latent_3,802,0.07398765534162521
gp_latent_3,803,0.010628956370055676
gp_latent_3,804,0.00637219799682498
gp_latent_3,805,0.024990513920783997
gp_latent_3,806,0.0172968041151762
gp_latent_3,807,0.10214287042617798
gp_latent_3,808,0.036502718925476074
gp_latent_3,809,0.017029259353876114
gp_latent_3,810,0.023160478100180626
gp_latent_3,811,-0.005747098475694656
gp_latent_3,812,-0.018673166632652283
gp_latent_3,813,-0.002523436676710844
gp_latent_3,814,0.051563654094934464
gp_latent_3,815,0.02609378844499588
gp_latent_3,816,-0.02684742957353592
gp_latent_3,817,-0.0028206619899719954
gp_latent_3,818,-0.00960506871342659
gp_latent_3,819,0.004308760166168213
gp_latent_3,820,-0.010003415867686272
gp_latent_3,821,0.0400354340672493
gp_latent_3,822,0.005000733304768801
gp_latent_3,823,0.0047317128628492355
gp_latent_3,824,-0.011461491696536541
gp_latent_3,825,0.015742983669042587
gp_latent_3,826,0.053123701363801956
gp_latent_3,827,0.05021563172340393
gp_latent_3,828,-0.03233957290649414
gp_latent_3,829,0.0008022510446608067
gp_latent_3,830,-0.02175935171544552
gp_latent_3,831,0.0024117515422403812
gp_latent_3,832,-0.06543488055467606
gp_latent_3,833,0.01780826225876808
gp_latent_3,834,0.02329154498875141
gp_latent_3,835,0.006993290968239307
gp_latent_3,836,0.02485266886651516
gp_latent_3,837,-0.036932334303855896
gp_latent_3,838,0.01949402503669262
gp_latent_3,839,0.012641864828765392
gp_latent_3,840,-0.015781516209244728
gp_latent_3,841,-0.0021300609223544598
gp_latent_3,842,0.06946864724159241
gp_latent_3,843,0.04446861520409584
gp_latent_3,844,-0.0022581827361136675
gp_latent_3,845,0.08758115768432617
gp_latent_3,846,-0.01734212599694729
gp_latent_3,847,-0.018734654411673546
gp_latent_3,848,0.020777706056833267
gp_latent_3,849,0.008499381132423878
gp_latent_3,850,0.005751683376729488
gp_latent_3,851,-0.0002084879670292139
gp_latent_3,852,0.06695611774921417
gp_latent_3,853,0.027307569980621338
gp_latent_3,854,-0.020912565290927887
gp_latent_3,855,-0.008934484794735909
gp_latent_3,856,0.021740538999438286
gp_latent_3,857,0.005626332946121693
gp_latent_3,858,0.03464807942509651
gp_latent_3,859,0.004453194327652454
gp_latent_3,860,0.02122865989804268
gp_latent_3,861,0.015955790877342224
gp_latent_3,862,0.010181667283177376
gp_latent_3,863,-0.003302197903394699
gp_latent_3,864,0.011066167615354061
gp_latent_3,865,0.014742692932486534
gp_latent_3,866,0.062241606414318085
gp_latent_3,867,-0.008817746303975582
gp_latent_3,868,-0.0528043769299984
gp_latent_3,869,0.09281304478645325
gp_latent_3,870,-0.002071595285087824
gp_latent_3,871,0.049573205411434174
gp_latent_3,872,0.08625618368387222
gp_latent_3,873,0.07184813916683197
gp_latent_3,874,0.0015534358099102974
gp_latent_3,875,-0.009885706938803196
gp_latent_3,876,0.0873648002743721
gp_latent_3,877,0.010506401769816875
gp_latent_3,878,0.026257522404193878
gp_latent_3,879,0.008258447051048279
gp_latent_3,880,0.05984970182180405
gp_latent_3,881,0.08813538402318954
gp_latent_3,882,-0.025069957599043846
gp_latent_3,883,-4.766440542880446e-05
gp_latent_3,884,0.03036218136548996
gp_latent_3,885,-0.007088419981300831
gp_latent_3,886,0.0066939182579517365
gp_latent_3,887,0.03052651882171631
gp_latent_3,888,-0.03458034619688988
gp_latent_3,889,-0.012871273793280125
gp_latent_3,890,0.029661932960152626
gp_latent_3,891,0.021249620243906975
gp_latent_3,892,0.02303147315979004
gp_latent_3,893,0.004807659424841404
gp_latent_3,894,0.01931057870388031
gp_latent_3,895,-0.04006661847233772
gp_latent_3,896,-0.0015606535598635674
gp_latent_3,897,0.04383609816431999
gp_latent_3,898,0.0317356139421463
gp_latent_3,899,0.07797522097826004
gp_latent_3,900,0.07148930430412292
gp_latent_3,901,0.0688771978020668
gp_latent_3,902,-8.699693717062473e-05
gp_latent_3,903,0.0242063719779253
gp_latent_3,904,-0.016304394230246544
gp_latent_3,905,-0.02966815046966076
gp_latent_3,906,-0.02502078376710415
gp_latent_3,907,0.0012370985932648182
gp_latent_3,908,0.00506654242053628
gp_latent_3,909,0.030401993542909622
gp_latent_3,910,0.045721348375082016
gp_latent_3,911,0.07925255596637726
gp_latent_3,912,0.07380671799182892
gp_latent_3,913,0.07488267123699188
gp_latent_3,914,-0.007589415647089481
gp_latent_3,915,-0.005604525562375784
gp_latent_3,916,0.0750676840543747
gp_latent_3,917,0.023662839084863663
gp_latent_3,918,-0.0011279212776571512
gp_latent_3,919,0.03562266379594803
gp_latent_3,920,-0.04739297926425934
gp_latent_3,921,0.0047019291669130325
gp_latent_3,922,0.021970756351947784
gp_latent_3,923,0.006252986844629049
gp_latent_3,924,0.018456272780895233
gp_latent_3,925,0.032256875187158585
gp_latent_3,926,0.005569840781390667
gp_latent_3,927,0.0193625595420599
gp_latent_3,928,-0.015400041826069355
gp_latent_3,929,0.02278987504541874
gp_latent_3,930,0.016404710710048676
gp_latent_3,931,0.011787168681621552
gp_latent_3,932,-0.0030689602717757225
gp_latent_3,933,-0.010999629274010658
gp_latent_3,934,0.0354389064013958
gp_latent_3,935,0.04096582531929016
gp_latent_3,936,0.06941711157560349
gp_latent_3,937,0.051731791347265244
gp_latent_3,938,0.06499882787466049
gp_latent_3,939,0.0706585943698883
gp_latent_3,940,-0.008328395895659924
gp_latent_3,941,-0.006218088790774345
gp_latent_3,942,-0.011042358353734016
gp_latent_3,943,0.022629564628005028
gp_latent_3,944,0.07259875535964966
gp_latent_3,945,-0.041378047317266464
gp_latent_3,946,0.011088604107499123
gp_latent_3,947,0.02435460314154625
gp_latent_3,948,0.0710296481847763
gp_latent_3,949,0.0031585954129695892
gp_latent_4,0,-0.004440453834831715
gp_latent_4,1,0.021501576527953148
gp_latent_4,2,-0.021482961252331734
gp_latent_4,3,-0.02548396587371826
gp_latent_4,4,-0.058888766914606094
gp_latent_4,5,-0.06238294392824173
gp_latent_4,6,0.011222530156373978
gp_latent_4,7,-0.014545304700732231
gp_latent_4,8,-0.03852463513612747
gp_latent_4,9,0.035996560007333755
gp_latent_4,10,0.02724459022283554
gp_latent_4,11,-0.00045303557999432087
gp_latent_4,12,-0.009692157618701458
gp_latent_4,13,-0.013923055492341518
gp_latent_4,14,-0.03939875215291977
gp_latent_4,15,0.003305502235889435
gp_latent_4,16,-0.027233107015490532
gp_latent_4,17,0.03653324022889137
gp_latent_4,18,0.033695656806230545
gp_latent_4,19,0.0033808525186032057
gp_latent_4,20,-0.024305010214447975
gp_latent_4,21,-0.02607826702296734
gp_latent_4,22,0.02004600316286087
gp_latent_4,23,-0.03165962174534798
gp_latent_4,24,-0.012855145148932934
gp_latent_4,25,0.06332960724830627
gp_latent_4,26,0.028996143490076065
gp_latent_4,27,-0.015503848902881145
gp_latent_4,28,-0.005216057877987623
gp_latent_4,29,0.015301487408578396
gp_latent_4,30,0.019776012748479843
gp_latent_4,31,-0.02033785730600357
gp_latent_4,32,-0.004668299108743668
gp_latent_4,33,-0.007944242097437382
gp_latent_4,34,-0.024327874183654785
gp_latent_4,35,-0.0026712026447057724
gp_latent_4,36,0.0031082136556506157
gp_latent_4,37,0.04117263853549957
gp_latent_4,38,-0.04150420054793358
gp_latent_4,39,0.04321073740720749
gp_latent_4,40,-0.048796046525239944
gp_latent_4,41,-0.035943999886512756
gp_latent_4,42,-0.02320239692926407
gp_latent_4,43,0.03423298895359039
gp_latent_4,44,-0.028039144352078438
gp_latent_4,45,0.009788576513528824
gp_latent_4,46,-0.03730430081486702
gp_latent_4,47,-0.004590323194861412
gp_latent_4,48,0.01773396134376526
gp_latent_4,49,-0.0072393580339848995
gp_latent_4,50,0.0047616418451070786
gp_latent_4,51,0.0029595866799354553
gp_latent_4,52,-0.047731321305036545
gp_latent_4,53,-0.022490082308650017
gp_latent_4,54,0.013248073868453503
gp_latent_4,55,0.01870184950530529
gp_latent_4,56,0.011675946414470673
gp_latent_4,57,-0.056176476180553436
gp_latent_4,58,-0.028220858424901962
gp_latent_4,59,0.029171574860811234
gp_latent_4,60,0.04616071656346321
gp_latent_4,61,0.005203251726925373
gp_latent_4,62,0.01762302592396736
gp_latent_4,63,0.03990935906767845
gp_latent_4,64,0.011817868798971176
gp_latent_4,65,0.005712324287742376
gp_latent_4,66,0.015212887898087502
gp_latent_4,67,-0.026987068355083466
gp_latent_4,68,0.005476729478687048
gp_latent_4,69,0.027985144406557083
gp_latent_4,70,0.037161607295274734
gp_latent_4,71,0.0963137075304985
gp_latent_4,72,0.022630341351032257
gp_latent_4,73,-0.005774085409939289
gp_latent_4,74,-0.012311168015003204
gp_latent_4,75,0.11261748522520065
gp_latent_4,76,0.11545418202877045
gp_latent_4,77,0.10607683658599854
gp_latent_4,78,0.10910357534885406
gp_latent_4,79,0.0015115347923710942
gp_latent_4,80,0.11363518983125687
gp_latent_4,81,0.032911963760852814
gp_latent_4,82,0.005092209205031395
gp_latent_4,83,-0.03549346327781677
gp_latent_4,84,0.017766287550330162
gp_latent_4,85,-0.010052436962723732
gp_latent_4,86,-0.014626288786530495
gp_latent_4,87,0.07512030750513077
gp_latent_4,88,-0.029322626069188118
gp_latent_4,89,-0.052732475101947784
gp_latent_4,90,0.0020108968019485474
gp_latent_4,91,-0.05969274044036865
gp_latent_4,92,-0.02206922322511673
gp_latent_4,93,-0.006962533574551344
gp_latent_4,94,0.0011331225978210568
gp_latent_4,95,-0.010502520017325878
gp_latent_4,96,0.012998592108488083
gp_latent_4,97,-0.0025996356271207333
gp_latent_4,98,0.030809354037046432
gp_latent_4,99,-0.013333258219063282
gp_latent_4,100,-0.032192010432481766
gp_latent_4,101,0.05854061245918274
gp_latent_4,102,0.0309293232858181
gp_latent_4,103,-0.02178729698061943
gp_latent_4,104,-0.010622808709740639
gp_latent_4,105,-0.014809103682637215
gp_latent_4,106,-0.019950365647673607
gp_latent_4,107,0.017230892553925514
gp_latent_4,108,0.05548973008990288
gp_latent_4,109,0.04986146092414856
gp_latent_4,110,0.04891399294137955
gp_latent_4,111,0.04871104657649994
gp_latent_4,112,0.04279900714755058
gp_latent_4,113,0.006755364127457142
gp_latent_4,114,-0.006039260420948267
gp_latent_4,115,0.019773345440626144
gp_latent_4,116,0.00025859521701931953
gp_latent_4,117,-0.020997509360313416
gp_latent_4,118,-0.01166736613959074
gp_latent_4,119,-0.002106125233694911
gp_latent_4,120,0.029818354174494743
gp_latent_4,121,0.0360582172870636
gp_latent_4,122,0.05353253334760666
gp_latent_4,123,0.046159472316503525
gp_latent_4,124,0.005249264650046825
gp_latent_4,125,0.06719264388084412
gp_latent_4,126,0.005601220298558474
gp_latent_4,127,0.037358108907938004
gp_latent_4,128,-0.028007445856928825
gp_latent_4,129,0.01581577956676483
gp_latent_4,130,-0.017509208992123604
gp_latent_4,131,0.023883525282144547
gp_latent_4,132,-0.0031614196486771107
gp_latent_4,133,-0.016411200165748596
gp_latent_4,134,0.054693255573511124
gp_latent_4,135,0.0345546193420887
gp_latent_4,136,-0.005861793644726276
gp_latent_4,137,-0.01629236340522766
gp_latent_4,138,-0.029673367738723755
gp_latent_4,139,-0.04241203889250755
gp_latent_4,140,-0.023104093968868256
gp_latent_4,141,-0.016867540776729584
gp_latent_4,142,0.05061494559049606
gp_latent_4,143,0.006691926158964634
gp_latent_4,144,0.055015679448843
gp_latent_4,145,-0.01582067832350731
gp_latent_4,146,-0.02579333633184433
gp_latent_4,147,0.03280377760529518
gp_latent_4,148,-0.02042033150792122
gp_latent_4,149,-0.01900167390704155
gp_latent_4,150,0.015775809064507484
gp_latent_4,151,0.06130233779549599
gp_latent_4,152,0.0015695319743826985
gp_latent_4,153,0.0021784931886941195
gp_latent_4,154,0.036997608840465546
gp_latent_4,155,0.05451680347323418
gp_latent_4,156,0.015576096251606941
gp_latent_4,157,0.01408952847123146
gp_latent_4,158,0.011225683614611626
gp_latent_4,159,0.017318444326519966
gp_latent_4,160,0.010484972037374973
gp_latent_4,161,0.03784741461277008
gp_latent_4,162,0.039309680461883545
gp_latent_4,163,0.05037354677915573
gp_latent_4,164,0.001688200980424881
gp_latent_4,165,0.010877318680286407
gp_latent_4,166,-0.0007663550786674023
gp_latent_4,167,0.040209732949733734
gp_latent_4,168,-0.005397383589297533
gp_latent_4,169,-0.03041621670126915
gp_latent_4,170,-0.04451112076640129
gp_latent_4,171,0.07228337228298187
gp_latent_4,172,0.03761156648397446
gp_latent_4,173,-0.017429791390895844
gp_latent_4,174,0.0315711572766304
gp_latent_4,175,-0.0014494846109300852
gp_latent_4,176,-0.013916198164224625
gp_latent_4,177,-0.005993983708322048
gp_latent_4,178,-9.720679372549057e-08
gp_latent_4,179,-0.03907392919063568
gp_latent_4,180,0.013534298166632652
gp_latent_4,181,0.022701097652316093
gp_latent_4,182,0.003921994008123875
gp_latent_4,183,0.019726160913705826
gp_latent_4,184,0.00020830950234085321
gp_latent_4,185,0.006646208465099335
gp_latent_4,186,-0.027685895562171936
gp_latent_4,187,-0.1070370301604271
gp_latent_4,188,-0.013608499430119991
gp_latent_4,189,0.013055994175374508
gp_latent_4,190,0.003426983021199703
gp_latent_4,191,-0.03730134665966034
gp_latent_4,192,-0.03385457769036293
gp_latent_4,193,-0.03813374787569046
gp_latent_4,194,0.011892315000295639
gp_latent_4,195,-0.051351070404052734
gp_latent_4,196,-0.03148080036044121
gp_latent_4,197,0.00991886854171753
gp_latent_4,198,0.009689874947071075
gp_latent_4,199,0.02685636840760708
gp_latent_4,200,-0.1078089103102684
gp_latent_4,201,0.006630629301071167
gp_latent_4,202,0.018204152584075928
gp_latent_4,203,-0.006332153454422951
gp_latent_4,204,0.016304384917020798
gp_latent_4,205,0.0734039917588234
gp_latent_4,206,-0.002263678703457117
gp_latent_4,207,-0.007254415191709995
gp_latent_4,208,-0.004689696244895458
gp_latent_4,209,-0.015728866681456566
gp_latent_4,210,0.07914364337921143
gp_latent_4,211,-0.05139278993010521
gp_latent_4,212,-0.04545257240533829
gp_latent_4,213,0.004974480718374252
gp_latent_4,214,0.09847018122673035
gp_latent_4,215,0.007068416103720665
gp_latent_4,216,0.07349388301372528
gp_latent_4,217,-0.09841050952672958
gp_latent_4,218,0.0036766109988093376
gp_latent_4,219,-0.0020136702805757523
gp_latent_4,220,-0.004320087842643261
gp_latent_4,221,-0.02242615446448326
gp_latent_4,222,0.007752447389066219
gp_latent_4,223,-0.007335990201681852
gp_latent_4,224,-0.0029191579669713974
gp_latent_4,225,0.005060546100139618
gp_latent_4,226,0.010155878029763699
gp_latent_4,227,0.018122872337698936
gp_latent_4,228,0.028303105384111404
gp_latent_4,229,-0.007449059281498194
gp_latent_4,230,-0.026449207216501236
gp_latent_4,231,-0.03344113379716873
gp_latent_4,232,-0.02808190882205963
gp_latent_4,233,-0.03965793550014496
gp_latent_4,234,-0.023101478815078735
gp_latent_4,235,-0.027437616139650345
gp_latent_4,236,0.009844731539487839
gp_latent_4,237,-0.01731359399855137
gp_latent_4,238,0.002339296042919159
gp_latent_4,239,0.027884002774953842
gp_latent_4,240,0.0007725401083007455
gp_latent_4,241,-0.03350305184721947
gp_latent_4,242,-0.026203490793704987
gp_latent_4,243,-0.035349078476428986
gp_latent_4,244,-0.042239271104335785
gp_latent_4,245,-0.04413697496056557
gp_latent_4,246,0.0015626470558345318
gp_latent_4,247,-0.002851703204214573
gp_latent_4,248,0.0002495634835213423
gp_latent_4,249,-0.013013568706810474
gp_latent_4,250,-0.007531077601015568
gp_latent_4,251,-0.01963864266872406
gp_latent_4,252,0.0014141518622636795
gp_latent_4,253,-0.01191630493849516
gp_latent_4,254,0.01574302837252617
gp_latent_4,255,-0.014286903664469719
gp_latent_4,256,-0.0112366434186697
gp_latent_4,257,-0.0067620472982525826
gp_latent_4,258,-0.0237980168312788
gp_latent_4,259,-0.017531273886561394
gp_latent_4,260,-0.026480786502361298
gp_latent_4,261,-0.009023873135447502
gp_latent_4,262,-0.009292094968259335
gp_latent_4,263,0.0016028678510338068
gp_latent_4,264,0.06737393885850906
gp_latent_4,265,-0.017319120466709137
gp_latent_4,266,0.019989145919680595
gp_latent_4,267,-0.009880713187158108
gp_latent_4,268,-0.03665883094072342
gp_latent_4,269,-0.008244302123785019
gp_latent_4,270,0.05796360597014427
gp_latent_4,271,-0.04054486006498337
gp_latent_4,272,-0.0015334777999669313
gp_latent_4,273,-0.01718144677579403
gp_latent_4,274,0.0058324686251580715
gp_latent_4,275,-0.00630844384431839
gp_latent_4,276,-0.02565990574657917
gp_latent_4,277,0.011309663765132427
gp_latent_4,278,0.03475949168205261
gp_latent_4,279,-0.003993282560259104
gp_latent_4,280,-0.027442239224910736
gp_latent_4,281,0.0020747450180351734
gp_latent_4,282,0.034248676151037216
gp_latent_4,283,-0.027152899652719498
gp_latent_4,284,0.07713425904512405
gp_latent_4,285,0.06049741059541702
gp_latent_4,286,0.010409798473119736
gp_latent_4,287,0.025039399042725563
gp_latent_4,288,-0.002944651059806347
gp_latent_4,289,0.0161350816488266
gp_latent_4,290,0.0001668059267103672
gp_latent_4,291,0.04116377979516983
gp_latent_4,292,0.025188572704792023
gp_latent_4,293,-0.09801234304904938
gp_latent_4,294,-0.009965748526155949
gp_latent_4,295,0.0033691960852593184
gp_latent_4,296,0.04619666934013367
gp_latent_4,297,0.025424949824810028
gp_latent_4,298,-0.003366799559444189
gp_latent_4,299,0.03554129973053932
gp_latent_4,300,-0.09795020520687103
gp_latent_4,301,-0.09223107993602753
gp_latent_4,302,-0.09319149702787399
gp_latent_4,303,0.005696480628103018
gp_latent_4,304,-0.02030610293149948
gp_latent_4,305,0.03681280091404915
gp_latent_4,306,0.018014077097177505
gp_latent_4,307,0.02051549404859543
gp_latent_4,308,0.06364353001117706
gp_latent_4,309,-0.003577594645321369
gp_latent_4,310,-0.009606294333934784
gp_latent_4,311,0.005974058993160725
gp_latent_4,312,-0.017005519941449165
gp_latent_4,313,-0.020432163029909134
gp_latent_4,314,0.015537161380052567
gp_latent_4,315,-0.02321862056851387
gp_latent_4,316,-0.01794363558292389
gp_latent_4,317,0.013640590012073517
gp_latent_4,318,0.041009943932294846
gp_latent_4,319,-0.0027332790195941925
gp_latent_4,320,0.023096874356269836
gp_latent_4,321,0.04950788989663124
gp_latent_4,322,0.04465565085411072
gp_latent_4,323,0.03631845861673355
gp_latent_4,324,0.007255265489220619
gp_latent_4,325,0.03533034771680832
gp_latent_4,326,0.005791256204247475
gp_latent_4,327,0.017564455047249794
gp_latent_4,328,0.016407180577516556
gp_latent_4,329,0.009547214955091476
gp_latent_4,330,-0.01740453764796257
gp_latent_4,331,-0.0008178774733096361
gp_latent_4,332,0.043953489512205124
gp_latent_4,333,0.030119117349386215
gp_latent_4,334,0.004033855628222227
gp_latent_4,335,-0.017243338748812675
gp_latent_4,336,-0.0044830432161688805
gp_latent_4,337,0.010381878353655338
gp_latent_4,338,-0.02643727883696556
gp_latent_4,339,-0.02248474955558777
gp_latent_4,340,0.0036215470172464848
gp_latent_4,341,0.07583624124526978
gp_latent_4,342,-0.041082412004470825
gp_latent_4,343,-0.0009656115435063839
gp_latent_4,344,-0.00407335115596652
gp_latent_4,345,-0.006054605823010206
gp_latent_4,346,0.003776031779125333
gp_latent_4,347,-0.004559717606753111
gp_latent_4,348,0.0016254941001534462
gp_latent_4,349,-0.026426130905747414
gp_latent_4,350,-0.03038761578500271
gp_latent_4,351,-0.01750023104250431
gp_latent_4,352,0.029503218829631805
gp_latent_4,353,0.001464210101403296
gp_latent_4,354,0.0021182659547775984
gp_latent_4,355,-0.005274886265397072
gp_latent_4,356,-0.047454122453927994
gp_latent_4,357,0.0027622131165117025
gp_latent_4,358,-0.004840119741857052
gp_latent_4,359,-0.008743158541619778
gp_latent_4,360,-0.01147860661149025
gp_latent_4,361,0.0044402508065104485
gp_latent_4,362,-0.043284498155117035
gp_latent_4,363,-0.005099634639918804
gp_latent_4,364,0.013377679511904716
gp_latent_4,365,-0.010755540803074837
gp_latent_4,366,0.01258897315710783
gp_latent_4,367,-0.04807783663272858
gp_latent_4,368,-0.009565096348524094
gp_latent_4,369,0.002263493835926056
gp_latent_4,370,0.005164138041436672
gp_latent_4,371,-0.015296196565032005
gp_latent_4,372,-0.026986906304955482
gp_latent_4,373,0.014736926183104515
gp_latent_4,374,0.05141729861497879
gp_latent_4,375,0.02738458663225174
gp_latent_4,376,-0.01332420576363802
gp_latent_4,377,0.0160371121019125
gp_latent_4,378,-0.0013630511239171028
gp_latent_4,379,0.030115369707345963
gp_latent_4,380,0.07188907265663147
gp_latent_4,381,-0.03878477215766907
gp_latent_4,382,-0.03150026500225067
gp_latent_4,383,-0.03396670147776604
gp_latent_4,384,0.06643861532211304
gp_latent_4,385,0.03629789128899574
gp_latent_4,386,-0.03844476118683815
gp_latent_4,387,-0.03312477841973305
gp_latent_4,388,-0.04833228886127472
gp_latent_4,389,0.04298460856080055
gp_latent_4,390,0.04152364283800125
gp_latent_4,391,-0.05172184854745865
gp_latent_4,392,-0.050828300416469574
gp_latent_4,393,0.020517274737358093
gp_latent_4,394,0.02905311807990074
gp_latent_4,395,-0.03088897094130516
gp_latent_4,396,-0.01904943585395813
gp_latent_4,397,0.04914332553744316
gp_latent_4,398,0.030301783233880997
gp_latent_4,399,0.03212282434105873
gp_latent_4,400,-0.0375349186360836
gp_latent_4,401,0.041242506355047226
gp_latent_4,402,-0.03748149052262306
gp_latent_4,403,0.00795552134513855
gp_latent_4,404,-0.008713310584425926
gp_latent_4,405,-0.0005339032504707575
gp_latent_4,406,0.0012587553355842829
gp_latent_4,407,-0.005954499822109938
gp_latent_4,408,-0.004792075138539076
gp_latent_4,409,-0.0025189598090946674
gp_latent_4,410,-0.011954345740377903
gp_latent_4,411,0.006242283619940281
gp_latent_4,412,-0.020200693979859352
gp_latent_4,413,-0.03201473131775856
gp_latent_4,414,0.026108715683221817
gp_latent_4,415,0.0007832730188965797
gp_latent_4,416,-0.02556714043021202
gp_latent_4,417,-0.028430799022316933
gp_latent_4,418,-0.003925892524421215
gp_latent_4,419,-0.008306287229061127
gp_latent_4,420,0.020607495680451393
gp_latent_4,421,-0.03827555477619171
gp_latent_4,422,0.025891738012433052
gp_latent_4,423,0.011417018249630928
gp_latent_4,424,0.04034395143389702
gp_latent_4,425,0.0024358821101486683
gp_latent_4,426,-0.00865254458039999
gp_latent_4,427,-0.0315147303044796
gp_latent_4,428,-0.033580880612134933
gp_latent_4,429,-0.009683022275567055
gp_latent_4,430,0.03523564338684082
gp_latent_4,431,-0.016319626942276955
gp_latent_4,432,-0.00447107432410121
gp_latent_4,433,0.008706359192728996
gp_latent_4,434,-0.11418155580759048
gp_latent_4,435,-0.11048971116542816
gp_latent_4,436,0.010758783668279648
gp_latent_4,437,0.075139120221138
gp_latent_4,438,0.02189774438738823
gp_latent_4,439,0.022246066480875015
gp_latent_4,440,-0.0013589365407824516
gp_latent_4,441,0.0442318394780159
gp_latent_4,442,0.016071174293756485
gp_latent_4,443,-0.04783005639910698
gp_latent_4,444,-0.021300215274095535
gp_latent_4,445,0.016211526468396187
gp_latent_4,446,0.014320001006126404
gp_latent_4,447,-0.09018135070800781
gp_latent_4,448,-0.09470526874065399
gp_latent_4,449,-0.11492163687944412
gp_latent_4,450,-0.11888346076011658
gp_latent_4,451,0.004717926029115915
gp_latent_4,452,0.008394328877329826
gp_latent_4,453,0.01874735951423645
gp_latent_4,454,0.07024550437927246
gp_latent_4,455,0.01756998337805271
gp_latent_4,456,-0.08528067916631699
gp_latent_4,457,0.007948571816086769
gp_latent_4,458,0.07807902991771698
gp_latent_4,459,0.010222803801298141
gp_latent_4,460,0.014242756180465221
gp_latent_4,461,0.016805525869131088
gp_latent_4,462,0.01587904617190361
gp_latent_4,463,-0.0027879357803612947
gp_latent_4,464,0.005002718418836594
gp_latent_4,465,0.009097632952034473
gp_latent_4,466,-0.10635047405958176
gp_latent_4,467,0.07719351351261139
gp_latent_4,468,-0.04609152674674988
gp_latent_4,469,-0.03494527190923691
gp_latent_4,470,0.004433177877217531
gp_latent_4,471,-0.04440133646130562
gp_latent_4,472,0.01893177442252636
gp_latent_4,473,0.012189767323434353
gp_latent_4,474,-0.023285750299692154
gp_latent_4,475,-0.0421653687953949
gp_latent_4,476,0.006412103772163391
gp_latent_4,477,-0.05194104462862015
gp_latent_4,478,-0.062206096947193146
gp_latent_4,479,-0.11237002164125443
gp_latent_4,480,-0.0035975021310150623
gp_latent_4,481,0.004979870747774839
gp_latent_4,482,0.013133426196873188
gp_latent_4,483,0.028525589033961296
gp_latent_4,484,0.027274128049612045
gp_latent_4,485,0.013181280344724655
gp_latent_4,486,0.01730244606733322
gp_latent_4,487,0.026187561452388763
gp_latent_4,488,-0.0498710572719574
gp_latent_4,489,-0.04111488536000252
gp_latent_4,490,-0.036222826689481735
gp_latent_4,491,-0.006749136373400688
gp_latent_4,492,-0.10729733109474182
gp_latent_4,493,-0.09178586304187775
gp_latent_4,494,-0.09299124777317047
gp_latent_4,495,-0.0999256893992424
gp_latent_4,496,-0.09449723362922668
gp_latent_4,497,-0.09790274500846863
gp_latent_4,498,-0.08579815924167633
gp_latent_4,499,-0.1070588082075119
gp_latent_4,500,0.021144380792975426
gp_latent_4,501,-0.01462740357965231
gp_latent_4,502,-0.004305480979382992
gp_latent_4,503,-0.005109304096549749
gp_latent_4,504,0.0715729370713234
gp_latent_4,505,0.008696988224983215
gp_latent_4,506,0.000756753608584404
gp_latent_4,507,0.010034781880676746
gp_latent_4,508,0.06776019930839539
gp_latent_4,509,-0.026744650676846504
gp_latent_4,510,-0.01770830899477005
gp_latent_4,511,0.014843323267996311
gp_latent_4,512,0.0034558353945612907
gp_latent_4,513,0.005702364724129438
gp_latent_4,514,0.013017429038882256
gp_latent_4,515,0.01805383712053299
gp_latent_4,516,-0.06192309036850929
gp_latent_4,517,-0.04004526510834694
gp_latent_4,518,-0.03965010121464729
gp_latent_4,519,-0.022350123152136803
gp_latent_4,520,0.029600242152810097
gp_latent_4,521,0.020624220371246338
gp_latent_4,522,-0.01819998025894165
gp_latent_4,523,-0.018339339643716812
gp_latent_4,524,0.009574872441589832
gp_latent_4,525,0.005880873184651136
gp_latent_4,526,0.023952702060341835
gp_latent_4,527,-0.008213814347982407
gp_latent_4,528,0.004198082722723484
gp_latent_4,529,0.01659242995083332
gp_latent_4,530,0.022190075367689133
gp_latent_4,531,0.033976439386606216
gp_latent_4,532,0.02384219504892826
gp_latent_4,533,-0.02820492349565029
gp_latent_4,534,-0.025677023455500603
gp_latent_4,535,-0.03309139236807823
gp_latent_4,536,-0.022175539284944534
gp_latent_4,537,0.0017508575692772865
gp_latent_4,538,0.002244614064693451
gp_latent_4,539,0.07713474333286285
gp_latent_4,540,0.0005869707092642784
gp_latent_4,541,0.07099377363920212
gp_latent_4,542,0.08200473338365555
gp_latent_4,543,0.07750022411346436
gp_latent_4,544,0.018591606989502907
gp_latent_4,545,0.026325203478336334
gp_latent_4,546,0.005989500787109137
gp_latent_4,547,0.013275979086756706
gp_latent_4,548,0.021604496985673904
gp_latent_4,549,0.016388416290283203
gp_latent_4,550,0.022034110501408577
gp_latent_4,551,-0.02117670513689518
gp_latent_4,552,0.008151079528033733
gp_latent_4,553,0.0015062635065987706
gp_latent_4,554,-0.003900095820426941
gp_latent_4,555,-0.022076737135648727
gp_latent_4,556,0.004024170804768801
gp_latent_4,557,-0.011689659208059311
gp_latent_4,558,-0.010402829386293888
gp_latent_4,559,0.00033133779652416706
gp_latent_4,560,0.006376251112669706
gp_latent_4,561,0.005070734769105911
gp_latent_4,562,-0.0008362550288438797
gp_latent_4,563,0.007728871423751116
gp_latent_4,564,-0.010089986026287079
gp_latent_4,565,-0.018011601641774178
gp_latent_4,566,-0.0060563478618860245
gp_latent_4,567,-0.008637781254947186
gp_latent_4,568,0.0034556607715785503
gp_latent_4,569,-0.0020230156369507313
gp_latent_4,570,0.0028187769930809736
gp_latent_4,571,-0.010698110796511173
gp_latent_4,572,-0.007275464944541454
gp_latent_4,573,0.014638652093708515
gp_latent_4,574,-0.009593225084245205
gp_latent_4,575,0.01321071945130825
gp_latent_4,576,0.018360953778028488
gp_latent_4,577,0.018702641129493713
gp_latent_4,578,0.027166124433279037
gp_latent_4,579,0.01651494950056076
gp_latent_4,580,0.02678639441728592
gp_latent_4,581,-0.029854202643036842
gp_latent_4,582,-0.004382658749818802
gp_latent_4,583,0.02691391296684742
gp_latent_4,584,0.020339714363217354
gp_latent_4,585,0.02208821289241314
gp_latent_4,586,-0.009311228059232235
gp_latent_4,587,0.007018116302788258
gp_latent_4,588,-0.021036038175225258
gp_latent_4,589,0.00032532354816794395
gp_latent_4,590,0.014079335145652294
gp_latent_4,591,-0.015351874753832817
gp_latent_4,592,0.01085134781897068
gp_latent_4,593,0.031036511063575745
gp_latent_4,594,-0.0021062002051621675
gp_latent_4,595,-0.00030045065796002746
gp_latent_4,596,0.07791886478662491
gp_latent_4,597,0.0696306824684143
gp_latent_4,598,0.07289190590381622
gp_latent_4,599,-0.025121532380580902
gp_latent_4,600,-0.011228244751691818
gp_latent_4,601,-0.022970445454120636
gp_latent_4,602,0.0577392652630806
gp_latent_4,603,0.0732472762465477
gp_latent_4,604,0.06724685430526733
gp_latent_4,605,0.05713473632931709
gp_latent_4,606,0.06908846646547318
gp_latent_4,607,0.03752075135707855
gp_latent_4,608,0.07133371382951736
gp_latent_4,609,0.07634862512350082
gp_latent_4,610,0.05344255268573761
gp_latent_4,611,0.07134260982275009
gp_latent_4,612,-0.03742397204041481
gp_latent_4,613,-0.004164905287325382
gp_latent_4,614,-0.0061735184863209724
gp_latent_4,615,-0.005707806907594204
gp_latent_4,616,0.013228438794612885
gp_latent_4,617,-0.006939223036170006
gp_latent_4,618,0.0012840465642511845
gp_latent_4,619,-0.00712545495480299
gp_latent_4,620,-0.006122509948909283
gp_latent_4,621,-0.004419050179421902
gp_latent_4,622,-0.07450412213802338
gp_latent_4,623,-0.05050739645957947
gp_latent_4,624,-0.026087898761034012
gp_latent_4,625,0.07603704929351807
gp_latent_4,626,0.06010252609848976
gp_latent_4,627,0.060047995299100876
gp_latent_4,628,-0.023271095007658005
gp_latent_4,629,-0.005460960790514946
gp_latent_4,630,-0.025436419993638992
gp_latent_4,631,-0.03332914784550667
gp_latent_4,632,-0.04302914813160896
gp_latent_4,633,0.05654946342110634
gp_latent_4,634,0.023834368214011192
gp_latent_4,635,0.02911018393933773
gp_latent_4,636,-0.004038409795612097
gp_latent_4,637,-0.007328973151743412
gp_latent_4,638,-0.0016177076613530517
gp_latent_4,639,0.007593461312353611
gp_latent_4,640,-0.004951417446136475
gp_latent_4,641,0.047639138996601105
gp_latent_4,642,-0.015447992831468582
gp_latent_4,643,0.06513166427612305
gp_latent_4,644,0.0811949372291565
gp_latent_4,645,0.02886793203651905
gp_latent_4,646,-0.0184004008769989
gp_latent_4,647,-0.020071374252438545
gp_latent_4,648,0.045487359166145325
gp_latent_4,649,0.055479079484939575
gp_latent_4,650,0.06345362216234207
gp_latent_4,651,0.07136349380016327
gp_latent_4,652,0.07264243066310883
gp_latent_4,653,0.07122338563203812
gp_latent_4,654,-0.011043785139918327
gp_latent_4,655,-0.004740949720144272
gp_latent_4,656,0.0853056088089943
gp_latent_4,657,0.07226958125829697
gp_latent_4,658,-0.04346156120300293
gp_latent_4,659,-0.04701859876513481
gp_latent_4,660,0.022708330303430557
gp_latent_4,661,0.020890342071652412
gp_latent_4,662,-0.038174889981746674
gp_latent_4,663,-0.03666600212454796
gp_latent_4,664,0.010924291796982288
gp_latent_4,665,0.019474970176815987
gp_latent_4,666,0.0027358890511095524
gp_latent_4,667,0.055898115038871765
gp_latent_4,668,0.07962852716445923
gp_latent_4,669,0.04402348771691322
gp_latent_4,670,0.023767858743667603
gp_latent_4,671,0.07219105213880539
gp_latent_4,672,0.062013059854507446
gp_latent_4,673,0.060641925781965256
gp_latent_4,674,0.014482992701232433
gp_latent_4,675,0.03654123842716217
gp_latent_4,676,0.019229082390666008
gp_latent_4,677,0.0140194371342659
gp_latent_4,678,0.009079910814762115
gp_latent_4,679,-0.0020974762737751007
gp_latent_4,680,-0.006997055374085903
gp_latent_4,681,-0.007610737346112728
gp_latent_4,682,-0.010886766016483307
gp_latent_4,683,-0.0070951636880636215
gp_latent_4,684,-0.0033131008967757225
gp_latent_4,685,0.013343515805900097
gp_latent_4,686,-0.010699469596147537
gp_latent_4,687,-0.017214851453900337
gp_latent_4,688,-0.02075544185936451
gp_latent_4,689,-0.00725147407501936
gp_latent_4,690,-0.023173030465841293
gp_latent_4,691,0.015400568954646587
gp_latent_4,692,0.03576800599694252
gp_latent_4,693,0.04293953627347946
gp_latent_4,694,0.011682453565299511
gp_latent_4,695,0.0423835851252079
gp_latent_4,696,0.017244579270482063
gp_latent_4,697,0.02771974541246891
gp_latent_4,698,0.022322436794638634
gp_latent_4,699,0.011907244101166725
gp_latent_4,700,0.008916928432881832
gp_latent_4,701,-0.00643230089917779
gp_latent_4,702,0.08220135420560837
gp_latent_4,703,0.03136815130710602
gp_latent_4,704,-0.006089767906814814
gp_latent_4,705,-0.008533768355846405
gp_latent_4,706,-0.008817387744784355
gp_latent_4,707,0.00278908247128129
gp_latent_4,708,-0.004273025318980217
gp_latent_4,709,0.0710940882563591
gp_latent_4,710,0.06526172161102295
gp_latent_4,711,-0.04664427042007446
gp_latent_4,712,-0.049744512885808945
gp_latent_4,713,-0.05284601077437401
gp_latent_4,714,-0.04925866425037384
gp_latent_4,715,-0.059904009103775024
gp_latent_4,716,-0.022000400349497795
gp_latent_4,717,0.083393394947052
gp_latent_4,718,0.061835914850234985
gp_latent_4,719,0.08222517371177673
gp_latent_4,720,0.0721338763833046
gp_latent_4,721,0.06828438490629196
gp_latent_4,722,0.06328015774488449
gp_latent_4,723,0.06064596399664879
gp_latent_4,724,-0.015252350829541683
gp_latent_4,725,-0.014418419450521469
gp_latent_4,726,-0.025639314204454422
gp_latent_4,727,-0.022796370089054108
gp_latent_4,728,-0.008523724973201752
gp_latent_4,729,-0.03147965297102928
gp_latent_4,730,0.08184324949979782
gp_latent_4,731,-0.000818516593426466
gp_latent_4,732,0.015176922082901001
gp_latent_4,733,0.0006489735096693039
gp_latent_4,734,0.0010906108655035496
gp_latent_4,735,0.031188758090138435
gp_latent_4,736,-0.030967339873313904
gp_latent_4,737,0.08638107776641846
gp_latent_4,738,-0.05592542886734009
gp_latent_4,739,0.015992090106010437
gp_latent_4,740,0.03786559775471687
gp_latent_4,741,3.1813979148864746e-06
gp_latent_4,742,0.0011573643423616886
gp_latent_4,743,0.017232947051525116
gp_latent_4,744,0.05170166492462158
gp_latent_4,745,-0.024905268102884293
gp_latent_4,746,-0.009976292960345745
gp_latent_4,747,-0.036086712032556534
gp_latent_4,748,0.028209105134010315
gp_latent_4,749,0.014074859209358692
gp_latent_4,750,0.0009707394056022167
gp_latent_4,751,0.034355536103248596
gp_latent_4,752,0.021930133923888206
gp_latent_4,753,0.018096156418323517
gp_latent_4,754,-0.054561179131269455
gp_latent_4,755,-0.010972751304507256
gp_latent_4,756,-0.017060602083802223
gp_latent_4,757,-0.016762955114245415
gp_latent_4,758,-0.013802686706185341
gp_latent_4,759,-0.017622819170355797
gp_latent_4,760,0.019998939707875252
gp_latent_4,761,0.02345592901110649
gp_latent_4,762,0.05306785926222801
gp_latent_4,763,-0.015696963295340538
gp_latent_4,764,0.04294280707836151
gp_latent_4,765,-0.00030951574444770813
gp_latent_4,766,-0.05044246464967728
gp_latent_4,767,-0.06161683052778244
gp_latent_4,768,0.020991099998354912
gp_latent_4,769,0.009612971916794777
gp_latent_4,770,0.0091080442070961
gp_latent_4,771,-0.10674182325601578
gp_latent_4,772,-0.07502920180559158
gp_latent_4,773,-0.015620604157447815
gp_latent_4,774,-0.054312460124492645
gp_latent_4,775,-0.05014525353908539
gp_latent_4,776,0.017797404900193214
gp_latent_4,777,0.01961474120616913
gp_latent_4,778,-0.0027723191305994987
gp_latent_4,779,0.01471359096467495
gp_latent_4,780,0.007761888671666384
gp_latent_4,781,-0.07611113041639328
gp_latent_4,782,-0.07833028584718704
gp_latent_4,783,-0.08777530491352081
gp_latent_4,784,-0.08379293978214264
gp_latent_4,785,0.010875139385461807
gp_latent_4,786,0.0013905478408560157
gp_latent_4,787,-0.04201614856719971
gp_latent_4,788,-0.03028056025505066
gp_latent_4,789,-0.056167058646678925
gp_latent_4,790,-0.050176072865724564
gp_latent_4,791,-0.044893477112054825
gp_latent_4,792,-0.04510040208697319
gp_latent_4,793,0.0109002236276865
gp_latent_4,794,0.009083271026611328
gp_latent_4,795,-0.010651237331330776
gp_latent_4,796,0.07707598805427551
gp_latent_4,797,-0.10072208940982819
gp_latent_4,798,0.07109279930591583
gp_latent_4,799,-0.006547009106725454
gp_latent_4,800,0.02354000322520733
gp_latent_4,801,0.0037745158188045025
gp_latent_4,802,0.015267749316990376
gp_latent_4,803,-0.000196126289665699
gp_latent_4,804,0.013381083495914936
gp_latent_4,805,-0.030847059562802315
gp_latent_4,806,0.012272092513740063
gp_latent_4,807,0.01585165038704872
gp_latent_4,808,-0.059648625552654266
gp_latent_4,809,0.04627394303679466
gp_latent_4,810,-0.052671369165182114
gp_latent_4,811,-0.032039791345596313
gp_latent_4,812,-0.026831859722733498
gp_latent_4,813,0.00019111204892396927
gp_latent_4,814,0.05666838213801384
gp_latent_4,815,0.0549377016723156
gp_latent_4,816,0.00876292772591114
gp_latent_4,817,0.008868671022355556
gp_latent_4,818,-0.007453096564859152
gp_latent_4,819,0.044632438570261
gp_latent_4,820,0.04240788146853447
gp_latent_4,821,-0.033884335309267044
gp_latent_4,822,-0.03607027232646942
gp_latent_4,823,-0.016984131187200546
gp_latent_4,824,-0.010125493630766869
gp_latent_4,825,-0.0012779731769114733
gp_latent_4,826,0.05646263062953949
gp_latent_4,827,0.03978191316127777
gp_latent_4,828,0.022661253809928894
gp_latent_4,829,0.013368899933993816
gp_latent_4,830,0.016012439504265785
gp_latent_4,831,-0.02136410027742386
gp_latent_4,832,0.00523624150082469
gp_latent_4,833,0.02244756743311882
gp_latent_4,834,-0.008836468681693077
gp_latent_4,835,0.005223538260906935
gp_latent_4,836,0.015800295397639275
gp_latent_4,837,0.010356448590755463
gp_latent_4,838,0.03375739976763725
gp_latent_4,839,-0.054792724549770355
gp_latent_4,840,0.016994070261716843
gp_latent_4,841,0.01438162475824356
gp_latent_4,842,0.05424289032816887
gp_latent_4,843,0.06893915683031082
gp_latent_4,844,0.008112233132123947
gp_latent_4,845,0.015175250358879566
gp_latent_4,846,0.011259030550718307
gp_latent_4,847,-0.0013629125896841288
gp_latent_4,848,0.02362128347158432
gp_latent_4,849,-0.0208585225045681
gp_latent_4,850,0.009089045226573944
gp_latent_4,851,0.0180832352489233
gp_latent_4,852,0.0847911462187767
gp_latent_4,853,-0.007466645445674658
gp_latent_4,854,-0.0020726663060486317
gp_latent_4,855,0.010777534916996956
gp_latent_4,856,-0.12767386436462402
gp_latent_4,857,-0.06649569422006607
gp_latent_4,858,-0.011900940909981728
gp_latent_4,859,-0.03898588940501213
gp_latent_4,860,-0.05125957354903221
gp_latent_4,861,-0.05219133943319321
gp_latent_4,862,-0.012864992022514343
gp_latent_4,863,-0.0276122335344553
gp_latent_4,864,0.06676812469959259
gp_latent_4,865,0.020392118021845818
gp_latent_4,866,0.06766011565923691
gp_latent_4,867,-0.1133800521492958
gp_latent_4,868,0.007449497934430838
gp_latent_4,869,0.007373159751296043
gp_latent_4,870,-0.02101937308907509
gp_latent_4,871,-0.04210742190480232
gp_latent_4,872,0.07906312495470047
gp_latent_4,873,0.06270220130681992
gp_latent_4,874,0.0202387236058712
gp_latent_4,875,-0.06344010680913925
gp_latent_4,876,-0.003104217816144228
gp_latent_4,877,-0.07645895332098007
gp_latent_4,878,0.008789905346930027
gp_latent_4,879,-0.053531207144260406
gp_latent_4,880,0.04330538958311081
gp_latent_4,881,-0.004169188905507326
gp_latent_4,882,0.015980500727891922
gp_latent_4,883,-0.006815960630774498
gp_latent_4,884,-0.013989569619297981
gp_latent_4,885,0.03659023344516754
gp_latent_4,886,-0.0048360577784478664
gp_latent_4,887,-0.023172399029135704
gp_latent_4,888,-0.023097366094589233
gp_latent_4,889,0.0059387413784861565
gp_latent_4,890,0.03011130914092064
gp_latent_4,891,0.024776386097073555
gp_latent_4,892,0.017062529921531677
gp_latent_4,893,-0.0009860169375315309
gp_latent_4,894,0.020280621945858
gp_latent_4,895,0.001661236397922039
gp_latent_4,896,-0.031647905707359314
gp_latent_4,897,0.018129361793398857
gp_latent_4,898,-0.043974973261356354
gp_latent_4,899,-0.0015436335233971477
gp_latent_4,900,-0.005232134833931923
gp_latent_4,901,-0.014454459771513939
gp_latent_4,902,0.0032101906836032867
gp_latent_4,903,0.006707715801894665
gp_latent_4,904,0.027214663103222847
gp_latent_4,905,0.027735672891139984
gp_latent_4,906,0.03932209312915802
gp_latent_4,907,0.04761321842670441
gp_latent_4,908,-0.012163973413407803
gp_latent_4,909,-0.05524917319417
gp_latent_4,910,-0.04820212349295616
gp_latent_4,911,-0.012437094002962112
gp_latent_4,912,-0.02213158644735813
gp_latent_4,913,0.03228288143873215
gp_latent_4,914,0.030439967289566994
gp_latent_4,915,0.011422731913626194
gp_latent_4,916,0.00867302156984806
gp_latent_4,917,0.03695645183324814
gp_latent_4,918,0.006695833057165146
gp_latent_4,919,-0.03543794900178909
gp_latent_4,920,-0.027879320085048676
gp_latent_4,921,0.038580816239118576
gp_latent_4,922,0.0357932411134243
gp_latent_4,923,0.030637120828032494
gp_latent_4,924,0.005166050046682358
gp_latent_4,925,-0.013641955330967903
gp_latent_4,926,0.02593182772397995
gp_latent_4,927,-0.004319434519857168
gp_latent_4,928,0.00402200547978282
gp_latent_4,929,-0.035975322127342224
gp_latent_4,930,-0.053937677294015884
gp_latent_4,931,0.010531850159168243
gp_latent_4,932,-0.02072940394282341
gp_latent_4,933,-0.014130108058452606
gp_latent_4,934,0.04756627604365349
gp_latent_4,935,0.031426072120666504
gp_latent_4,936,-0.003973525017499924
gp_latent_4,937,0.0031163145322352648
gp_latent_4,938,0.034013208001852036
gp_latent_4,939,-0.0045858025550842285
gp_latent_4,940,0.028134655207395554
gp_latent_4,941,-0.018501020967960358
gp_latent_4,942,0.02209405228495598
gp_latent_4,943,-0.012668583542108536
gp_latent_4,944,-0.01267453283071518
gp_latent_4,945,-0.020331092178821564
gp_latent_4,946,-0.007574386894702911
gp_latent_4,947,-0.043565232306718826
gp_latent_4,948,0.014451258815824986
gp_latent_4,949,0.0025858264416456223
gp_latent_5,0,-0.06530825793743134
gp_latent_5,1,-0.051051683723926544
gp_latent_5,2,0.03609547019004822
gp_latent_5,3,0.056065455079078674
gp_latent_5,4,0.06271061301231384
gp_latent_5,5,0.015658853575587273
gp_latent_5,6,0.012274451553821564
gp_latent_5,7,-0.01896071992814541
gp_latent_5,8,0.01900963857769966
gp_latent_5,9,-0.05420226603746414
gp_latent_5,10,0.015884552150964737
gp_latent_5,11,0.015975534915924072
gp_latent_5,12,0.07525426149368286
gp_latent_5,13,0.07515429705381393
gp_latent_5,14,0.08439695835113525
gp_latent_5,15,-0.013346897438168526
gp_latent_5,16,0.014288878068327904
gp_latent_5,17,0.008007653057575226
gp_latent_5,18,-0.07528507709503174
gp_latent_5,19,0.021610338240861893
gp_latent_5,20,-0.015130452811717987
gp_latent_5,21,0.058412451297044754
gp_latent_5,22,0.00958314910531044
gp_latent_5,23,-0.0168955959379673
gp_latent_5,24,0.04634438455104828
gp_latent_5,25,-0.024314306676387787
gp_latent_5,26,0.032124247401952744
gp_latent_5,27,0.029775504022836685
gp_latent_5,28,0.038770582526922226
gp_latent_5,29,0.01108289323747158
gp_latent_5,30,-0.02776898629963398
gp_latent_5,31,-0.02710762806236744
gp_latent_5,32,-0.013453004881739616
gp_latent_5,33,0.009716194123029709
gp_latent_5,34,0.005606344901025295
gp_latent_5,35,-0.0007424050709232688
gp_latent_5,36,0.026062237098813057
gp_latent_5,37,0.015174232423305511
gp_latent_5,38,0.00722739240154624
gp_latent_5,39,0.00654020719230175
gp_latent_5,40,0.023553697392344475
gp_latent_5,41,0.02172449231147766
gp_latent_5,42,0.01796877756714821
gp_latent_5,43,0.009295103140175343
gp_latent_5,44,0.03013221174478531
gp_latent_5,45,0.009202362969517708
gp_latent_5,46,-0.03829354792833328
gp_latent_5,47,-0.007546429056674242
gp_latent_5,48,-0.008741430006921291
gp_latent_5,49,-0.0009882317390292883
gp_latent_5,50,0.04558258131146431
gp_latent_5,51,-0.014245484955608845
gp_latent_5,52,0.15644125640392303
gp_latent_5,53,0.009529277682304382
gp_latent_5,54,-0.0007736491970717907
gp_latent_5,55,-0.02009912207722664
gp_latent_5,56,-0.0017799546476453543
gp_latent_5,57,0.010474398732185364
gp_latent_5,58,0.13685916364192963
gp_latent_5,59,-0.01753232441842556
gp_latent_5,60,0.05197044461965561
gp_latent_5,61,-0.014367036521434784
gp_latent_5,62,0.0009997959714382887
gp_latent_5,63,0.007567643187940121
gp_latent_5,64,-0.019265059381723404
gp_latent_5,65,0.05770502984523773
gp_latent_5,66,0.019214343279600143
gp_latent_5,67,-0.01695742830634117
gp_latent_5,68,-0.01645014062523842
gp_latent_5,69,0.05392236262559891
gp_latent_5,70,0.06563770771026611
gp_latent_5,71,0.060177113860845566
gp_latent_5,72,-0.01834683306515217
gp_latent_5,73,0.03631632402539253
gp_latent_5,74,0.02390659600496292
gp_latent_5,75,0.06489415466785431
gp_latent_5,76,0.046046361327171326
gp_latent_5,77,0.06526169180870056
gp_latent_5,78,0.06957986205816269
gp_latent_5,79,0.02507692761719227
gp_latent_5,80,0.05826650187373161
gp_latent_5,81,-0.030542805790901184
gp_latent_5,82,0.01489328220486641
gp_latent_5,83,0.15792042016983032
gp_latent_5,84,0.06103741377592087
gp_latent_5,85,0.01554513443261385
gp_latent_5,86,-0.009181443601846695
gp_latent_5,87,-0.04905978590250015
gp_latent_5,88,-0.01686411164700985
gp_latent_5,89,-0.025626633316278458
gp_latent_5,90,-0.005164921283721924
gp_latent_5,91,0.030941959470510483
gp_latent_5,92,0.06318138539791107
gp_latent_5,93,0.0276948194950819
gp_latent_5,94,-0.008619135245680809
gp_latent_5,95,0.04774169996380806
gp_latent_5,96,-0.010108678601682186
gp_latent_5,97,-0.01308424025774002
gp_latent_5,98,0.0005322361830621958
gp_latent_5,99,-0.01060801837593317
gp_latent_5,100,-0.016525285318493843
gp_latent_5,101,-0.07835270464420319
gp_latent_5,102,-0.04755934327840805
gp_latent_5,103,-0.010527817532420158
gp_latent_5,104,0.03172589838504791
gp_latent_5,105,-0.013148518279194832
gp_latent_5,106,0.01074652187526226
gp_latent_5,107,0.0073459455743432045
gp_latent_5,108,-0.02739604562520981
gp_latent_5,109,-0.03264998272061348
gp_latent_5,110,-0.042638711631298065
gp_latent_5,111,-0.01636682264506817
gp_latent_5,112,-0.03396301344037056
gp_latent_5,113,-0.003726066555827856
gp_latent_5,114,-0.002029051538556814
gp_latent_5,115,0.011281389743089676
gp_latent_5,116,0.006738830357789993
gp_latent_5,117,0.009581409394741058
gp_latent_5,118,-0.0026020980440080166
gp_latent_5,119,-0.014549562707543373
gp_latent_5,120,-0.010511844418942928
gp_latent_5,121,-0.02997315302491188
gp_latent_5,122,-0.009220530278980732
gp_latent_5,123,-0.032624997198581696
gp_latent_5,124,0.004614618606865406
gp_latent_5,125,-0.04005219042301178
gp_latent_5,126,0.006343728397041559
gp_latent_5,127,-0.004460402298718691
gp_latent_5,128,-0.02559187263250351
gp_latent_5,129,0.007291780784726143
gp_latent_5,130,-0.003654660191386938
gp_latent_5,131,0.01878521777689457
gp_latent_5,132,0.0027845159638673067
gp_latent_5,133,0.021239615976810455
gp_latent_5,134,-0.05067822337150574
gp_latent_5,135,-0.08101746439933777
gp_latent_5,136,-0.029341474175453186
gp_latent_5,137,0.059241537004709244
gp_latent_5,138,0.05735116824507713
gp_latent_5,139,0.04975758120417595
gp_latent_5,140,0.013843230903148651
gp_latent_5,141,-0.025009119883179665
gp_latent_5,142,-0.07434900104999542
gp_latent_5,143,-0.006934077478945255
gp_latent_5,144,-0.06178531050682068
gp_latent_5,145,-0.03974296525120735
gp_latent_5,146,-0.0361657440662384
gp_latent_5,147,-0.016312111169099808
gp_latent_5,148,0.009373439475893974
gp_latent_5,149,0.026810256764292717
gp_latent_5,150,0.017156967893242836
gp_latent_5,151,0.001479149330407381
gp_latent_5,152,0.025905633345246315
gp_latent_5,153,0.002528810640797019
gp_latent_5,154,0.011210491880774498
gp_latent_5,155,-0.023114021867513657
gp_latent_5,156,-0.018770724534988403
gp_latent_5,157,0.009314076974987984
gp_latent_5,158,0.027543654665350914
gp_latent_5,159,0.027716003358364105
gp_latent_5,160,-0.02137806825339794
gp_latent_5,161,-0.013703834265470505
gp_latent_5,162,-0.05289437621831894
gp_latent_5,163,-0.07239947468042374
gp_latent_5,164,-0.010535573586821556
gp_latent_5,165,0.01118367351591587
gp_latent_5,166,0.007022334728389978
gp_latent_5,167,-0.05792851001024246
gp_latent_5,168,-0.0016068140976130962
gp_latent_5,169,-0.017908725887537003
gp_latent_5,170,-0.0024187650997191668
gp_latent_5,171,0.01503307931125164
gp_latent_5,172,0.007597794756293297
gp_latent_5,173,-0.001855302369222045
gp_latent_5,174,-0.0025184410624206066
gp_latent_5,175,-0.044232308864593506
gp_latent_5,176,-0.025165021419525146
gp_latent_5,177,-0.015383332967758179
gp_latent_5,178,0.010404800996184349
gp_latent_5,179,-0.00512347836047411
gp_latent_5,180,-0.02419511042535305
gp_latent_5,181,-0.07854709774255753
gp_latent_5,182,-0.0819380134344101
gp_latent_5,183,-0.07114338129758835
gp_latent_5,184,-0.021607721224427223
gp_latent_5,185,-0.006902854423969984
gp_latent_5,186,-0.0036012884229421616
gp_latent_5,187,0.02411050722002983
gp_latent_5,188,-0.004787486046552658
gp_latent_5,189,0.014205985702574253
gp_latent_5,190,0.011057887226343155
gp_latent_5,191,-0.045885223895311356
gp_latent_5,192,-0.001764907967299223
gp_latent_5,193,-0.024892939254641533
gp_latent_5,194,0.024328473955392838
gp_latent_5,195,0.039462294429540634
gp_latent_5,196,0.004192299675196409
gp_latent_5,197,-0.012470286339521408
gp_latent_5,198,-0.06546653062105179
gp_latent_5,199,-0.004688931163400412
gp_latent_5,200,-0.011431775987148285
gp_latent_5,201,-0.023666661232709885
gp_latent_5,202,-0.013367557898163795
gp_latent_5,203,0.0009109233506023884
gp_latent_5,204,0.04200175032019615
gp_latent_5,205,-0.02892473340034485
gp_latent_5,206,-0.008375253528356552
gp_latent_5,207,0.027445897459983826
gp_latent_5,208,0.014587057754397392
gp_latent_5,209,0.05480584874749184
gp_latent_5,210,0.020720627158880234
gp_latent_5,211,-0.008814817294478416
gp_latent_5,212,-0.04624857008457184
gp_latent_5,213,0.018697232007980347
gp_latent_5,214,0.008962207473814487
gp_latent_5,215,-0.036448851227760315
gp_latent_5,216,0.005872249603271484
gp_latent_5,217,-0.01488991267979145
gp_latent_5,218,-0.003936866298317909
gp_latent_5,219,0.0025540506467223167
gp_latent_5,220,-0.013253090903162956
gp_latent_5,221,0.017209811136126518
gp_latent_5,222,-0.003064533928409219
gp_latent_5,223,0.02488730475306511
gp_latent_5,224,0.026444299146533012
gp_latent_5,225,-0.009816260077059269
gp_latent_5,226,-0.04027238488197327
gp_latent_5,227,-0.01781887747347355
gp_latent_5,228,-0.006514963693916798
gp_latent_5,229,-0.007717483676970005
gp_latent_5,230,-0.01896723546087742
gp_latent_5,231,-0.007760019041597843
gp_latent_5,232,-0.02079622820019722
gp_latent_5,233,-0.02618359588086605
gp_latent_5,234,-0.005863257683813572
gp_latent_5,235,-0.009318742901086807
gp_latent_5,236,-0.0016491145361214876
gp_latent_5,237,-0.033531319350004196
gp_latent_5,238,-0.05332382023334503
gp_latent_5,239,-0.006657697260379791
gp_latent_5,240,-0.0045954096131026745
gp_latent_5,241,-0.010103216394782066
gp_latent_5,242,0.045998066663742065
gp_latent_5,243,0.05947985127568245
gp_latent_5,244,0.05715253949165344
gp_latent_5,245,0.050300873816013336
gp_latent_5,246,-0.0043918970040977
gp_latent_5,247,-0.00809299387037754
gp_latent_5,248,0.041561227291822433
gp_latent_5,249,0.020002493634819984
gp_latent_5,250,0.004004979971796274
gp_latent_5,251,-0.02825804241001606
gp_latent_5,252,-0.017648793756961823
gp_latent_5,253,0.04108152538537979
gp_latent_5,254,0.013773428276181221
gp_latent_5,255,0.003142444882541895
gp_latent_5,256,0.005663646385073662
gp_latent_5,257,-0.058519456535577774
gp_latent_5,258,0.017331218346953392
gp_latent_5,259,0.0041992818005383015
gp_latent_5,260,0.0027464190497994423
gp_latent_5,261,-0.008211618289351463
gp_latent_5,262,-0.004460680764168501
gp_latent_5,263,-0.035042207688093185
gp_latent_5,264,0.01602344587445259
gp_latent_5,265,0.023958750069141388
gp_latent_5,266,-0.07042555510997772
gp_latent_5,267,-0.025515347719192505
gp_latent_5,268,0.0009356667287647724
gp_latent_5,269,-0.02335694245994091
gp_latent_5,270,0.002936647040769458
gp_latent_5,271,0.03502826765179634
gp_latent_5,272,-0.003886226564645767
gp_latent_5,273,-0.05221274495124817
gp_latent_5,274,0.011597640812397003
gp_latent_5,275,-0.0035365023650228977
gp_latent_5,276,-0.010098030790686607
gp_latent_5,277,0.00534451100975275
gp_latent_5,278,-0.011437495239078999
gp_latent_5,279,-0.02623710408806801
gp_latent_5,280,0.027688203379511833
gp_latent_5,281,0.012744367122650146
gp_latent_5,282,-0.02227909490466118
gp_latent_5,283,-0.015305005013942719
gp_latent_5,284,0.04361592233181
gp_latent_5,285,0.06785150617361069
gp_latent_5,286,-0.000648952554911375
gp_latent_5,287,-0.01673087105154991
gp_latent_5,288,0.0041633895598351955
gp_latent_5,289,0.008025565184652805
gp_latent_5,290,-0.024289745837450027
gp_latent_5,291,-0.010121111758053303
gp_latent_5,292,-0.010571837425231934
gp_latent_5,293,0.0031547746621072292
gp_latent_5,294,0.012523924931883812
gp_latent_5,295,-0.021449627354741096
gp_latent_5,296,0.005727841984480619
gp_latent_5,297,-0.018266651779413223
gp_latent_5,298,-0.0037941397167742252
gp_latent_5,299,-0.03866305574774742
gp_latent_5,300,0.012130319140851498
gp_latent_5,301,0.0023275846615433693
gp_latent_5,302,0.00016283243894577026
gp_latent_5,303,-0.003171704476699233
gp_latent_5,304,-0.004446095321327448
gp_latent_5,305,0.03761327639222145
gp_latent_5,306,0.00863118376582861
gp_latent_5,307,0.014856768772006035
gp_latent_5,308,-0.005784320645034313
gp_latent_5,309,-0.018538206815719604
gp_latent_5,310,-0.04193974658846855
gp_latent_5,311,-0.025308331474661827
gp_latent_5,312,0.024035226553678513
gp_latent_5,313,-0.04190189763903618
gp_latent_5,314,0.00014968485629651695
gp_latent_5,315,0.029583867639303207
gp_latent_5,316,-0.012165987864136696
gp_latent_5,317,0.0067833587527275085
gp_latent_5,318,0.005236790981143713
gp_latent_5,319,-0.026836443692445755
gp_latent_5,320,-0.013359582982957363
gp_latent_5,321,0.019238779321312904
gp_latent_5,322,0.06386899948120117
gp_latent_5,323,-0.008502146229147911
gp_latent_5,324,-0.02209542505443096
gp_latent_5,325,-0.016037238761782646
gp_latent_5,326,0.007480590604245663
gp_latent_5,327,0.014811960980296135
gp_latent_5,328,0.0210811085999012
gp_latent_5,329,-0.001759453327395022
gp_latent_5,330,-0.008195050992071629
gp_latent_5,331,-0.010960518382489681
gp_latent_5,332,-0.06376299262046814
gp_latent_5,333,-0.050844352692365646
gp_latent_5,334,0.010690921917557716
gp_latent_5,335,-0.0368267185986042
gp_latent_5,336,0.00022082595387473702
gp_latent_5,337,0.010135604999959469
gp_latent_5,338,0.05610213428735733
gp_latent_5,339,0.013724750839173794
gp_latent_5,340,0.015135467983782291
gp_latent_5,341,0.08021019399166107
gp_latent_5,342,0.04929754510521889
gp_latent_5,343,-0.027175910770893097
gp_latent_5,344,0.050392258912324905
gp_latent_5,345,-0.031214743852615356
gp_latent_5,346,0.0002911868505179882
gp_latent_5,347,0.007933462038636208
gp_latent_5,348,-0.06559712439775467
gp_latent_5,349,0.03442516550421715
gp_latent_5,350,0.03858676925301552
gp_latent_5,351,0.057886429131031036
gp_latent_5,352,0.028925251215696335
gp_latent_5,353,-0.0012242954690009356
gp_latent_5,354,-0.0020492742769420147
gp_latent_5,355,-0.04825899004936218
gp_latent_5,356,-0.04712868481874466
gp_latent_5,357,0.01033162884414196
gp_latent_5,358,0.020420458167791367
gp_latent_5,359,0.009193352423608303
gp_latent_5,360,-0.015453181229531765
gp_latent_5,361,-0.013601641170680523
gp_latent_5,362,-0.04304444417357445
gp_latent_5,363,0.008742203004658222
gp_latent_5,364,0.04895152896642685
gp_latent_5,365,0.0726102739572525
gp_latent_5,366,0.005081722512841225
gp_latent_5,367,0.04975086450576782
gp_latent_5,368,0.0030888360925018787
gp_latent_5,369,0.024277793243527412
gp_latent_5,370,0.023971719667315483
gp_latent_5,371,-0.06225237622857094
gp_latent_5,372,-0.03949057310819626
gp_latent_5,373,-0.016517912968993187
gp_latent_5,374,0.013831140473484993
gp_latent_5,375,-0.0437445230782032
gp_latent_5,376,-0.005552750546485186
gp_latent_5,377,0.012779252603650093
gp_latent_5,378,0.027335545048117638
gp_latent_5,379,0.005954536143690348
gp_latent_5,380,-0.031881000846624374
gp_latent_5,381,0.03531607985496521
gp_latent_5,382,0.03549744561314583
gp_latent_5,383,0.005117644555866718
gp_latent_5,384,-0.035609349608421326
gp_latent_5,385,0.05426120385527611
gp_latent_5,386,0.022308416664600372
gp_latent_5,387,0.03540685400366783
gp_latent_5,388,0.045760273933410645
gp_latent_5,389,0.06113506108522415
gp_latent_5,390,0.02079549990594387
gp_latent_5,391,0.04438565671443939
gp_latent_5,392,0.030376244336366653
gp_latent_5,393,0.013563891872763634
gp_latent_5,394,0.0075304857455194
gp_latent_5,395,0.035886555910110474
gp_latent_5,396,0.0011644510086625814
gp_latent_5,397,-0.001097018364816904
gp_latent_5,398,0.06580331921577454
gp_latent_5,399,-0.017427852377295494
gp_latent_5,400,0.04276564344763756
gp_latent_5,401,-0.0024562973994761705
gp_latent_5,402,0.05612746626138687
gp_latent_5,403,0.021612869575619698
gp_latent_5,404,-0.016854003071784973
gp_latent_5,405,0.00494751613587141
gp_latent_5,406,0.0023133207578212023
gp_latent_5,407,0.009870431385934353
gp_latent_5,408,-0.007824956439435482
gp_latent_5,409,0.008699778467416763
gp_latent_5,410,-0.0077820466831326485
gp_latent_5,411,-0.021429507061839104
gp_latent_5,412,-0.002989286556839943
gp_latent_5,413,-0.020518120378255844
gp_latent_5,414,-0.0073954821564257145
gp_latent_5,415,-0.02909977175295353
gp_latent_5,416,0.06457168608903885
gp_latent_5,417,0.013289413414895535
gp_latent_5,418,-0.006339888088405132
gp_latent_5,419,-0.036214813590049744
gp_latent_5,420,0.015315327793359756
gp_latent_5,421,0.03297577425837517
gp_latent_5,422,0.010617867112159729
gp_latent_5,423,-0.0032818755134940147
gp_latent_5,424,-0.006683984771370888
gp_latent_5,425,0.005715652834624052
gp_latent_5,426,0.006471302825957537
gp_latent_5,427,0.0035356548614799976
gp_latent_5,428,0.016807904466986656
gp_latent_5,429,0.013317576609551907
gp_latent_5,430,-0.024131348356604576
gp_latent_5,431,-0.00031661102548241615
gp_latent_5,432,-0.01488135103136301
gp_latent_5,433,0.0007694254745729268
gp_latent_5,434,-0.004384114407002926
gp_latent_5,435,0.01077624037861824
gp_latent_5,436,0.0022439046297222376
gp_latent_5,437,-0.030594203621149063
gp_latent_5,438,-0.028736475855112076
gp_latent_5,439,-0.011465735733509064
gp_latent_5,440,-0.007448029704391956
gp_latent_5,441,0.02868879958987236
gp_latent_5,442,0.028792567551136017
gp_latent_5,443,-0.013102606870234013
gp_latent_5,444,-0.015433813445270061
gp_latent_5,445,-0.016871247440576553
gp_latent_5,446,0.02294260822236538
gp_latent_5,447,0.002136768074706197
gp_latent_5,448,-0.003133221762254834
gp_latent_5,449,0.011853443458676338
gp_latent_5,450,0.0037362007424235344
gp_latent_5,451,0.027714243158698082
gp_latent_5,452,0.008397689089179039
gp_latent_5,453,0.025892365723848343
gp_latent_5,454,0.06629644334316254
gp_latent_5,455,-0.0036691934801638126
gp_latent_5,456,-0.008421137928962708
gp_latent_5,457,0.014946953393518925
gp_latent_5,458,-0.03157822787761688
gp_latent_5,459,0.0032740733586251736
gp_latent_5,460,0.023761533200740814
gp_latent_5,461,-0.031092938035726547
gp_latent_5,462,0.03904144465923309
gp_latent_5,463,0.03248532861471176
gp_latent_5,464,-0.0023405239917337894
gp_latent_5,465,-0.008918974548578262
gp_latent_5,466,0.026516757905483246
gp_latent_5,467,0.05320437252521515
gp_latent_5,468,-0.00748960766941309
gp_latent_5,469,-0.012284480966627598
gp_latent_5,470,0.017626861110329628
gp_latent_5,471,0.0035143066197633743
gp_latent_5,472,-0.014012478291988373
gp_latent_5,473,-0.003201038111001253
gp_latent_5,474,0.014369750395417213
gp_latent_5,475,-0.02623606100678444
gp_latent_5,476,-0.016693532466888428
gp_latent_5,477,-0.003291491651907563
gp_latent_5,478,-0.012873569503426552
gp_latent_5,479,0.016048196703195572
gp_latent_5,480,0.016471685841679573
gp_latent_5,481,0.003608075901865959
gp_latent_5,482,0.03589930757880211
gp_latent_5,483,-0.004956843797117472
gp_latent_5,484,-0.007310103625059128
gp_latent_5,485,-0.04451781138777733
gp_latent_5,486,0.03770368546247482
gp_latent_5,487,0.04494142532348633
gp_latent_5,488,0.020800389349460602
gp_latent_5,489,0.021974336355924606
gp_latent_5,490,0.00858963280916214
gp_latent_5,491,-0.009049958549439907
gp_latent_5,492,0.01291532814502716
gp_latent_5,493,0.017909293994307518
gp_latent_5,494,0.014004579745233059
gp_latent_5,495,0.014508557505905628
gp_latent_5,496,0.011077139526605606
gp_latent_5,497,-0.009766921401023865
gp_latent_5,498,0.02111237496137619
gp_latent_5,499,0.006411067210137844
gp_latent_5,500,-0.00843613501638174
gp_latent_5,501,0.04800085723400116
gp_latent_5,502,0.038108885288238525
gp_latent_5,503,0.012364557012915611
gp_latent_5,504,-0.030666671693325043
gp_latent_5,505,-0.01335854735225439
gp_latent_5,506,-0.012303289026021957
gp_latent_5,507,-0.0017656483687460423
gp_latent_5,508,0.055416230112314224
gp_latent_5,509,-0.014988835901021957
gp_latent_5,510,0.012349494732916355
gp_latent_5,511,-0.0013960166834294796
gp_latent_5,512,-0.0033085993491113186
gp_latent_5,513,0.003788440488278866
gp_latent_5,514,0.006449505686759949
gp_latent_5,515,0.004123615100979805
gp_latent_5,516,0.04502691328525543
gp_latent_5,517,-0.013614362105727196
gp_latent_5,518,0.017018914222717285
gp_latent_5,519,0.019681468605995178
gp_latent_5,520,-0.08100457489490509
gp_latent_5,521,-0.07926654070615768
gp_latent_5,522,0.011764242313802242
gp_latent_5,523,0.026607705280184746
gp_latent_5,524,0.011981990188360214
gp_latent_5,525,0.02708594687283039
gp_latent_5,526,0.02678980492055416
gp_latent_5,527,0.017721004784107208
gp_latent_5,528,0.015565668232738972
gp_latent_5,529,0.02422386221587658
gp_latent_5,530,-0.03682968392968178
gp_latent_5,531,-0.02772941067814827
gp_latent_5,532,-0.03837497904896736
gp_latent_5,533,0.014063159003853798
gp_latent_5,534,0.017606159672141075
gp_latent_5,535,-0.04332732409238815
gp_latent_5,536,-0.016828488558530807
gp_latent_5,537,-0.06493315100669861
gp_latent_5,538,-0.022398140281438828
gp_latent_5,539,0.05854986608028412
gp_latent_5,540,-0.06573622673749924
gp_latent_5,541,0.05824936181306839
gp_latent_5,542,0.07537080347537994
gp_latent_5,543,0.07048021256923676
gp_latent_5,544,-0.04957741126418114
gp_latent_5,545,-0.05115494877099991
gp_latent_5,546,-0.05251479893922806
gp_latent_5,547,-0.014015920460224152
gp_latent_5,548,-0.04618687555193901
gp_latent_5,549,-0.02576233446598053
gp_latent_5,550,-0.04484010860323906
gp_latent_5,551,0.005566632840782404
gp_latent_5,552,0.022705940529704094
gp_latent_5,553,0.0195398461073637
gp_latent_5,554,0.006699669174849987
gp_latent_5,555,0.008685309439897537
gp_latent_5,556,0.016932277008891106
gp_latent_5,557,0.01847534254193306
gp_latent_5,558,0.0028312867507338524
gp_latent_5,559,0.004929766524583101
gp_latent_5,560,0.020049037411808968
gp_latent_5,561,0.039951615035533905
gp_latent_5,562,0.022547882050275803
gp_latent_5,563,0.018041694536805153
gp_latent_5,564,0.016002150252461433
gp_latent_5,565,0.006766934879124165
gp_latent_5,566,0.039408471435308456
gp_latent_5,567,0.01658986695110798
gp_latent_5,568,0.0150379603728652
gp_latent_5,569,0.00970710813999176
gp_latent_5,570,0.010026310570538044
gp_latent_5,571,0.03134322538971901
gp_latent_5,572,0.023953424766659737
gp_latent_5,573,0.03744007274508476
gp_latent_5,574,0.015545529313385487
gp_latent_5,575,-0.04454188421368599
gp_latent_5,576,-0.048315417021512985
gp_latent_5,577,-0.04489663615822792
gp_latent_5,578,-0.03573736548423767
gp_latent_5,579,-0.04240231588482857
gp_latent_5,580,-0.033528175204992294
gp_latent_5,581,0.01054822001606226
gp_latent_5,582,-0.015854118391871452
gp_latent_5,583,-0.036818403750658035
gp_latent_5,584,-0.027617856860160828
gp_latent_5,585,0.01796039193868637
gp_latent_5,586,0.012767309322953224
gp_latent_5,587,0.01769866794347763
gp_latent_5,588,0.004751690663397312
gp_latent_5,589,-0.02428867667913437
gp_latent_5,590,-0.052406348288059235
gp_latent_5,591,0.024348659440875053
gp_latent_5,592,-0.033831216394901276
gp_latent_5,593,-0.036722104996442795
gp_latent_5,594,0.02069755457341671
gp_latent_5,595,0.0008499549003317952
gp_latent_5,596,0.003582810051739216
gp_latent_5,597,0.006145411636680365
gp_latent_5,598,0.004910612944513559
gp_latent_5,599,-0.03541312739253044
gp_latent_5,600,-0.0427747443318367
gp_latent_5,601,-0.04916929453611374
gp_latent_5,602,0.06757773458957672
gp_latent_5,603,0.05134209617972374
gp_latent_5,604,0.03390808403491974
gp_latent_5,605,0.048607535660266876
gp_latent_5,606,0.055882737040519714
gp_latent_5,607,0.06217214837670326
gp_latent_5,608,0.06415911763906479
gp_latent_5,609,0.06961864233016968
gp_latent_5,610,0.05106375366449356
gp_latent_5,611,0.05481364578008652
gp_latent_5,612,-0.022320009768009186
gp_latent_5,613,0.0016559886280447245
gp_latent_5,614,-0.0005179704166948795
gp_latent_5,615,0.02218852937221527
gp_latent_5,616,-0.002689369721338153
gp_latent_5,617,0.00943063199520111
gp_latent_5,618,-0.0774633064866066
gp_latent_5,619,-0.06861579418182373
gp_latent_5,620,-0.06796155869960785
gp_latent_5,621,-0.07441523671150208
gp_latent_5,622,0.006536953616887331
gp_latent_5,623,0.002279668115079403
gp_latent_5,624,-0.05422578379511833
gp_latent_5,625,0.045578304678201675
gp_latent_5,626,0.04034566506743431
gp_latent_5,627,0.05893009901046753
gp_latent_5,628,-0.018443886190652847
gp_latent_5,629,-0.07052081823348999
gp_latent_5,630,-0.07016406953334808
gp_latent_5,631,-0.06629741191864014
gp_latent_5,632,0.0106885377317667
gp_latent_5,633,0.06960160285234451
gp_latent_5,634,-0.03648548945784569
gp_latent_5,635,0.032332099974155426
gp_latent_5,636,0.012293144129216671
gp_latent_5,637,0.017070822417736053
gp_latent_5,638,0.0034044370986521244
gp_latent_5,639,0.003346870420500636
gp_latent_5,640,0.002622827887535095
gp_latent_5,641,-0.04651392251253128
gp_latent_5,642,-0.013487258926033974
gp_latent_5,643,-0.0024766279384493828
gp_latent_5,644,-0.015885522589087486
gp_latent_5,645,0.012296902015805244
gp_latent_5,646,-0.04442598298192024
gp_latent_5,647,-0.03463160619139671
gp_latent_5,648,0.03324379399418831
gp_latent_5,649,0.038437675684690475
gp_latent_5,650,0.07183276116847992
gp_latent_5,651,0.05137692391872406
gp_latent_5,652,0.038727857172489166
gp_latent_5,653,0.049106985330581665
gp_latent_5,654,-0.06511184573173523
gp_latent_5,655,-0.07071682065725327
gp_latent_5,656,0.052763890475034714
gp_latent_5,657,0.031783826649188995
gp_latent_5,658,0.004977969452738762
gp_latent_5,659,0.013863754458725452
gp_latent_5,660,-0.06030011177062988
gp_latent_5,661,-0.06579023599624634
gp_latent_5,662,0.013317868113517761
gp_latent_5,663,-0.01080944575369358
gp_latent_5,664,0.027974490076303482
gp_latent_5,665,-0.04110619053244591
gp_latent_5,666,-0.005602214019745588
gp_latent_5,667,0.06148545816540718
gp_latent_5,668,0.042224135249853134
gp_latent_5,669,0.01110173761844635
gp_latent_5,670,0.001982336398214102
gp_latent_5,671,0.05363210290670395
gp_latent_5,672,0.06097822263836861
gp_latent_5,673,0.058432646095752716
gp_latent_5,674,-0.03265826404094696
gp_latent_5,675,-0.05395529419183731
gp_latent_5,676,-0.046004585921764374
gp_latent_5,677,-0.037660982459783554
gp_latent_5,678,0.018831748515367508
gp_latent_5,679,0.02031450718641281
gp_latent_5,680,0.0058396123349666595
gp_latent_5,681,0.006221466697752476
gp_latent_5,682,0.003289838321506977
gp_latent_5,683,0.02049919217824936
gp_latent_5,684,0.01755237765610218
gp_latent_5,685,0.018934067338705063
gp_latent_5,686,0.02490343153476715
gp_latent_5,687,0.021508533507585526
gp_latent_5,688,0.0008961665444076061
gp_latent_5,689,0.012550275772809982
gp_latent_5,690,-0.014743766747415066
gp_latent_5,691,0.008063963614404202
gp_latent_5,692,0.03205085173249245
gp_latent_5,693,-0.0389426089823246
gp_latent_5,694,-0.039914995431900024
gp_latent_5,695,-0.040309179574251175
gp_latent_5,696,-0.038158267736434937
gp_latent_5,697,-0.05475977435708046
gp_latent_5,698,-0.04539584740996361
gp_latent_5,699,-0.057163774967193604
gp_latent_5,700,-0.04047873988747597
gp_latent_5,701,-0.034997791051864624
gp_latent_5,702,0.07891937345266342
gp_latent_5,703,-0.045206986367702484
gp_latent_5,704,0.011066035367548466
gp_latent_5,705,0.018107334151864052
gp_latent_5,706,0.005736724007874727
gp_latent_5,707,0.015837255865335464
gp_latent_5,708,0.030333491042256355
gp_latent_5,709,-0.004740500822663307
gp_latent_5,710,0.0017453085165470839
gp_latent_5,711,-0.007634926121681929
gp_latent_5,712,0.012008823454380035
gp_latent_5,713,0.02184177003800869
gp_latent_5,714,0.01235488522797823
gp_latent_5,715,-0.004926600027829409
gp_latent_5,716,-0.03982606902718544
gp_latent_5,717,0.033514395356178284
gp_latent_5,718,0.05094608664512634
gp_latent_5,719,0.051633257418870926
gp_latent_5,720,0.054140735417604446
gp_latent_5,721,0.06153126433491707
gp_latent_5,722,0.05976337939500809
gp_latent_5,723,0.04141596704721451
gp_latent_5,724,0.000655284384265542
gp_latent_5,725,-0.07756349444389343
gp_latent_5,726,-0.05987412482500076
gp_latent_5,727,-0.07751855254173279
gp_latent_5,728,-0.05552111193537712
gp_latent_5,729,-0.039387352764606476
gp_latent_5,730,0.029802070930600166
gp_latent_5,731,0.002521913032978773
gp_latent_5,732,0.0008260896429419518
gp_latent_5,733,0.020024064928293228
gp_latent_5,734,0.015796517953276634
gp_latent_5,735,-0.029175695031881332
gp_latent_5,736,-0.004942290484905243
gp_latent_5,737,0.04068368300795555
gp_latent_5,738,-0.0041918377391994
gp_latent_5,739,-0.03531656414270401
gp_latent_5,740,-0.03182506561279297
gp_latent_5,741,-0.02314622327685356
gp_latent_5,742,-0.01691644825041294
gp_latent_5,743,0.016989512369036674
gp_latent_5,744,-0.05996423959732056
gp_latent_5,745,-0.03600244224071503
gp_latent_5,746,-0.03302120789885521
gp_latent_5,747,-0.02051309123635292
gp_latent_5,748,-0.0604901984333992
gp_latent_5,749,-0.012021727859973907
gp_latent_5,750,-0.013052038848400116
gp_latent_5,751,-0.07268094271421432
gp_latent_5,752,-0.044618092477321625
gp_latent_5,753,-0.07872212678194046
gp_latent_5,754,0.006306132767349482
gp_latent_5,755,0.00780028011649847
gp_latent_5,756,-0.01560219842940569
gp_latent_5,757,-0.020557871088385582
gp_latent_5,758,-0.02047683298587799
gp_latent_5,759,-0.037430886179208755
gp_latent_5,760,-0.07402288168668747
gp_latent_5,761,-0.019063975661993027
gp_latent_5,762,0.029800817370414734
gp_latent_5,763,-0.0028844578191637993
gp_latent_5,764,-0.09288890659809113
gp_latent_5,765,-0.032185837626457214
gp_latent_5,766,-0.003561453428119421
gp_latent_5,767,-0.014893269166350365
gp_latent_5,768,-0.08257581293582916
gp_latent_5,769,0.0010105827823281288
gp_latent_5,770,-0.0050322371535003185
gp_latent_5,771,0.013790158554911613
gp_latent_5,772,-0.0048466818407177925
gp_latent_5,773,-0.00899446103721857
gp_latent_5,774,0.09656695276498795
gp_latent_5,775,0.07181165367364883
gp_latent_5,776,0.03245859593153
gp_latent_5,777,0.005430464632809162
gp_latent_5,778,-0.0443045049905777
gp_latent_5,779,0.039392657577991486
gp_latent_5,780,-0.03120218962430954
gp_latent_5,781,-0.02337273582816124
gp_latent_5,782,-0.005096868146210909
gp_latent_5,783,-0.0007105623371899128
gp_latent_5,784,-0.004094638396054506
gp_latent_5,785,0.07280202209949493
gp_latent_5,786,0.07024495303630829
gp_latent_5,787,-0.0019683344289660454
gp_latent_5,788,0.00028637435752898455
gp_latent_5,789,0.08366969972848892
gp_latent_5,790,0.0840516909956932
gp_latent_5,791,0.07569301873445511
gp_latent_5,792,0.0960734635591507
gp_latent_5,793,0.0405711829662323
gp_latent_5,794,0.004587389994412661
gp_latent_5,795,-0.012964323163032532
gp_latent_5,796,-0.12570121884346008
gp_latent_5,797,0.02362237311899662
gp_latent_5,798,-0.11964638531208038
gp_latent_5,799,0.0529777966439724
gp_latent_5,800,0.06387919932603836
gp_latent_5,801,-0.023481715470552444
gp_latent_5,802,0.08323740214109421
gp_latent_5,803,-0.06251085549592972
gp_latent_5,804,0.011827155947685242
gp_latent_5,805,-0.023465534672141075
gp_latent_5,806,0.0017607880290597677
gp_latent_5,807,0.08164840191602707
gp_latent_5,808,0.047041382640600204
gp_latent_5,809,-0.06440786272287369
gp_latent_5,810,0.023837080225348473
gp_latent_5,811,-0.023175500333309174
gp_latent_5,812,-0.04431803897023201
gp_latent_5,813,0.004226300399750471
gp_latent_5,814,0.02579507604241371
gp_latent_5,815,0.015301328152418137
gp_latent_5,816,0.007323616184294224
gp_latent_5,817,0.0007533484604209661
gp_latent_5,818,-0.01894277334213257
gp_latent_5,819,-0.08251973986625671
gp_latent_5,820,-0.09782736003398895
gp_latent_5,821,0.03113051876425743
gp_latent_5,822,0.03623295575380325
gp_latent_5,823,-0.0341353714466095
gp_latent_5,824,-0.005244201049208641
gp_latent_5,825,0.0021936078555881977
gp_latent_5,826,0.0171196348965168
gp_latent_5,827,0.015767598524689674
gp_latent_5,828,-0.01911875233054161
gp_latent_5,829,0.012745730578899384
gp_latent_5,830,-0.003959798254072666
gp_latent_5,831,-0.012385983020067215
gp_latent_5,832,-0.014514793641865253
gp_latent_5,833,-0.034125570207834244
gp_latent_5,834,-0.009370659478008747
gp_latent_5,835,0.03377508744597435
gp_latent_5,836,-0.02162448689341545
gp_latent_5,837,0.01236036978662014
gp_latent_5,838,-0.060420598834753036
gp_latent_5,839,0.0026967651210725307
gp_latent_5,840,-0.08139526844024658
gp_latent_5,841,0.00012428732588887215
gp_latent_5,842,-0.11743086576461792
gp_latent_5,843,-0.11956499516963959
gp_latent_5,844,0.05360458418726921
gp_latent_5,845,0.08076829463243484
gp_latent_5,846,0.0002443869598209858
gp_latent_5,847,0.008203914389014244
gp_latent_5,848,-0.01632736437022686
gp_latent_5,849,0.034073613584041595
gp_latent_5,850,0.01700563170015812
gp_latent_5,851,0.012459030374884605
gp_latent_5,852,-0.10977396368980408
gp_latent_5,853,-0.021105609834194183
gp_latent_5,854,0.024643752723932266
gp_latent_5,855,0.06388510018587112
gp_latent_5,856,0.022961318492889404
gp_latent_5,857,-0.009421555325388908
gp_latent_5,858,0.028027212247252464
gp_latent_5,859,0.06453381478786469
gp_latent_5,860,0.08574645966291428
gp_latent_5,861,0.09724266827106476
gp_latent_5,862,0.006147192791104317
gp_latent_5,863,0.0008942178683355451
gp_latent_5,864,0.037937816232442856
gp_latent_5,865,0.01691976562142372
gp_latent_5,866,-0.11285168677568436
gp_latent_5,867,0.006635698955506086
gp_latent_5,868,-0.008100948296487331
gp_latent_5,869,0.05678991228342056
gp_latent_5,870,-0.018495161086320877
gp_latent_5,871,0.09929707646369934
gp_latent_5,872,-0.13528504967689514
gp_latent_5,873,-0.11571255326271057
gp_latent_5,874,0.038107980042696
gp_latent_5,875,0.0046321554109454155
gp_latent_5,876,0.09177099168300629
gp_latent_5,877,0.016118645668029785
gp_latent_5,878,-0.024235287681221962
gp_latent_5,879,-0.03445831686258316
gp_latent_5,880,0.023272402584552765
gp_latent_5,881,0.08199509233236313
gp_latent_5,882,0.021016687154769897
gp_latent_5,883,-0.046874236315488815
gp_latent_5,884,-0.03761028125882149
gp_latent_5,885,-0.04153425619006157
gp_latent_5,886,-0.0035176335368305445
gp_latent_5,887,-0.02008853852748871
gp_latent_5,888,-0.010731828399002552
gp_latent_5,889,0.009277140721678734
gp_latent_5,890,0.06330004334449768
gp_latent_5,891,0.04859117418527603
gp_latent_5,892,0.06183817610144615
gp_latent_5,893,0.03882906585931778
gp_latent_5,894,0.02716786600649357
gp_latent_5,895,-0.005518084391951561
gp_latent_5,896,-0.02169620431959629
gp_latent_5,897,-0.018779374659061432
gp_latent_5,898,-0.022690333425998688
gp_latent_5,899,0.04138883575797081
gp_latent_5,900,0.028101859614253044
gp_latent_5,901,0.04645812511444092
gp_latent_5,902,0.0032691487576812506
gp_latent_5,903,-0.0005549003835767508
gp_latent_5,904,0.049885284155607224
gp_latent_5,905,0.025548813864588737
gp_latent_5,906,0.03959975391626358
gp_latent_5,907,0.03382955491542816
gp_latent_5,908,-0.012173001654446125
gp_latent_5,909,0.0032066344283521175
gp_latent_5,910,0.02242981642484665
gp_latent_5,911,0.03783388063311577
gp_latent_5,912,0.03776506707072258
gp_latent_5,913,0.04635104537010193
gp_latent_5,914,-0.02997739054262638
gp_latent_5,915,0.028982125222682953
gp_latent_5,916,0.0471835695207119
gp_latent_5,917,0.0372600331902504
gp_latent_5,918,-0.014878756366670132
gp_latent_5,919,-0.03843572735786438
gp_latent_5,920,-0.009200647473335266
gp_latent_5,921,-0.036058880388736725
gp_latent_5,922,0.06129854544997215
gp_latent_5,923,-0.057061001658439636
gp_latent_5,924,-0.013229971751570702
gp_latent_5,925,0.02237570285797119
gp_latent_5,926,-0.006995123811066151
gp_latent_5,927,-0.029052725061774254
gp_latent_5,928,-0.0014507552841678262
gp_latent_5,929,-0.009004614315927029
gp_latent_5,930,-0.02494833432137966
gp_latent_5,931,0.015184708870947361
gp_latent_5,932,-0.012136997655034065
gp_latent_5,933,0.002084009349346161
gp_latent_5,934,-0.025328338146209717
gp_latent_5,935,-0.0238033514469862
gp_latent_5,936,0.05199872702360153
gp_latent_5,937,0.05723901838064194
gp_latent_5,938,-0.004780948627740145
gp_latent_5,939,0.06008974835276604
gp_latent_5,940,0.048232804983854294
gp_latent_5,941,-0.00030708732083439827
gp_latent_5,942,-0.03593283146619797
gp_latent_5,943,0.01538764126598835
gp_latent_5,944,0.03788220137357712
gp_latent_5,945,-0.0011138867121189833
gp_latent_5,946,-0.04593438655138016
gp_latent_5,947,-0.03695444390177727
gp_latent_5,948,0.03672105818986893
gp_latent_5,949,-0.020944075658917427
gp_latent_6,0,-0.07317637652158737
gp_latent_6,1,-0.037603866308927536
gp_latent_6,2,-0.1180570051074028
gp_latent_6,3,0.059617798775434494
gp_latent_6,4,0.037877850234508514
gp_latent_6,5,0.004798475652933121
gp_latent_6,6,-0.00885121151804924
gp_latent_6,7,0.04894271120429039
gp_latent_6,8,-0.11554817110300064
gp_latent_6,9,-0.033682018518447876
gp_latent_6,10,-0.05320928245782852
gp_latent_6,11,-0.011626961641013622
gp_latent_6,12,-0.028475334867835045
gp_latent_6,13,-0.0056425947695970535
gp_latent_6,14,-0.0015897322446107864
gp_latent_6,15,-0.0002126367762684822
gp_latent_6,16,-0.038070883601903915
gp_latent_6,17,-0.06946658343076706
gp_latent_6,18,-0.025310615077614784
gp_latent_6,19,-0.026410702615976334
gp_latent_6,20,0.02824021875858307
gp_latent_6,21,-0.10947830229997635
gp_latent_6,22,0.00688570411875844
gp_latent_6,23,-0.03811972960829735
gp_latent_6,24,-0.09452198445796967
gp_latent_6,25,-0.02132282964885235
gp_latent_6,26,-0.06231667473912239
gp_latent_6,27,-0.11036158353090286
gp_latent_6,28,-0.004695127718150616
gp_latent_6,29,-0.03380290046334267
gp_latent_6,30,-0.047537121921777725
gp_latent_6,31,-0.029191814363002777
gp_latent_6,32,-0.02377213165163994
gp_latent_6,33,0.011484210379421711
gp_latent_6,34,-0.02879377081990242
gp_latent_6,35,-0.02647879160940647
gp_latent_6,36,0.003911711275577545
gp_latent_6,37,0.06959374994039536
gp_latent_6,38,-0.012788092717528343
gp_latent_6,39,0.004235436208546162
gp_latent_6,40,0.003192660864442587
gp_latent_6,41,0.003826518775895238
gp_latent_6,42,-0.05747959017753601
gp_latent_6,43,0.033499088138341904
gp_latent_6,44,0.0010223966091871262
gp_latent_6,45,0.019164780154824257
gp_latent_6,46,-0.03294098749756813
gp_latent_6,47,0.00986494030803442
gp_latent_6,48,-0.019678816199302673
gp_latent_6,49,0.00797656737267971
gp_latent_6,50,-0.0009195785969495773
gp_latent_6,51,-0.0012469044886529446
gp_latent_6,52,0.0002727559767663479
gp_latent_6,53,0.032669275999069214
gp_latent_6,54,-0.010010648518800735
gp_latent_6,55,-0.0017803686205297709
gp_latent_6,56,-0.0148611543700099
gp_latent_6,57,-0.006219161674380302
gp_latent_6,58,0.019212208688259125
gp_latent_6,59,-0.03337470814585686
gp_latent_6,60,-0.03581869602203369
gp_latent_6,61,0.009210219606757164
gp_latent_6,62,0.013487089425325394
gp_latent_6,63,0.09267199039459229
gp_latent_6,64,0.004751239437609911
gp_latent_6,65,-0.025044593960046768
gp_latent_6,66,0.01895301230251789
gp_latent_6,67,0.012248160317540169
gp_latent_6,68,-0.01640503853559494
gp_latent_6,69,-0.01833532378077507
gp_latent_6,70,-0.017223645001649857
gp_latent_6,71,0.03775501251220703
gp_latent_6,72,0.03452608361840248
gp_latent_6,73,0.015263866633176804
gp_latent_6,74,0.041423629969358444
gp_latent_6,75,0.032355811446905136
gp_latent_6,76,0.03296813741326332
gp_latent_6,77,-0.008719289675354958
gp_latent_6,78,0.010599492117762566
gp_latent_6,79,-0.004992147907614708
gp_latent_6,80,0.010030576959252357
gp_latent_6,81,-0.0030664801597595215
gp_latent_6,82,-0.003489205613732338
gp_latent_6,83,0.0059076775796711445
gp_latent_6,84,-0.0007018930045887828
gp_latent_6,85,0.014141486026346684
gp_latent_6,86,-0.024752046912908554
gp_latent_6,87,-0.029202496632933617
gp_latent_6,88,-0.026309557259082794
gp_latent_6,89,0.021579083055257797
gp_latent_6,90,-0.011256245896220207
gp_latent_6,91,0.007456968538463116
gp_latent_6,92,-0.035626355558633804
gp_latent_6,93,-0.03232378140091896
gp_latent_6,94,0.011098149232566357
gp_latent_6,95,-0.013396129012107849
gp_latent_6,96,0.019571080803871155
gp_latent_6,97,0.010019848123192787
gp_latent_6,98,-0.060209520161151886
gp_latent_6,99,0.015005644410848618
gp_latent_6,100,0.010249104350805283
gp_latent_6,101,-0.009209447540342808
gp_latent_6,102,-0.01615252159535885
gp_latent_6,103,-0.007866883650422096
gp_latent_6,104,-0.0012582279741764069
gp_latent_6,105,-0.0060186805203557014
gp_latent_6,106,-0.013434737920761108
gp_latent_6,107,0.031416065990924835
gp_latent_6,108,0.021730242297053337
gp_latent_6,109,0.023141592741012573
gp_latent_6,110,0.02743465080857277
gp_latent_6,111,0.03826223313808441
gp_latent_6,112,0.015796419233083725
gp_latent_6,113,-0.013356250710785389
gp_latent_6,114,-0.015114190988242626
gp_latent_6,115,0.004977784585207701
gp_latent_6,116,0.001468787668272853
gp_latent_6,117,-0.017756616696715355
gp_latent_6,118,-0.0008506557205691934
gp_latent_6,119,-0.0016261269338428974
gp_latent_6,120,-0.0028590355068445206
gp_latent_6,121,-0.016594531014561653
gp_latent_6,122,-0.017478473484516144
gp_latent_6,123,0.018665803596377373
gp_latent_6,124,0.028378767892718315
gp_latent_6,125,0.02686263434588909
gp_latent_6,126,0.005384435877203941
gp_latent_6,127,-0.03050437942147255
gp_latent_6,128,-0.00627982709556818
gp_latent_6,129,0.0036141101736575365
gp_latent_6,130,-0.022709771990776062
gp_latent_6,131,0.010621017776429653
gp_latent_6,132,0.008989076130092144
gp_latent_6,133,-0.003099460620433092
gp_latent_6,134,-0.027025358751416206
gp_latent_6,135,-0.04134226590394974
gp_latent_6,136,-0.002331123687326908
gp_latent_6,137,-0.035949476063251495
gp_latent_6,138,-0.04230321943759918
gp_latent_6,139,-0.03759678825736046
gp_latent_6,140,-0.011979259550571442
gp_latent_6,141,-0.023294683545827866
gp_latent_6,142,-0.002543879207223654
gp_latent_6,143,-0.012111875228583813
gp_latent_6,144,-0.018580332398414612
gp_latent_6,145,-0.01343340240418911
gp_latent_6,146,-0.014100179076194763
gp_latent_6,147,0.017427625134587288
gp_latent_6,148,-0.0076424675062298775
gp_latent_6,149,0.007920507341623306
gp_latent_6,150,0.0007088151760399342
gp_latent_6,151,0.03471358120441437
gp_latent_6,152,0.0564136765897274
gp_latent_6,153,-0.007380845956504345
gp_latent_6,154,0.015857068821787834
gp_latent_6,155,0.037467196583747864
gp_latent_6,156,0.017025651410222054
gp_latent_6,157,-0.010205414146184921
gp_latent_6,158,0.016730541363358498
gp_latent_6,159,-0.034544993191957474
gp_latent_6,160,-0.01442678738385439
gp_latent_6,161,0.017086289823055267
gp_latent_6,162,-0.012253651395440102
gp_latent_6,163,-0.031056206673383713
gp_latent_6,164,-0.043037328869104385
gp_latent_6,165,-0.015075871720910072
gp_latent_6,166,-0.0005897801602259278
gp_latent_6,167,-0.038992516696453094
gp_latent_6,168,-0.026873083785176277
gp_latent_6,169,0.004236331209540367
gp_latent_6,170,-0.019106149673461914
gp_latent_6,171,-0.012646583840250969
gp_latent_6,172,-0.0325763039290905
gp_latent_6,173,0.003502076491713524
gp_latent_6,174,0.001961896661669016
gp_latent_6,175,0.027408823370933533
gp_latent_6,176,0.048478491604328156
gp_latent_6,177,0.007395382970571518
gp_latent_6,178,-0.020670875906944275
gp_latent_6,179,-0.03908457234501839
gp_latent_6,180,0.04144091159105301
gp_latent_6,181,-0.1187824159860611
gp_latent_6,182,-0.10335435718297958
gp_latent_6,183,-0.11949887126684189
gp_latent_6,184,-0.005131571553647518
gp_latent_6,185,-0.009845824912190437
gp_latent_6,186,-0.02775166742503643
gp_latent_6,187,0.0795624703168869
gp_latent_6,188,-0.0009715082123875618
gp_latent_6,189,-0.035734932869672775
gp_latent_6,190,-0.06556185334920883
gp_latent_6,191,-0.035727862268686295
gp_latent_6,192,-0.04490017145872116
gp_latent_6,193,-0.03427797183394432
gp_latent_6,194,-0.015339969657361507
gp_latent_6,195,0.021191438660025597
gp_latent_6,196,-0.007926277816295624
gp_latent_6,197,-0.010972794145345688
gp_latent_6,198,-0.11581096053123474
gp_latent_6,199,0.053854718804359436
gp_latent_6,200,0.08594326674938202
gp_latent_6,201,0.003311406122520566
gp_latent_6,202,0.008185912854969501
gp_latent_6,203,0.012489107437431812
gp_latent_6,204,0.018171723932027817
gp_latent_6,205,-0.05004433915019035
gp_latent_6,206,0.025132963433861732
gp_latent_6,207,0.005071471445262432
gp_latent_6,208,-0.004240046720951796
gp_latent_6,209,0.012339025735855103
gp_latent_6,210,-0.036377351731061935
gp_latent_6,211,-0.07151395827531815
gp_latent_6,212,-0.03330328315496445
gp_latent_6,213,0.013967838138341904
gp_latent_6,214,-0.04723254591226578
gp_latent_6,215,-0.04520871490240097
gp_latent_6,216,-0.06014855206012726
gp_latent_6,217,0.09369982779026031
gp_latent_6,218,-0.0035186181776225567
gp_latent_6,219,-0.009382207877933979
gp_latent_6,220,-0.056960225105285645
gp_latent_6,221,-0.013504961505532265
gp_latent_6,222,-0.015907268971204758
gp_latent_6,223,-0.00912204384803772
gp_latent_6,224,-0.01529467198997736
gp_latent_6,225,0.0015976163558661938
gp_latent_6,226,0.013992149382829666
gp_latent_6,227,-0.04107857495546341
gp_latent_6,228,-0.008096190169453621
gp_latent_6,229,-0.024893561378121376
gp_latent_6,230,0.037504155188798904
gp_latent_6,231,0.022794539108872414
gp_latent_6,232,-0.08212185651063919
gp_latent_6,233,-0.06662557274103165
gp_latent_6,234,0.011442742310464382
gp_latent_6,235,0.0004219959955662489
gp_latent_6,236,-0.009019561111927032
gp_latent_6,237,0.05022702366113663
gp_latent_6,238,0.062690369784832
gp_latent_6,239,0.0016986837144941092
gp_latent_6,240,-0.02587977983057499
gp_latent_6,241,-0.006894816178828478
gp_latent_6,242,-0.018502095714211464
gp_latent_6,243,0.0067804125137627125
gp_latent_6,244,0.01985250972211361
gp_latent_6,245,-0.0024563344195485115
gp_latent_6,246,-0.007334432099014521
gp_latent_6,247,0.0019854255951941013
gp_latent_6,248,0.004414830356836319
gp_latent_6,249,-0.00797943864017725
gp_latent_6,250,0.0037828944623470306
gp_latent_6,251,0.07277165353298187
gp_latent_6,252,0.000838957610540092
gp_latent_6,253,0.012105714529752731
gp_latent_6,254,0.028885766863822937
gp_latent_6,255,-0.02606339566409588
gp_latent_6,256,-0.04511105641722679
gp_latent_6,257,0.04924345389008522
gp_latent_6,258,-0.007016025483608246
gp_latent_6,259,0.0020799092017114162
gp_latent_6,260,0.0014463879633694887
gp_latent_6,261,-0.006617170758545399
gp_latent_6,262,-0.018929576501250267
gp_latent_6,263,-0.037390515208244324
gp_latent_6,264,-0.05461399257183075
gp_latent_6,265,0.017393015325069427
gp_latent_6,266,-0.09896834194660187
gp_latent_6,267,0.06215852499008179
gp_latent_6,268,0.04122544080018997
gp_latent_6,269,-0.08746399730443954
gp_latent_6,270,0.06273087114095688
gp_latent_6,271,-0.08632759749889374
gp_latent_6,272,0.01299950759857893
gp_latent_6,273,0.09789688885211945
gp_latent_6,274,-0.004019123502075672
gp_latent_6,275,-0.013876798562705517
gp_latent_6,276,-0.01015489175915718
gp_latent_6,277,0.02662297710776329
gp_latent_6,278,-0.024922607466578484
gp_latent_6,279,0.08172662556171417
gp_latent_6,280,0.0052386862225830555
gp_latent_6,281,0.03086412511765957
gp_latent_6,282,-0.017125144600868225
gp_latent_6,283,0.01398397982120514
gp_latent_6,284,0.009448569267988205
gp_latent_6,285,0.02343047969043255
gp_latent_6,286,0.012333127669990063
gp_latent_6,287,0.024511821568012238
gp_latent_6,288,0.00427888473495841
gp_latent_6,289,-0.0015454036183655262
gp_latent_6,290,0.006834104657173157
gp_latent_6,291,0.019486768171191216
gp_latent_6,292,0.016253449022769928
gp_latent_6,293,0.02981320582330227
gp_latent_6,294,-0.00179283507168293
gp_latent_6,295,0.003343431744724512
gp_latent_6,296,0.0009468849748373032
gp_latent_6,297,0.02093670703470707
gp_latent_6,298,0.010753892362117767
gp_latent_6,299,0.029927585273981094
gp_latent_6,300,0.01721206307411194
gp_latent_6,301,0.02019147388637066
gp_latent_6,302,0.009758267551660538
gp_latent_6,303,0.006994228344410658
gp_latent_6,304,0.028532931581139565
gp_latent_6,305,-0.023372739553451538
gp_latent_6,306,0.010722331702709198
gp_latent_6,307,0.0029835859313607216
gp_latent_6,308,0.06227513775229454
gp_latent_6,309,0.006209461949765682
gp_latent_6,310,0.09870593994855881
gp_latent_6,311,0.06072622910141945
gp_latent_6,312,-0.0402275025844574
gp_latent_6,313,0.018436748534440994
gp_latent_6,314,0.02797231823205948
gp_latent_6,315,-0.10246273130178452
gp_latent_6,316,0.07327325642108917
gp_latent_6,317,-0.01186308078467846
gp_latent_6,318,0.07260134816169739
gp_latent_6,319,-0.053807444870471954
gp_latent_6,320,0.000723907258361578
gp_latent_6,321,0.03732955455780029
gp_latent_6,322,-0.031933847814798355
gp_latent_6,323,0.02409072406589985
gp_latent_6,324,-0.04613851010799408
gp_latent_6,325,0.018080487847328186
gp_latent_6,326,0.016057107597589493
gp_latent_6,327,-0.010486369952559471
gp_latent_6,328,-0.007375375367701054
gp_latent_6,329,-0.004551001824438572
gp_latent_6,330,-0.004238897003233433
gp_latent_6,331,0.01881071738898754
gp_latent_6,332,-0.03323909640312195
gp_latent_6,333,-0.0354970283806324
gp_latent_6,334,-0.00837269239127636
gp_latent_6,335,-0.05327613279223442
gp_latent_6,336,-0.012170781381428242
gp_latent_6,337,-0.002017600927501917
gp_latent_6,338,-0.002286866307258606
gp_latent_6,339,-0.020596645772457123
gp_latent_6,340,-0.0004265757743269205
gp_latent_6,341,-0.040822483599185944
gp_latent_6,342,-0.023195290938019753
gp_latent_6,343,0.019454974681138992
gp_latent_6,344,-0.030433155596256256
gp_latent_6,345,0.028971169143915176
gp_latent_6,346,-0.023792048916220665
gp_latent_6,347,-0.009885428473353386
gp_latent_6,348,-0.07556226849555969
gp_latent_6,349,-0.024134192615747452
gp_latent_6,350,-0.12407661974430084
gp_latent_6,351,-0.10039788484573364
gp_latent_6,352,-0.07420270144939423
gp_latent_6,353,0.0019994168542325497
gp_latent_6,354,-0.04723423719406128
gp_latent_6,355,0.007012039888650179
gp_latent_6,356,0.0498204380273819
gp_latent_6,357,-0.0018921034643426538
gp_latent_6,358,-0.027960019186139107
gp_latent_6,359,-0.033189427107572556
gp_latent_6,360,0.040612686425447464
gp_latent_6,361,-0.003849691478535533
gp_latent_6,362,0.06198038160800934
gp_latent_6,363,-0.002939867088571191
gp_latent_6,364,-0.06591013073921204
gp_latent_6,365,-0.022431984543800354
gp_latent_6,366,0.03808513283729553
gp_latent_6,367,0.056993577629327774
gp_latent_6,368,0.028633207082748413
gp_latent_6,369,-0.04041461646556854
gp_latent_6,370,-0.028499357402324677
gp_latent_6,371,-0.09007038176059723
gp_latent_6,372,0.07422703504562378
gp_latent_6,373,0.02623731456696987
gp_latent_6,374,0.11640807241201401
gp_latent_6,375,-0.006687795277684927
gp_latent_6,376,-0.00562751479446888
gp_latent_6,377,-0.021312059834599495
gp_latent_6,378,-0.011036979034543037
gp_latent_6,379,0.11016467213630676
gp_latent_6,380,-0.04191921651363373
gp_latent_6,381,0.031074833124876022
gp_latent_6,382,0.053161878138780594
gp_latent_6,383,0.017996417358517647
gp_latent_6,384,-0.03965802118182182
gp_latent_6,385,-0.028450168669223785
gp_latent_6,386,0.04511160030961037
gp_latent_6,387,0.03802329674363136
gp_latent_6,388,0.025531044229865074
gp_latent_6,389,-0.02734951674938202
gp_latent_6,390,-0.0018027630867436528
gp_latent_6,391,0.05457467958331108
gp_latent_6,392,0.05751070752739906
gp_latent_6,393,-0.020023832097649574
gp_latent_6,394,-0.042440418154001236
gp_latent_6,395,0.03865399956703186
gp_latent_6,396,0.003154375357553363
gp_latent_6,397,-0.01763448864221573
gp_latent_6,398,-0.010182561352849007
gp_latent_6,399,-0.006985408253967762
gp_latent_6,400,0.02878165990114212
gp_latent_6,401,0.11237594485282898
gp_latent_6,402,0.03538224846124649
gp_latent_6,403,0.0043167066760361195
gp_latent_6,404,0.007102081086486578
gp_latent_6,405,-0.015972640365362167
gp_latent_6,406,0.010577701032161713
gp_latent_6,407,-0.006385825574398041
gp_latent_6,408,-0.011479919776320457
gp_latent_6,409,-0.0010218177922070026
gp_latent_6,410,-0.0007610992761328816
gp_latent_6,411,0.06784216314554214
gp_latent_6,412,-0.033825378865003586
gp_latent_6,413,-0.04103908687829971
gp_latent_6,414,0.006165985018014908
gp_latent_6,415,0.021830907091498375
gp_latent_6,416,-0.03650087118148804
gp_latent_6,417,-0.04671630263328552
gp_latent_6,418,-0.02090572752058506
gp_latent_6,419,-0.0018557053990662098
gp_latent_6,420,0.014880246482789516
gp_latent_6,421,-0.06566860526800156
gp_latent_6,422,-0.001216300530359149
gp_latent_6,423,0.011385382153093815
gp_latent_6,424,0.018981553614139557
gp_latent_6,425,0.01489206962287426
gp_latent_6,426,0.04048575088381767
gp_latent_6,427,0.055131688714027405
gp_latent_6,428,0.048509009182453156
gp_latent_6,429,0.036238886415958405
gp_latent_6,430,0.008678877726197243
gp_latent_6,431,-0.05341707915067673
gp_latent_6,432,0.02276243083178997
gp_latent_6,433,0.022100452333688736
gp_latent_6,434,0.08771107345819473
gp_latent_6,435,0.07580449432134628
gp_latent_6,436,-0.0013099685311317444
gp_latent_6,437,-0.0548916757106781
gp_latent_6,438,0.02888551540672779
gp_latent_6,439,0.024058809503912926
gp_latent_6,440,0.00439166696742177
gp_latent_6,441,0.019915806129574776
gp_latent_6,442,0.03414570912718773
gp_latent_6,443,-0.054482635110616684
gp_latent_6,444,0.045908961445093155
gp_latent_6,445,0.01820625364780426
gp_latent_6,446,0.02207956463098526
gp_latent_6,447,0.08694011718034744
gp_latent_6,448,0.0925641804933548
gp_latent_6,449,0.07026661187410355
gp_latent_6,450,0.072530098259449
gp_latent_6,451,-0.06127433851361275
gp_latent_6,452,-0.07634647190570831
gp_latent_6,453,-0.082133948802948
gp_latent_6,454,-0.040566056966781616
gp_latent_6,455,-0.010124580934643745
gp_latent_6,456,0.06161879003047943
gp_latent_6,457,-0.07668326795101166
gp_latent_6,458,-0.0355130136013031
gp_latent_6,459,-0.025041764602065086
gp_latent_6,460,0.009249119088053703
gp_latent_6,461,0.04510045796632767
gp_latent_6,462,0.024091770872473717
gp_latent_6,463,0.05148807913064957
gp_latent_6,464,-0.007335333153605461
gp_latent_6,465,-0.05335210636258125
gp_latent_6,466,0.0896807461977005
gp_latent_6,467,-0.05559598654508591
gp_latent_6,468,0.02747390791773796
gp_latent_6,469,0.02328263781964779
gp_latent_6,470,0.021299730986356735
gp_latent_6,471,0.010389840230345726
gp_latent_6,472,0.019257258623838425
gp_latent_6,473,0.00873417779803276
gp_latent_6,474,0.044073063880205154
gp_latent_6,475,-0.05456799268722534
gp_latent_6,476,0.0003035934641957283
gp_latent_6,477,-0.05954299122095108
gp_latent_6,478,-0.04482418671250343
gp_latent_6,479,0.08499809354543686
gp_latent_6,480,-0.015211216174066067
gp_latent_6,481,-0.017028789967298508
gp_latent_6,482,-0.09231508523225784
gp_latent_6,483,0.0023177247494459152
gp_latent_6,484,0.004125263541936874
gp_latent_6,485,-0.008231834508478642
gp_latent_6,486,0.01743731088936329
gp_latent_6,487,0.02944377064704895
gp_latent_6,488,-0.031750455498695374
gp_latent_6,489,-0.056709807366132736
gp_latent_6,490,-0.06479156762361526
gp_latent_6,491,0.03569545969367027
gp_latent_6,492,0.06845690310001373
gp_latent_6,493,0.09458495676517487
gp_latent_6,494,0.10366157442331314
gp_latent_6,495,0.10470085591077805
gp_latent_6,496,0.09271090477705002
gp_latent_6,497,0.1091984435915947
gp_latent_6,498,0.08580048382282257
gp_latent_6,499,0.102570541203022
gp_latent_6,500,0.003053585533052683
gp_latent_6,501,-0.08222828805446625
gp_latent_6,502,-0.07784660160541534
gp_latent_6,503,-0.08967925608158112
gp_latent_6,504,-0.038153719156980515
gp_latent_6,505,0.003881879849359393
gp_latent_6,506,0.005322115961462259
gp_latent_6,507,-0.014046219177544117
gp_latent_6,508,-0.040382906794548035
gp_latent_6,509,-0.03798886388540268
gp_latent_6,510,0.037828974425792694
gp_latent_6,511,0.006006675306707621
gp_latent_6,512,0.030387485399842262
gp_latent_6,513,-0.01229835581034422
gp_latent_6,514,-0.07135499268770218
gp_latent_6,515,-0.01153603009879589
gp_latent_6,516,0.013284485787153244
gp_latent_6,517,-0.005987245589494705
gp_latent_6,518,0.014504710212349892
gp_latent_6,519,0.031799979507923126
gp_latent_6,520,-0.010765954852104187
gp_latent_6,521,-0.01726583018898964
gp_latent_6,522,0.036332614719867706
gp_latent_6,523,-0.018824400380253792
gp_latent_6,524,-0.004825994372367859
gp_latent_6,525,-0.028541678562760353
gp_latent_6,526,-0.017133191227912903
gp_latent_6,527,0.04455374553799629
gp_latent_6,528,0.0436224564909935
gp_latent_6,529,0.02140861190855503
gp_latent_6,530,0.004752357490360737
gp_latent_6,531,-0.013105594553053379
gp_latent_6,532,0.017885055392980576
gp_latent_6,533,-0.0815339982509613
gp_latent_6,534,0.004794417880475521
gp_latent_6,535,0.10412885993719101
gp_latent_6,536,0.08983997255563736
gp_latent_6,537,0.008297668769955635
gp_latent_6,538,-0.008954215794801712
gp_latent_6,539,0.026825372129678726
gp_latent_6,540,0.004781387280672789
gp_latent_6,541,-0.05649904906749725
gp_latent_6,542,-0.054472096264362335
gp_latent_6,543,-0.043453339487314224
gp_latent_6,544,0.04351446032524109
gp_latent_6,545,0.026163067668676376
gp_latent_6,546,0.036881644278764725
gp_latent_6,547,0.03877079859375954
gp_latent_6,548,0.029685599729418755
gp_latent_6,549,0.026433197781443596
gp_latent_6,550,0.02842075005173683
gp_latent_6,551,-0.00662984000518918
gp_latent_6,552,-0.030994756147265434
gp_latent_6,553,-0.04157896339893341
gp_latent_6,554,0.024929823353886604
gp_latent_6,555,0.01978301629424095
gp_latent_6,556,0.018184956163167953
gp_latent_6,557,0.046602364629507065
gp_latent_6,558,0.027414197102189064
gp_latent_6,559,0.030450494959950447
gp_latent_6,560,0.04641139879822731
gp_latent_6,561,0.060183681547641754
gp_latent_6,562,0.0344369113445282
gp_latent_6,563,0.03470334783196449
gp_latent_6,564,0.03857601806521416
gp_latent_6,565,0.03064863570034504
gp_latent_6,566,0.050183434039354324
gp_latent_6,567,0.04767896980047226
gp_latent_6,568,0.04970890283584595
gp_latent_6,569,0.04920656979084015
gp_latent_6,570,0.036933641880750656
gp_latent_6,571,0.025161970406770706
gp_latent_6,572,0.0405358262360096
gp_latent_6,573,0.03513471037149429
gp_latent_6,574,0.024206435307860374
gp_latent_6,575,0.012995871715247631
gp_latent_6,576,-0.0005107582546770573
gp_latent_6,577,0.014521481469273567
gp_latent_6,578,0.026728540658950806
gp_latent_6,579,0.012460844591259956
gp_latent_6,580,0.009258680045604706
gp_latent_6,581,-0.11771765351295471
gp_latent_6,582,-0.031583696603775024
gp_latent_6,583,0.0465397834777832
gp_latent_6,584,0.04335683211684227
gp_latent_6,585,-0.03611144423484802
gp_latent_6,586,0.014034837484359741
gp_latent_6,587,0.005426385439932346
gp_latent_6,588,0.054173074662685394
gp_latent_6,589,-0.023086916655302048
gp_latent_6,590,0.026588212698698044
gp_latent_6,591,0.019700059667229652
gp_latent_6,592,0.02264440432190895
gp_latent_6,593,0.05300590768456459
gp_latent_6,594,0.04568185284733772
gp_latent_6,595,-0.008290991187095642
gp_latent_6,596,0.07649432867765427
gp_latent_6,597,0.06627614051103592
gp_latent_6,598,0.06543207913637161
gp_latent_6,599,0.06511203199625015
gp_latent_6,600,0.08863730728626251
gp_latent_6,601,0.09685703366994858
gp_latent_6,602,0.013910721987485886
gp_latent_6,603,0.018971288576722145
gp_latent_6,604,0.017382873222231865
gp_latent_6,605,0.017036156728863716
gp_latent_6,606,0.004157521761953831
gp_latent_6,607,0.0030746394768357277
gp_latent_6,608,0.017987197265028954
gp_latent_6,609,0.013626651838421822
gp_latent_6,610,0.005189374089241028
gp_latent_6,611,0.011612260714173317
gp_latent_6,612,0.05401342734694481
gp_latent_6,613,0.10794774442911148
gp_latent_6,614,0.07256365567445755
gp_latent_6,615,0.07870838046073914
gp_latent_6,616,0.0958208441734314
gp_latent_6,617,0.09981788694858551
gp_latent_6,618,0.03449571132659912
gp_latent_6,619,0.032059069722890854
gp_latent_6,620,0.031679846346378326
gp_latent_6,621,0.015232015401124954
gp_latent_6,622,-0.05835273489356041
gp_latent_6,623,-0.07802652567625046
gp_latent_6,624,0.06296449899673462
gp_latent_6,625,0.022819656878709793
gp_latent_6,626,0.033909499645233154
gp_latent_6,627,0.0032435592729598284
gp_latent_6,628,0.06284795701503754
gp_latent_6,629,0.038067687302827835
gp_latent_6,630,0.027244990691542625
gp_latent_6,631,0.016364995390176773
gp_latent_6,632,0.020565157756209373
gp_latent_6,633,-0.040345724672079086
gp_latent_6,634,0.03734966367483139
gp_latent_6,635,0.033623095601797104
gp_latent_6,636,0.030607568100094795
gp_latent_6,637,0.03559808433055878
gp_latent_6,638,0.03515252470970154
gp_latent_6,639,-0.01527284737676382
gp_latent_6,640,0.04417439177632332
gp_latent_6,641,0.011142621748149395
gp_latent_6,642,-0.10211319476366043
gp_latent_6,643,0.0749940499663353
gp_latent_6,644,0.07899770140647888
gp_latent_6,645,-0.006899098865687847
gp_latent_6,646,0.07311077415943146
gp_latent_6,647,0.08649440109729767
gp_latent_6,648,0.002887655980885029
gp_latent_6,649,0.013004885986447334
gp_latent_6,650,0.02657199651002884
gp_latent_6,651,0.010449603199958801
gp_latent_6,652,0.022746404632925987
gp_latent_6,653,0.01863517425954342
gp_latent_6,654,0.024213293567299843
gp_latent_6,655,0.03252457454800606
gp_latent_6,656,0.03369025141000748
gp_latent_6,657,0.02269061841070652
gp_latent_6,658,0.0037990701384842396
gp_latent_6,659,0.008503937162458897
gp_latent_6,660,-0.01996721886098385
gp_latent_6,661,-0.009569189511239529
gp_latent_6,662,0.004766908474266529
gp_latent_6,663,-0.08049231022596359
gp_latent_6,664,-0.034969378262758255
gp_latent_6,665,0.03405782952904701
gp_latent_6,666,-0.029404789209365845
gp_latent_6,667,0.003115412313491106
gp_latent_6,668,0.013422312214970589
gp_latent_6,669,0.060781218111515045
gp_latent_6,670,0.026181068271398544
gp_latent_6,671,-0.03460721671581268
gp_latent_6,672,-0.06344924867153168
gp_latent_6,673,-0.04838079214096069
gp_latent_6,674,0.06579800695180893
gp_latent_6,675,0.0423157662153244
gp_latent_6,676,0.01610846258699894
gp_latent_6,677,0.04385848343372345
gp_latent_6,678,-0.014180712401866913
gp_latent_6,679,0.027646223083138466
gp_latent_6,680,0.03921278938651085
gp_latent_6,681,0.044831812381744385
gp_latent_6,682,0.04817235469818115
gp_latent_6,683,0.03793074190616608
gp_latent_6,684,0.04478209465742111
gp_latent_6,685,0.03185529261827469
gp_latent_6,686,0.021917887032032013
gp_latent_6,687,0.03188638761639595
gp_latent_6,688,0.023854386061429977
gp_latent_6,689,0.04990530386567116
gp_latent_6,690,-0.0031346057076007128
gp_latent_6,691,0.010812945663928986
gp_latent_6,692,0.026981171220541
gp_latent_6,693,0.007960102520883083
gp_latent_6,694,0.0021005538292229176
gp_latent_6,695,0.007428850047290325
gp_latent_6,696,0.0002797618508338928
gp_latent_6,697,0.01670897752046585
gp_latent_6,698,0.004910641349852085
gp_latent_6,699,-0.002889960538595915
gp_latent_6,700,-0.004456331953406334
gp_latent_6,701,0.010457823053002357
gp_latent_6,702,-0.05356888473033905
gp_latent_6,703,0.03527060151100159
gp_latent_6,704,0.03984465450048447
gp_latent_6,705,0.03713880479335785
gp_latent_6,706,0.04469740390777588
gp_latent_6,707,0.046579502522945404
gp_latent_6,708,0.04313881695270538
gp_latent_6,709,0.07133791595697403
gp_latent_6,710,0.09147234261035919
gp_latent_6,711,-0.07542404532432556
gp_latent_6,712,-0.06484287232160568
gp_latent_6,713,-0.05430937185883522
gp_latent_6,714,-0.07252413779497147
gp_latent_6,715,0.0032921615056693554
gp_latent_6,716,0.09525094926357269
gp_latent_6,717,0.0037059884052723646
gp_latent_6,718,0.016487818211317062
gp_latent_6,719,0.00634454470127821
gp_latent_6,720,0.022574707865715027
gp_latent_6,721,0.005844796542078257
gp_latent_6,722,0.017591822892427444
gp_latent_6,723,0.026028096675872803
gp_latent_6,724,0.08751949667930603
gp_latent_6,725,0.03029470704495907
gp_latent_6,726,0.028927873820066452
gp_latent_6,727,0.03962644934654236
gp_latent_6,728,0.012857387773692608
gp_latent_6,729,0.08432406187057495
gp_latent_6,730,0.023937039077281952
gp_latent_6,731,0.0867830142378807
gp_latent_6,732,-0.01712559536099434
gp_latent_6,733,0.04911281540989876
gp_latent_6,734,0.05514128878712654
gp_latent_6,735,-0.00733184115961194
gp_latent_6,736,0.0028183534741401672
gp_latent_6,737,0.032405927777290344
gp_latent_6,738,-0.063182532787323
gp_latent_6,739,-0.00797293335199356
gp_latent_6,740,0.03895295038819313
gp_latent_6,741,-0.036435529589653015
gp_latent_6,742,0.011029105633497238
gp_latent_6,743,-0.021412476897239685
gp_latent_6,744,-0.034652721136808395
gp_latent_6,745,-0.07128709554672241
gp_latent_6,746,-0.058705735951662064
gp_latent_6,747,-0.05669764429330826
gp_latent_6,748,-0.04178810492157936
gp_latent_6,749,0.011962451972067356
gp_latent_6,750,-0.009211013093590736
gp_latent_6,751,-0.008872183039784431
gp_latent_6,752,-0.02853512391448021
gp_latent_6,753,-0.042218439280986786
gp_latent_6,754,0.001413219259120524
gp_latent_6,755,0.003907148726284504
gp_latent_6,756,0.015021424740552902
gp_latent_6,757,-0.0597449392080307
gp_latent_6,758,-0.03706181421875954
gp_latent_6,759,0.03109845519065857
gp_latent_6,760,-0.028597790747880936
gp_latent_6,761,0.015998736023902893
gp_latent_6,762,-0.04190327227115631
gp_latent_6,763,-0.03252045437693596
gp_latent_6,764,-0.028675302863121033
gp_latent_6,765,0.01823338121175766
gp_latent_6,766,-0.054427653551101685
gp_latent_6,767,-0.04473415017127991
gp_latent_6,768,-0.028020115569233894
gp_latent_6,769,-0.018745677545666695
gp_latent_6,770,0.0018875463865697384
gp_latent_6,771,-0.02176794223487377
gp_latent_6,772,-0.08012811094522476
gp_latent_6,773,0.013890314847230911
gp_latent_6,774,0.05099106952548027
gp_latent_6,775,0.05502404645085335
gp_latent_6,776,0.021480971947312355
gp_latent_6,777,-0.00751306489109993
gp_latent_6,778,-0.008854531683027744
gp_latent_6,779,-0.016301605850458145
gp_latent_6,780,0.028027238324284554
gp_latent_6,781,-0.0796927735209465
gp_latent_6,782,-0.08908624202013016
gp_latent_6,783,-0.08946962654590607
gp_latent_6,784,-0.09988883137702942
gp_latent_6,785,-0.045484114438295364
gp_latent_6,786,-0.029409952461719513
gp_latent_6,787,-0.019168658182024956
gp_latent_6,788,-0.028248000890016556
gp_latent_6,789,0.056142885237932205
gp_latent_6,790,0.04699106141924858
gp_latent_6,791,0.05221305787563324
gp_latent_6,792,0.0565306656062603
gp_latent_6,793,-0.023133836686611176
gp_latent_6,794,-0.0017860489897429943
gp_latent_6,795,-0.008697793819010258
gp_latent_6,796,-0.012408183887600899
gp_latent_6,797,-0.012613002210855484
gp_latent_6,798,-0.020316580310463905
gp_latent_6,799,-0.007748825941234827
gp_latent_6,800,-0.0317312553524971
gp_latent_6,801,-0.046167295426130295
gp_latent_6,802,-0.025539927184581757
gp_latent_6,803,-0.027994275093078613
gp_latent_6,804,-0.06736501306295395
gp_latent_6,805,-0.054460011422634125
gp_latent_6,806,-0.0016389305237680674
gp_latent_6,807,-0.023861605674028397
gp_latent_6,808,0.02906561829149723
gp_latent_6,809,-0.0128841083496809
gp_latent_6,810,0.023379944264888763
gp_latent_6,811,-0.04533524438738823
gp_latent_6,812,-0.07730568200349808
gp_latent_6,813,-0.008486640639603138
gp_latent_6,814,-0.049187541007995605
gp_latent_6,815,-0.04567299783229828
gp_latent_6,816,-0.03611287102103233
gp_latent_6,817,-0.05388481542468071
gp_latent_6,818,-0.012310391291975975
gp_latent_6,819,-0.020450513809919357
gp_latent_6,820,-0.014690972864627838
gp_latent_6,821,0.0317414365708828
gp_latent_6,822,0.0460766926407814
gp_latent_6,823,-0.08033385872840881
gp_latent_6,824,0.00014721410116180778
gp_latent_6,825,0.01509714312851429
gp_latent_6,826,-0.064633309841156
gp_latent_6,827,-0.054286349564790726
gp_latent_6,828,-0.07047038525342941
gp_latent_6,829,-0.06443406641483307
gp_latent_6,830,-0.006242536939680576
gp_latent_6,831,-0.035956792533397675
gp_latent_6,832,-0.039744917303323746
gp_latent_6,833,0.012204833328723907
gp_latent_6,834,-0.00017884315457195044
gp_latent_6,835,-0.03570547699928284
gp_latent_6,836,0.009627976454794407
gp_latent_6,837,-0.061402153223752975
gp_latent_6,838,-0.02240554429590702
gp_latent_6,839,-0.04454723000526428
gp_latent_6,840,-0.02118857018649578
gp_latent_6,841,0.009682521224021912
gp_latent_6,842,0.0029634872917085886
gp_latent_6,843,-0.02674862928688526
gp_latent_6,844,-0.024697475135326385
gp_latent_6,845,-0.02790849469602108
gp_latent_6,846,-0.009057031944394112
gp_latent_6,847,-0.013638397678732872
gp_latent_6,848,0.04828812927007675
gp_latent_6,849,-0.016068972647190094
gp_latent_6,850,-0.009007318876683712
gp_latent_6,851,-0.017754457890987396
gp_latent_6,852,0.007314362563192844
gp_latent_6,853,0.026535436511039734
gp_latent_6,854,-0.021409234032034874
gp_latent_6,855,-0.01867542415857315
gp_latent_6,856,-0.01746213249862194
gp_latent_6,857,-0.0919191762804985
gp_latent_6,858,0.025713883340358734
gp_latent_6,859,0.0625646710395813
gp_latent_6,860,0.06899730861186981
gp_latent_6,861,0.0623231939971447
gp_latent_6,862,0.01829426921904087
gp_latent_6,863,-0.015802081674337387
gp_latent_6,864,-0.011938494630157948
gp_latent_6,865,-0.024548107758164406
gp_latent_6,866,-0.012408697046339512
gp_latent_6,867,-0.01788746938109398
gp_latent_6,868,-0.02525823935866356
gp_latent_6,869,-0.023677455261349678
gp_latent_6,870,-0.01360541395843029
gp_latent_6,871,0.057534344494342804
gp_latent_6,872,-0.011466089636087418
gp_latent_6,873,-0.002008909359574318
gp_latent_6,874,-0.011283500120043755
gp_latent_6,875,-0.09123773872852325
gp_latent_6,876,-0.02420012839138508
gp_latent_6,877,-0.0763862133026123
gp_latent_6,878,0.015928946435451508
gp_latent_6,879,-0.08606081455945969
gp_latent_6,880,-0.03603462502360344
gp_latent_6,881,-0.04567323625087738
gp_latent_6,882,0.005922198295593262
gp_latent_6,883,-0.02564520575106144
gp_latent_6,884,-0.022273365408182144
gp_latent_6,885,-0.03476502746343613
gp_latent_6,886,0.0014428570866584778
gp_latent_6,887,-0.029452890157699585
gp_latent_6,888,-0.015933936461806297
gp_latent_6,889,-0.014075502753257751
gp_latent_6,890,0.012686985544860363
gp_latent_6,891,0.02746417000889778
gp_latent_6,892,0.030170723795890808
gp_latent_6,893,-0.009109283797442913
gp_latent_6,894,-0.017808226868510246
gp_latent_6,895,0.008655719459056854
gp_latent_6,896,-0.07625357806682587
gp_latent_6,897,-0.0004764602053910494
gp_latent_6,898,-0.011328956112265587
gp_latent_6,899,-0.024608612060546875
gp_latent_6,900,-0.007327553816139698
gp_latent_6,901,0.004174484871327877
gp_latent_6,902,0.010016430169343948
gp_latent_6,903,0.005573108792304993
gp_latent_6,904,-0.039943039417266846
gp_latent_6,905,-0.03908440098166466
gp_latent_6,906,-0.0608346164226532
gp_latent_6,907,-0.04788197949528694
gp_latent_6,908,-0.0691303089261055
gp_latent_6,909,0.012207957915961742
gp_latent_6,910,0.03861747309565544
gp_latent_6,911,-0.00568790128454566
gp_latent_6,912,-0.01685202121734619
gp_latent_6,913,-0.021335605531930923
gp_latent_6,914,-0.05439196527004242
gp_latent_6,915,0.01619250699877739
gp_latent_6,916,-0.01305188424885273
gp_latent_6,917,0.004904069937765598
gp_latent_6,918,-0.0215750802308321
gp_latent_6,919,-0.016391105949878693
gp_latent_6,920,-0.023757990449666977
gp_latent_6,921,-0.05772663280367851
gp_latent_6,922,0.009544562548398972
gp_latent_6,923,-0.04915899410843849
gp_latent_6,924,0.0658000111579895
gp_latent_6,925,0.012291946448385715
gp_latent_6,926,-0.00494277011603117
gp_latent_6,927,-0.026892108842730522
gp_latent_6,928,-0.036971911787986755
gp_latent_6,929,-0.027642620727419853
gp_latent_6,930,-0.010167357511818409
gp_latent_6,931,0.004698260687291622
gp_latent_6,932,-0.07425479590892792
gp_latent_6,933,-0.06043146550655365
gp_latent_6,934,-0.12155909836292267
gp_latent_6,935,-0.10505609959363937
gp_latent_6,936,-0.035064972937107086
gp_latent_6,937,-0.022254660725593567
gp_latent_6,938,-0.10123958438634872
gp_latent_6,939,-0.05040879175066948
gp_latent_6,940,-0.04181019961833954
gp_latent_6,941,0.011180929839611053
gp_latent_6,942,-0.05078247934579849
gp_latent_6,943,0.040439825505018234
gp_latent_6,944,-0.014331544749438763
gp_latent_6,945,-0.0030398834496736526
gp_latent_6,946,0.016880862414836884
gp_latent_6,947,-0.018580496311187744
gp_latent_6,948,-0.02483164146542549
gp_latent_6,949,0.015099877491593361
class_intercept,0,-0.3956294357776642
class_intercept,1,-0.815618634223938
class_intercept,2,0.6356616616249084
class_intercept,3,-0.296625554561615
class_intercept,4,0.2741478681564331
class_intercept,5,0.5385046601295471
class_intercept,6,0.2083578109741211
class_share,0,0.04038606584072113
class_share,1,0.02001159079372883
class_share,2,0.3381602466106415
class_share,3,0.053470224142074585
class_share,4,0.17180046439170837
class_share,5,0.23075264692306519
class_share,6,0.14541873335838318
beta_raw,"0,0",0.7042543888092041
beta_raw,"0,1",-0.6639172434806824
beta_raw,"1,0",-2.8184096813201904
beta_raw,"1,1",-1.2818291187286377
beta_raw,"2,0",1.1749733686447144
beta_raw,"2,1",8.824169158935547
beta_raw,"3,0",1.5923190116882324
beta_raw,"3,1",1.560767650604248
beta_raw,"4,0",5.060660362243652
beta_raw,"4,1",3.967454671859741
beta_raw,"5,0",3.923758029937744
beta_raw,"5,1",-1.9750744104385376
beta_raw,"6,0",3.907198429107666
beta_raw,"6,1",1.7317222356796265
asc_raw,"0,0",1.0438055992126465
asc_raw,"0,1",-3.968421697616577
asc_raw,"1,0",0.9090086817741394
asc_raw,"1,1",0.20844577252864838
asc_raw,"2,0",-0.653028666973114
asc_raw,"2,1",0.9445770382881165
asc_raw,"3,0",-0.697902262210846
asc_raw,"3,1",4.163045883178711
asc_raw,"4,0",-0.02442166395485401
asc_raw,"4,1",2.9569218158721924
asc_raw,"5,0",-0.8577803373336792
asc_raw,"5,1",-3.2054672241210938
asc_raw,"6,0",-1.1300921440124512
asc_raw,"6,1",-0.12787050008773804
