param,index,value
kappa,0,0.03791511803865433
kappa,1,0.04497470706701279
kappa,2,0.03959515690803528
lengthscale,0,0.37310129404067993
lengthscale,1,0.3806467056274414
lengthscale,2,0.38011232018470764
gp_latent_0,0,0.022411365061998367
gp_latent_0,1,0.004939148668199778
gp_latent_0,2,-0.03429083898663521
gp_latent_0,3,0.015376080758869648
gp_latent_0,4,-0.01663891039788723
gp_latent_0,5,0.0051679410971701145
gp_latent_0,6,0.0014651790261268616
gp_latent_0,7,-0.0018820026889443398
gp_latent_0,8,-0.01087566465139389
gp_latent_0,9,-0.0010343766771256924
gp_latent_0,10,0.018362155184149742
gp_latent_0,11,0.002188739599660039
gp_latent_0,12,0.030903790146112442
gp_latent_0,13,0.02032201737165451
gp_latent_0,14,0.024767596274614334
gp_latent_0,15,0.025602588430047035
gp_latent_0,16,0.02023417502641678
gp_latent_0,17,-0.033563196659088135
gp_latent_0,18,0.002738922368735075
gp_latent_0,19,0.023692194372415543
gp_latent_0,20,0.014952467754483223
gp_latent_0,21,-0.006929970346391201
gp_latent_0,22,-0.00367204868234694
gp_latent_0,23,0.015599780716001987
gp_latent_0,24,-0.0033791041933000088
gp_latent_0,25,0.0017145010642707348
gp_latent_0,26,0.025325410068035126
gp_latent_0,27,-0.019764235243201256
gp_latent_0,28,0.010876240208745003
gp_latent_0,29,0.01388375274837017
gp_latent_0,30,0.02450403943657875
gp_latent_0,31,0.0034426164347678423
gp_latent_0,32,0.02186688408255577
gp_latent_0,33,0.0023498032242059708
gp_latent_0,34,-0.010335518047213554
gp_latent_0,35,0.020967042073607445
gp_latent_0,36,0.021897681057453156
gp_latent_0,37,-0.024144837632775307
gp_latent_0,38,0.04827311262488365
gp_latent_0,39,0.02990494668483734
gp_latent_0,40,0.04045870900154114
gp_latent_0,41,0.017922112718224525
gp_latent_0,42,0.0005265036597847939
gp_latent_0,43,-0.016287073493003845
gp_latent_0,44,0.03289273381233215
gp_latent_0,45,-0.028228750452399254
gp_latent_0,46,0.007178372237831354
gp_latent_0,47,-0.0030978526920080185
gp_latent_0,48,-0.0002908571623265743
gp_latent_0,49,-0.0019662969280034304
gp_latent_0,50,-0.002604290610179305
gp_latent_0,51,0.006759487092494965
gp_latent_0,52,-0.013799233362078667
gp_latent_0,53,0.04628394916653633
gp_latent_0,54,0.0004111003363505006
gp_latent_0,55,-0.010745463892817497
gp_latent_0,56,-0.03314561769366264
gp_latent_0,57,-0.012489669024944305
gp_latent_0,58,0.004934944678097963
gp_latent_0,59,0.005273777991533279
gp_latent_0,60,-0.03356670215725899
gp_latent_0,61,0.004576066043227911
gp_latent_0,62,0.023937536403536797
gp_latent_0,63,0.014259259216487408
gp_latent_0,64,0.0012033748207613826
gp_latent_0,65,-0.015732035040855408
gp_latent_0,66,-0.007361403666436672
gp_latent_0,67,0.00558443833142519
gp_latent_0,68,-0.009691644459962845
gp_latent_0,69,-0.011230982840061188
gp_latent_0,70,-0.0033814217895269394
gp_latent_0,71,-0.012619221583008766
gp_latent_0,72,-0.021069973707199097
gp_latent_0,73,0.005629425402730703
gp_latent_0,74,-0.014220846816897392
gp_latent_0,75,-0.02816452644765377
gp_latent_0,76,-0.012337041087448597
gp_latent_0,77,-0.029333705082535744
gp_latent_0,78,-0.02691560983657837
gp_latent_0,79,0.0030388624873012304
gp_latent_0,80,-0.0134078748524189
gp_latent_0,81,-0.03846345841884613
gp_latent_0,82,-0.03053697757422924
gp_latent_0,83,0.005608041770756245
gp_latent_0,84,-0.009729929268360138
gp_latent_0,85,-0.008422795683145523
gp_latent_0,86,0.019002579152584076
gp_latent_0,87,0.021488362923264503
gp_latent_0,88,-0.05027687922120094
gp_latent_0,89,0.0131707563996315
gp_latent_0,90,0.006566377356648445
gp_latent_0,91,0.014916369691491127
gp_latent_0,92,-0.028137989342212677
gp_latent_0,93,-0.038045190274715424
gp_latent_0,94,0.028208721429109573
gp_latent_0,95,-0.013276203535497189
gp_latent_0,96,0.010190149769186974
gp_latent_0,97,-0.0020149722695350647
gp_latent_0,98,0.01826619543135166
gp_latent_0,99,0.018531613051891327
gp_latent_0,100,0.017936261370778084
gp_latent_0,101,-0.0020436206832528114
gp_latent_0,102,0.0005692471750080585
gp_latent_0,103,0.0007903152145445347
gp_latent_0,104,-0.023642098531126976
gp_latent_0,105,0.001566373510286212
gp_latent_0,106,0.009208718314766884
gp_latent_0,107,-0.014991620555520058
gp_latent_0,108,-0.010771533474326134
gp_latent_0,109,-0.0012319879606366158
gp_latent_0,110,-0.004221740178763866
gp_latent_0,111,-0.002380691235885024
gp_latent_0,112,-0.027591783553361893
gp_latent_0,113,0.016283191740512848
gp_latent_0,114,-0.02751222252845764
gp_latent_0,115,0.023637941107153893
gp_latent_0,116,0.006581702269613743
gp_latent_0,117,0.0031539583578705788
gp_latent_0,118,-0.0047132233157753944
gp_latent_0,119,0.04024244844913483
gp_latent_0,120,-0.013930583372712135
gp_latent_0,121,0.01611853390932083
gp_latent_0,122,0.02636162005364895
gp_latent_0,123,-0.02064872719347477
gp_latent_0,124,0.011512724682688713
gp_latent_0,125,-0.017893288284540176
gp_latent_0,126,-0.005852949805557728
gp_latent_0,127,0.019339952617883682
gp_latent_0,128,-0.00814158096909523
gp_latent_0,129,-0.00580761069431901
gp_latent_0,130,0.0025290907360613346
gp_latent_0,131,0.020059529691934586
gp_latent_0,132,-0.004647635389119387
gp_latent_0,133,0.03198317065834999
gp_latent_0,134,0.017507117241621017
gp_latent_0,135,0.011519573628902435
gp_latent_0,136,-0.01223808154463768
gp_latent_0,137,-0.023225117474794388
gp_latent_0,138,0.001180815976113081
gp_latent_0,139,-0.01873895712196827
gp_latent_0,140,0.04129425808787346
gp_latent_0,141,-0.045310355722904205
gp_latent_0,142,-0.0043893903493881226
gp_latent_0,143,-0.0037198327481746674
gp_latent_0,144,0.019682712852954865
gp_latent_0,145,-0.057240020483732224
gp_latent_0,146,-0.05005436763167381
gp_latent_0,147,-0.005232296884059906
gp_latent_0,148,-0.015623674727976322
gp_latent_0,149,0.014434533193707466
gp_latent_0,150,0.055705178529024124
gp_latent_0,151,0.005131214391440153
gp_latent_0,152,-0.023340163752436638
gp_latent_0,153,0.011791541241109371
gp_latent_0,154,-0.027020307257771492
gp_latent_0,155,-0.028050053864717484
gp_latent_0,156,-0.014891465194523335
gp_latent_0,157,-0.012978713028132915
gp_latent_0,158,-0.017223233357071877
gp_latent_0,159,0.010845642536878586
gp_latent_0,160,-0.02136596292257309
gp_latent_0,161,-0.004163614474236965
gp_latent_0,162,0.03103538043797016
gp_latent_0,163,0.037338271737098694
gp_latent_0,164,0.016888342797756195
gp_latent_0,165,0.022628873586654663
gp_latent_0,166,-0.005423896014690399
gp_latent_0,167,0.009938141331076622
gp_latent_0,168,-0.04625065624713898
gp_latent_0,169,-0.004417582415044308
gp_latent_0,170,-0.03830141946673393
gp_latent_0,171,-0.009942471981048584
gp_latent_0,172,0.007823902182281017
gp_latent_0,173,-0.007431618869304657
gp_latent_0,174,-0.010381904430687428
gp_latent_0,175,-0.00291601219214499
gp_latent_0,176,-0.007927820086479187
gp_latent_0,177,-0.01076284609735012
gp_latent_0,178,0.004882853478193283
gp_latent_0,179,0.028261559084057808
gp_latent_0,180,-0.003983500879257917
gp_latent_0,181,0.021707499399781227
gp_latent_0,182,0.032232630997896194
gp_latent_0,183,0.0037006244529038668
gp_latent_0,184,-0.00046319421380758286
gp_latent_0,185,-0.007945874705910683
gp_latent_0,186,0.006665960885584354
gp_latent_0,187,-0.0029415120370686054
gp_latent_0,188,0.010183311998844147
gp_latent_0,189,0.001398312859237194
gp_latent_0,190,0.039207376539707184
gp_latent_0,191,-0.005244572646915913
gp_latent_0,192,0.005682263523340225
gp_latent_0,193,0.02121235616505146
gp_latent_0,194,-0.009203294292092323
gp_latent_0,195,0.03716520592570305
gp_latent_0,196,0.029068294912576675
gp_latent_0,197,0.0008365113753825426
gp_latent_0,198,0.021140113472938538
gp_latent_0,199,0.008862902410328388
gp_latent_0,200,0.008281949907541275
gp_latent_0,201,-0.005422714166343212
gp_latent_0,202,0.04458695277571678
gp_latent_0,203,-0.00045341113582253456
gp_latent_0,204,0.015969201922416687
gp_latent_0,205,-0.00011552125215530396
gp_latent_0,206,0.06014062091708183
gp_latent_0,207,0.03881070762872696
gp_latent_0,208,0.010906667448580265
gp_latent_0,209,0.011892138049006462
gp_latent_0,210,-0.02244703471660614
gp_latent_0,211,-0.048122867941856384
gp_latent_0,212,-0.012468954548239708
gp_latent_0,213,-0.028394386172294617
gp_latent_0,214,-0.01109047420322895
gp_latent_0,215,0.02499815821647644
gp_latent_0,216,-0.0317053496837616
gp_latent_0,217,0.009334495291113853
gp_latent_0,218,-0.017976172268390656
gp_latent_0,219,0.009211981669068336
gp_latent_0,220,0.005844473838806152
gp_latent_0,221,0.048929039388895035
gp_latent_0,222,0.030273349955677986
gp_latent_0,223,-0.016892578452825546
gp_latent_0,224,0.017819013446569443
gp_latent_0,225,0.010012319311499596
gp_latent_0,226,0.0011544106528162956
gp_latent_0,227,-0.05365035682916641
gp_latent_0,228,0.006208083592355251
gp_latent_0,229,-0.019710421562194824
gp_latent_0,230,0.03659602254629135
gp_latent_0,231,0.015257199294865131
gp_latent_0,232,-0.04598277807235718
gp_latent_0,233,-0.033163510262966156
gp_latent_0,234,0.01775341108441353
gp_latent_0,235,-0.03323415666818619
gp_latent_0,236,0.0004220404662191868
gp_latent_0,237,0.036036476492881775
gp_latent_0,238,0.057599760591983795
gp_latent_0,239,0.002401513047516346
gp_latent_0,240,0.042324863374233246
gp_latent_0,241,0.02595822885632515
gp_latent_0,242,0.006569302175194025
gp_latent_0,243,-0.0347575843334198
gp_latent_0,244,-0.04237087070941925
gp_latent_0,245,-0.026357240974903107
gp_latent_0,246,0.033190399408340454
gp_latent_0,247,0.03033689223229885
gp_latent_0,248,-0.0019244635477662086
gp_latent_0,249,-0.006992695853114128
gp_latent_0,250,0.017607111483812332
gp_latent_0,251,-0.0008474374189972878
gp_latent_0,252,0.00477665476500988
gp_latent_0,253,-0.03746742010116577
gp_latent_0,254,-0.007266663946211338
gp_latent_0,255,-0.02977265976369381
gp_latent_0,256,0.006036404054611921
gp_latent_0,257,0.021446067839860916
gp_latent_0,258,-0.0004241657443344593
gp_latent_0,259,0.016512412577867508
gp_latent_0,260,0.015902291983366013
gp_latent_0,261,0.0022190818563103676
gp_latent_0,262,0.0058313896879553795
gp_latent_0,263,0.013092659413814545
gp_latent_0,264,-0.022089505568146706
gp_latent_0,265,0.029259268194437027
gp_latent_0,266,0.024712558835744858
gp_latent_0,267,0.020115960389375687
gp_latent_0,268,-0.017850574105978012
gp_latent_0,269,-0.02136193960905075
gp_latent_0,270,-0.03549954295158386
gp_latent_0,271,-0.02324148267507553
gp_latent_0,272,0.005535590462386608
gp_latent_0,273,-0.029578791931271553
gp_latent_0,274,-0.012660900130867958
gp_latent_0,275,-0.0018880884163081646
gp_latent_0,276,-0.0034805797040462494
gp_latent_0,277,-0.015378371812403202
gp_latent_0,278,-0.00451703043654561
gp_latent_0,279,-0.06764250248670578
gp_latent_0,280,0.010888729244470596
gp_latent_0,281,0.01303250901401043
gp_latent_0,282,-0.02816094644367695
gp_latent_0,283,-0.029766973108053207
gp_latent_0,284,0.014056142419576645
gp_latent_0,285,0.017900582402944565
gp_latent_0,286,-0.017604302614927292
gp_latent_0,287,0.05373329296708107
gp_latent_0,288,-0.018253929913043976
gp_latent_0,289,0.023823969066143036
gp_latent_0,290,0.012066667899489403
gp_latent_0,291,-0.010676639154553413
gp_latent_0,292,-0.01139606349170208
gp_latent_0,293,-0.014613740146160126
gp_latent_0,294,0.0032273908145725727
gp_latent_0,295,0.009832162410020828
gp_latent_0,296,-0.0036664949730038643
gp_latent_0,297,-0.0017832198645919561
gp_latent_0,298,-0.012345381081104279
gp_latent_0,299,0.0010001261252909899
gp_latent_0,300,-0.01677589677274227
gp_latent_0,301,0.0006296946667134762
gp_latent_0,302,-0.021585144102573395
gp_latent_0,303,-0.04973648115992546
gp_latent_0,304,-0.0030632694251835346
gp_latent_0,305,0.003092764411121607
gp_latent_0,306,-0.021198682487010956
gp_latent_0,307,-0.0436827577650547
gp_latent_0,308,-0.03379984572529793
gp_latent_0,309,-0.020346811041235924
gp_latent_0,310,-0.025692977011203766
gp_latent_0,311,0.009862298145890236
gp_latent_0,312,-0.04342542961239815
gp_latent_0,313,-0.04067288339138031
gp_latent_0,314,0.010147841647267342
gp_latent_0,315,-0.006767677143216133
gp_latent_0,316,-0.027641041204333305
gp_latent_0,317,0.017784185707569122
gp_latent_0,318,-0.005922218784689903
gp_latent_0,319,0.006012811791151762
gp_latent_0,320,0.0038559078238904476
gp_latent_0,321,-0.015037746168673038
gp_latent_0,322,-0.014245731756091118
gp_latent_0,323,0.001797351287677884
gp_latent_0,324,-0.017984796315431595
gp_latent_0,325,0.005243970081210136
gp_latent_0,326,-0.013187753967940807
gp_latent_0,327,-0.010916398838162422
gp_latent_0,328,-0.039073843508958817
gp_latent_0,329,-0.003140007611364126
gp_latent_0,330,0.010563977062702179
gp_latent_0,331,0.0022038458846509457
gp_latent_0,332,0.0457552894949913
gp_latent_0,333,0.026390913873910904
gp_latent_0,334,0.01154580432921648
gp_latent_0,335,0.004914513323456049
gp_latent_0,336,-0.001041941111907363
gp_latent_0,337,0.03088381513953209
gp_latent_0,338,-0.021425023674964905
gp_latent_0,339,0.028356628492474556
gp_latent_0,340,-0.0145599115639925
gp_latent_0,341,0.049825798720121384
gp_latent_0,342,-0.031196698546409607
gp_latent_0,343,0.030333690345287323
gp_latent_0,344,-0.014618352055549622
gp_latent_0,345,-0.00883887242525816
gp_latent_0,346,-0.008096471428871155
gp_latent_0,347,0.001466213958337903
gp_latent_0,348,0.015910426154732704
gp_latent_0,349,-0.029097501188516617
gp_latent_0,350,-0.02688637189567089
gp_latent_0,351,0.00044485798571258783
gp_latent_0,352,0.026570575311779976
gp_latent_0,353,0.03317547217011452
gp_latent_0,354,-0.017671529203653336
gp_latent_0,355,-0.009037680923938751
gp_latent_0,356,0.0345129631459713
gp_latent_0,357,0.011759783141314983
gp_latent_0,358,0.01319289393723011
gp_latent_0,359,0.010251224972307682
gp_latent_0,360,-0.01792614907026291
gp_latent_0,361,-0.0019217589870095253
gp_latent_0,362,-0.003819430712610483
gp_latent_0,363,-0.015679694712162018
gp_latent_0,364,0.02039998769760132
gp_latent_0,365,0.044422850012779236
gp_latent_0,366,-0.01592431776225567
gp_latent_0,367,-0.008916923776268959
gp_latent_0,368,0.01302371732890606
gp_latent_0,369,-0.00013895006850361824
gp_latent_0,370,-0.029031438753008842
gp_latent_0,371,0.04700543358922005
gp_latent_0,372,0.026874583214521408
gp_latent_0,373,0.00871481467038393
gp_latent_0,374,0.008647769689559937
gp_latent_0,375,-0.005066272336989641
gp_latent_0,376,0.018681077286601067
gp_latent_0,377,-0.028729408979415894
gp_latent_0,378,-0.040489960461854935
gp_latent_0,379,0.007010919041931629
gp_latent_0,380,0.005797295831143856
gp_latent_0,381,0.0019380187150090933
gp_latent_0,382,0.0028142244555056095
gp_latent_0,383,0.056573498994112015
gp_latent_0,384,0.022056926041841507
gp_latent_0,385,-0.027467040345072746
gp_latent_0,386,0.00892925076186657
gp_latent_0,387,-0.008522233925759792
gp_latent_0,388,0.010769455693662167
gp_latent_0,389,-0.03661450371146202
gp_latent_0,390,-0.0056890458799898624
gp_latent_0,391,-0.007187778130173683
gp_latent_0,392,0.017359191551804543
gp_latent_0,393,-0.026826096698641777
gp_latent_0,394,-0.005857909098267555
gp_latent_0,395,0.004181603901088238
gp_latent_0,396,0.035913340747356415
gp_latent_0,397,-0.0021275097969919443
gp_latent_0,398,-0.020614268258213997
gp_latent_0,399,0.02213277295231819
gp_latent_0,400,-0.0013312720693647861
gp_latent_0,401,0.0006257336353883147
gp_latent_0,402,0.0037706908769905567
gp_latent_0,403,0.0009477398125454783
gp_latent_0,404,0.010682283900678158
gp_latent_0,405,-0.033246107399463654
gp_latent_0,406,0.00044213817454874516
gp_latent_0,407,0.002907507587224245
gp_latent_0,408,0.00749578233808279
gp_latent_0,409,-0.004922190681099892
gp_latent_0,410,0.013235322199761868
gp_latent_0,411,-0.0024964557960629463
gp_latent_0,412,0.03202904760837555
gp_latent_0,413,-0.057000719010829926
gp_latent_0,414,-0.025048892945051193
gp_latent_0,415,-0.007539740763604641
gp_latent_0,416,0.01764378696680069
gp_latent_0,417,-0.009994873777031898
gp_latent_0,418,0.02270335704088211
gp_latent_0,419,0.004349863156676292
gp_latent_0,420,-0.0024829728063195944
gp_latent_0,421,-0.03814975544810295
gp_latent_0,422,0.00042147678323090076
gp_latent_0,423,-0.002287193201482296
gp_latent_0,424,0.002917736768722534
gp_latent_0,425,0.011400125920772552
gp_latent_0,426,0.004545227624475956
gp_latent_0,427,-0.02479717507958412
gp_latent_0,428,-0.010493271984159946
gp_latent_0,429,0.018192937597632408
gp_latent_0,430,0.04790252447128296
gp_latent_0,431,0.02608439140021801
gp_latent_0,432,0.0058728549629449844
gp_latent_0,433,0.012463186867535114
gp_latent_0,434,0.010414844378829002
gp_latent_0,435,0.021697035059332848
gp_latent_0,436,-0.014254720881581306
gp_latent_0,437,-0.019679013639688492
gp_latent_0,438,-0.027750957757234573
gp_latent_0,439,0.023115038871765137
gp_latent_0,440,0.06092443689703941
gp_latent_0,441,0.03366681560873985
gp_latent_0,442,0.029971152544021606
gp_latent_0,443,0.03908831626176834
gp_latent_0,444,-0.0012193045113235712
gp_latent_0,445,0.06215367093682289
gp_latent_0,446,0.027108004316687584
gp_latent_0,447,0.011709165759384632
gp_latent_0,448,0.03870835900306702
gp_latent_0,449,-7.6360534876585e-05
gp_latent_0,450,0.01365796010941267
gp_latent_0,451,0.029292771592736244
gp_latent_0,452,-0.0038257092237472534
gp_latent_0,453,0.029297584667801857
gp_latent_0,454,0.03863638639450073
gp_latent_0,455,0.00407306756824255
gp_latent_0,456,0.012159189209342003
gp_latent_0,457,0.007760912179946899
gp_latent_0,458,-0.0051592690870165825
gp_latent_0,459,0.006962182000279427
gp_latent_0,460,-0.040554456412792206
gp_latent_0,461,-0.015376999042928219
gp_latent_0,462,0.02471870183944702
gp_latent_0,463,-0.019867440685629845
gp_latent_0,464,0.014078408479690552
gp_latent_0,465,-0.006044753827154636
gp_latent_0,466,0.021050259470939636
gp_latent_0,467,0.01615440472960472
gp_latent_0,468,0.02470417693257332
gp_latent_0,469,-0.019224276766180992
gp_latent_0,470,-0.01761145517230034
gp_latent_0,471,0.023901717737317085
gp_latent_0,472,0.04654964804649353
gp_latent_0,473,0.028423231095075607
gp_latent_0,474,-0.003180636093020439
gp_latent_0,475,0.017628051340579987
gp_latent_0,476,0.06461694836616516
gp_latent_0,477,0.03677157312631607
gp_latent_0,478,-0.0428134985268116
gp_latent_0,479,0.0019786821212619543
gp_latent_0,480,0.0004489745479077101
gp_latent_0,481,0.05281108245253563
gp_latent_0,482,0.01693570986390114
gp_latent_0,483,0.05034756287932396
gp_latent_0,484,0.037532739341259
gp_latent_0,485,0.055046696215867996
gp_latent_0,486,0.03090379759669304
gp_latent_0,487,0.011852141469717026
gp_latent_0,488,-0.024765383452177048
gp_latent_0,489,0.04057027027010918
gp_latent_0,490,0.030282823368906975
gp_latent_0,491,0.019633278250694275
gp_latent_0,492,0.011124060489237309
gp_latent_0,493,0.003911414183676243
gp_latent_0,494,0.02624388039112091
gp_latent_0,495,0.016277020797133446
gp_latent_0,496,0.011663493700325489
gp_latent_0,497,-0.009344849735498428
gp_latent_0,498,0.014254944398999214
gp_latent_0,499,0.001849024323746562
gp_latent_0,500,0.027474330738186836
gp_latent_0,501,0.019028449431061745
gp_latent_0,502,0.018959378823637962
gp_latent_0,503,0.017193157225847244
gp_latent_0,504,-0.017836593091487885
gp_latent_0,505,-0.00696126464754343
gp_latent_0,506,0.009820719249546528
gp_latent_0,507,0.02005085162818432
gp_latent_0,508,0.01940462365746498
gp_latent_0,509,0.018146097660064697
gp_latent_0,510,-0.007624810561537743
gp_latent_0,511,-0.010511851869523525
gp_latent_0,512,-0.016559770330786705
gp_latent_0,513,0.007617063820362091
gp_latent_0,514,0.014352193102240562
gp_latent_0,515,0.013142010197043419
gp_latent_0,516,-0.0549294576048851
gp_latent_0,517,-0.06641913205385208
gp_latent_0,518,-0.04839542508125305
gp_latent_0,519,-0.05580047890543938
gp_latent_0,520,-0.02204059436917305
gp_latent_0,521,-0.019470684230327606
gp_latent_0,522,-0.06838097423315048
gp_latent_0,523,-0.026641275733709335
gp_latent_0,524,-0.013482898473739624
gp_latent_0,525,-0.00452201534062624
gp_latent_0,526,-0.027706660330295563
gp_latent_0,527,-0.06410393863916397
gp_latent_0,528,-0.040534984320402145
gp_latent_0,529,-0.05518758296966553
gp_latent_0,530,0.03773476183414459
gp_latent_0,531,0.06197788193821907
gp_latent_0,532,0.04533746838569641
gp_latent_0,533,-0.02024270035326481
gp_latent_0,534,-0.02260546013712883
gp_latent_0,535,-0.024376390501856804
gp_latent_0,536,-0.04411034658551216
gp_latent_0,537,-0.007559479679912329
gp_latent_0,538,0.015925874933600426
gp_latent_0,539,0.008375858888030052
gp_latent_0,540,0.011347196996212006
gp_latent_0,541,0.05926905944943428
gp_latent_0,542,0.05461347848176956
gp_latent_0,543,0.048447176814079285
gp_latent_0,544,-0.06237485259771347
gp_latent_0,545,-0.04174605756998062
gp_latent_0,546,-0.05087815225124359
gp_latent_0,547,-0.056961629539728165
gp_latent_0,548,-0.027433406561613083
gp_latent_0,549,-0.047300226986408234
gp_latent_0,550,-0.038326237350702286
gp_latent_0,551,0.0008756143506616354
gp_latent_0,552,-0.007199502550065517
gp_latent_0,553,-0.007371661253273487
gp_latent_0,554,-0.061034493148326874
gp_latent_0,555,-0.04630435258150101
gp_latent_0,556,-0.046578455716371536
gp_latent_0,557,-0.05594605952501297
gp_latent_0,558,-0.04765702039003372
gp_latent_0,559,-0.05319651588797569
gp_latent_0,560,-0.05406761169433594
gp_latent_0,561,-0.0701848492026329
gp_latent_0,562,-0.05781299248337746
gp_latent_0,563,-0.057887692004442215
gp_latent_0,564,-0.05498392879962921
gp_latent_0,565,-0.06590893864631653
gp_latent_0,566,-0.05497576668858528
gp_latent_0,567,-0.05268198251724243
gp_latent_0,568,-0.0560116320848465
gp_latent_0,569,-0.0573030523955822
gp_latent_0,570,-0.0686618983745575
gp_latent_0,571,-0.06623303890228271
gp_latent_0,572,-0.06043258681893349
gp_latent_0,573,-0.04938915744423866
gp_latent_0,574,-0.05314692482352257
gp_latent_0,575,0.032398954033851624
gp_latent_0,576,0.043370965868234634
gp_latent_0,577,0.02933434396982193
gp_latent_0,578,0.057691752910614014
gp_latent_0,579,0.04551996290683746
gp_latent_0,580,0.03228982537984848
gp_latent_0,581,-0.017907584086060524
gp_latent_0,582,-0.007146067451685667
gp_latent_0,583,-0.03519856929779053
gp_latent_0,584,-0.044770702719688416
gp_latent_0,585,-0.01446892973035574
gp_latent_0,586,-0.048559170216321945
gp_latent_0,587,-0.042951375246047974
gp_latent_0,588,-0.0696503221988678
gp_latent_0,589,-0.010478357784450054
gp_latent_0,590,0.05535385385155678
gp_latent_0,591,-0.060543689876794815
gp_latent_0,592,0.03109636902809143
gp_latent_0,593,-0.05719466134905815
gp_latent_0,594,-0.05875549465417862
gp_latent_0,595,0.008917063474655151
gp_latent_0,596,-0.037253472954034805
gp_latent_0,597,-0.04168575629591942
gp_latent_0,598,-0.045717500150203705
gp_latent_0,599,-0.04853476956486702
gp_latent_0,600,-0.05406085029244423
gp_latent_0,601,-0.027483034878969193
gp_latent_0,602,0.01914280280470848
gp_latent_0,603,0.002862305846065283
gp_latent_0,604,0.03578094765543938
gp_latent_0,605,0.008636786602437496
gp_latent_0,606,0.030105505138635635
gp_latent_0,607,0.02037014625966549
gp_latent_0,608,0.02775113470852375
gp_latent_0,609,0.03047124296426773
gp_latent_0,610,0.02042619325220585
gp_latent_0,611,0.019732022657990456
gp_latent_0,612,-0.062427300959825516
gp_latent_0,613,-0.04734184220433235
gp_latent_0,614,-0.03442816436290741
gp_latent_0,615,-0.024788029491901398
gp_latent_0,616,-0.030991310253739357
gp_latent_0,617,-0.03579491376876831
gp_latent_0,618,-0.006950110197067261
gp_latent_0,619,-0.01429643016308546
gp_latent_0,620,-0.010285917669534683
gp_latent_0,621,0.004056921694427729
gp_latent_0,622,-0.0011902216356247663
gp_latent_0,623,-0.0010747136548161507
gp_latent_0,624,-0.04906685650348663
gp_latent_0,625,0.017125850543379784
gp_latent_0,626,0.00691973464563489
gp_latent_0,627,0.02779400534927845
gp_latent_0,628,-0.04974532127380371
gp_latent_0,629,0.02239907905459404
gp_latent_0,630,0.000487462617456913
gp_latent_0,631,-0.02092973329126835
gp_latent_0,632,-0.01595323346555233
gp_latent_0,633,0.04994659870862961
gp_latent_0,634,-0.03319338709115982
gp_latent_0,635,-0.058037858456373215
gp_latent_0,636,-0.05300727114081383
gp_latent_0,637,-0.0482790470123291
gp_latent_0,638,-0.06397642940282822
gp_latent_0,639,0.0026291152462363243
gp_latent_0,640,-0.049505531787872314
gp_latent_0,641,0.031059062108397484
gp_latent_0,642,-0.02098265290260315
gp_latent_0,643,-0.04408697038888931
gp_latent_0,644,-0.026125427335500717
gp_latent_0,645,-0.025653675198554993
gp_latent_0,646,-0.04668593779206276
gp_latent_0,647,-0.020651625469326973
gp_latent_0,648,0.016222888603806496
gp_latent_0,649,0.02510772831737995
gp_latent_0,650,0.02694901078939438
gp_latent_0,651,0.03554506227374077
gp_latent_0,652,0.01533185038715601
gp_latent_0,653,0.0013528240378946066
gp_latent_0,654,0.0022353169042617083
gp_latent_0,655,0.028457002714276314
gp_latent_0,656,0.022392122074961662
gp_latent_0,657,0.01720036193728447
gp_latent_0,658,-0.06130264699459076
gp_latent_0,659,-0.045375388115644455
gp_latent_0,660,-0.00851843599230051
gp_latent_0,661,-0.027384648099541664
gp_latent_0,662,-0.03839051350951195
gp_latent_0,663,-0.00806981697678566
gp_latent_0,664,-0.006434675771743059
gp_latent_0,665,-0.043619267642498016
gp_latent_0,666,-0.007428166456520557
gp_latent_0,667,0.03608766943216324
gp_latent_0,668,0.004023653455078602
gp_latent_0,669,-0.03653761371970177
gp_latent_0,670,0.009051823057234287
gp_latent_0,671,0.04239202290773392
gp_latent_0,672,0.06200677156448364
gp_latent_0,673,0.04137684404850006
gp_latent_0,674,-0.04271256551146507
gp_latent_0,675,-0.046952005475759506
gp_latent_0,676,-0.061953067779541016
gp_latent_0,677,-0.031263139098882675
gp_latent_0,678,-0.0054873209446668625
gp_latent_0,679,-0.05310468375682831
gp_latent_0,680,-0.048646919429302216
gp_latent_0,681,-0.055996574461460114
gp_latent_0,682,-0.06355129182338715
gp_latent_0,683,-0.06971584260463715
gp_latent_0,684,-0.04164780676364899
gp_latent_0,685,-0.04324030503630638
gp_latent_0,686,-0.07091108709573746
gp_latent_0,687,-0.04558343440294266
gp_latent_0,688,-0.059766072779893875
gp_latent_0,689,-0.06528211385011673
gp_latent_0,690,0.0004816614091396332
gp_latent_0,691,-0.05717231333255768
gp_latent_0,692,-0.04661405831575394
gp_latent_0,693,0.039437245577573776
gp_latent_0,694,0.029568098485469818
gp_latent_0,695,0.056715354323387146
gp_latent_0,696,0.03637773171067238
gp_latent_0,697,0.03772324323654175
gp_latent_0,698,0.05212936922907829
gp_latent_0,699,0.04355175793170929
gp_latent_0,700,0.039205603301525116
gp_latent_0,701,0.0434386283159256
gp_latent_0,702,0.05734093487262726
gp_latent_0,703,-0.0364544577896595
gp_latent_0,704,-0.052368611097335815
gp_latent_0,705,-0.07157272100448608
gp_latent_0,706,-0.06472860276699066
gp_latent_0,707,-0.06773221492767334
gp_latent_0,708,-0.06608377397060394
gp_latent_0,709,-0.03616315498948097
gp_latent_0,710,-0.03882639482617378
gp_latent_0,711,-0.00434471108019352
gp_latent_0,712,-0.005338246934115887
gp_latent_0,713,-0.008245634846389294
gp_latent_0,714,-0.01724894717335701
gp_latent_0,715,0.0037121446803212166
gp_latent_0,716,-0.03592141717672348
gp_latent_0,717,0.030444158241152763
gp_latent_0,718,0.02236918732523918
gp_latent_0,719,-0.0019453739514574409
gp_latent_0,720,0.004235520493239164
gp_latent_0,721,0.01720760576426983
gp_latent_0,722,0.00876675359904766
gp_latent_0,723,0.028486337512731552
gp_latent_0,724,-0.04259747266769409
gp_latent_0,725,0.0233258418738842
gp_latent_0,726,0.004372066352516413
gp_latent_0,727,-0.011207452975213528
gp_latent_0,728,-0.013066002167761326
gp_latent_0,729,-0.03990703076124191
gp_latent_0,730,0.022385025396943092
gp_latent_0,731,-0.03163895010948181
gp_latent_0,732,-0.0033106349874287844
gp_latent_0,733,-0.049916721880435944
gp_latent_0,734,-0.04831608757376671
gp_latent_0,735,0.036778099834918976
gp_latent_0,736,-0.011646557599306107
gp_latent_0,737,0.009044294245541096
gp_latent_0,738,-0.0072713387198746204
gp_latent_0,739,0.01852356642484665
gp_latent_0,740,-0.04324711859226227
gp_latent_0,741,-0.011216877959668636
gp_latent_0,742,-0.0013878026511520147
gp_latent_0,743,0.02765262871980667
gp_latent_0,744,0.041458532214164734
gp_latent_0,745,-0.06008853390812874
gp_latent_0,746,-0.03460419550538063
gp_latent_0,747,-0.04335549473762512
gp_latent_0,748,0.014415687881410122
gp_latent_0,749,0.02571779675781727
gp_latent_0,750,0.003293244866654277
gp_latent_0,751,0.040327269583940506
gp_latent_0,752,0.03560297191143036
gp_latent_0,753,0.020675769075751305
gp_latent_0,754,-0.010539691895246506
gp_latent_0,755,0.002232210012152791
gp_latent_0,756,0.007503040134906769
gp_latent_0,757,0.03614246845245361
gp_latent_0,758,0.00257318327203393
gp_latent_0,759,0.008255348540842533
gp_latent_0,760,0.04569609835743904
gp_latent_0,761,0.013948081061244011
gp_latent_0,762,-0.034103021025657654
gp_latent_0,763,0.021219395101070404
gp_latent_0,764,0.07072200626134872
gp_latent_0,765,0.02125789411365986
gp_latent_0,766,-0.03360753878951073
gp_latent_0,767,-0.0446074903011322
gp_latent_0,768,0.012817592360079288
gp_latent_0,769,0.04145170375704765
gp_latent_0,770,0.046475186944007874
gp_latent_0,771,0.0037213689647614956
gp_latent_0,772,0.054005254060029984
gp_latent_0,773,0.004881708882749081
gp_latent_0,774,-0.03230351582169533
gp_latent_0,775,-0.04729306325316429
gp_latent_0,776,0.02554328367114067
gp_latent_0,777,0.021469274535775185
gp_latent_0,778,0.030152583494782448
gp_latent_0,779,-0.035387761890888214
gp_latent_0,780,0.005934468470513821
gp_latent_0,781,0.041568636894226074
gp_latent_0,782,0.026323875412344933
gp_latent_0,783,0.049631789326667786
gp_latent_0,784,0.03976955637335777
gp_latent_0,785,-0.010828569531440735
gp_latent_0,786,-0.029006635770201683
gp_latent_0,787,-0.004202886950224638
gp_latent_0,788,-0.007425404619425535
gp_latent_0,789,-0.03121163323521614
gp_latent_0,790,-0.045772306621074677
gp_latent_0,791,-0.023594437167048454
gp_latent_0,792,-0.03154085576534271
gp_latent_0,793,0.029265131801366806
gp_latent_0,794,0.02746933326125145
gp_latent_0,795,-0.03845515474677086
gp_latent_0,796,0.00016086579125840217
gp_latent_0,797,-0.004757480695843697
gp_latent_0,798,-0.009891312569379807
gp_latent_0,799,-0.06459005922079086
gp_latent_0,800,-0.025350118055939674
gp_latent_0,801,0.013442102819681168
gp_latent_0,802,-0.025154562667012215
gp_latent_0,803,0.014782022684812546
gp_latent_0,804,0.04280005395412445
gp_latent_0,805,-0.02780262380838394
gp_latent_0,806,-0.011181498877704144
gp_latent_0,807,0.005990896373987198
gp_latent_0,808,0.02578624337911606
gp_latent_0,809,0.06269356608390808
gp_latent_0,810,0.020136579871177673
gp_latent_0,811,-0.0361725352704525
gp_latent_0,812,-0.039407383650541306
gp_latent_0,813,0.009071937762200832
gp_latent_0,814,-0.059783805161714554
gp_latent_0,815,-0.034193605184555054
gp_latent_0,816,0.0483899861574173
gp_latent_0,817,0.034527555108070374
gp_latent_0,818,0.004229994490742683
gp_latent_0,819,0.06179964169859886
gp_latent_0,820,0.04140804708003998
gp_latent_0,821,0.02442196011543274
gp_latent_0,822,0.022421985864639282
gp_latent_0,823,-0.03391516953706741
gp_latent_0,824,-0.012477975338697433
gp_latent_0,825,0.01050839014351368
gp_latent_0,826,-0.027693498879671097
gp_latent_0,827,-0.012093386612832546
gp_latent_0,828,0.03570149466395378
gp_latent_0,829,0.03271473944187164
gp_latent_0,830,0.00653846375644207
gp_latent_0,831,-0.0027053342200815678
gp_latent_0,832,0.017060162499547005
gp_latent_0,833,0.02107112668454647
gp_latent_0,834,-0.008708173409104347
gp_latent_0,835,0.031161613762378693
gp_latent_0,836,0.016969382762908936
gp_latent_0,837,0.031118493527173996
gp_latent_0,838,0.050727300345897675
gp_latent_0,839,-0.03000178001821041
gp_latent_0,840,0.013835578225553036
gp_latent_0,841,-0.005115152336657047
gp_latent_0,842,0.013096585869789124
gp_latent_0,843,-0.0028219791129231453
gp_latent_0,844,-0.06113589555025101
gp_latent_0,845,-0.019657986238598824
gp_latent_0,846,-0.006289862096309662
gp_latent_0,847,0.005103531759232283
gp_latent_0,848,-0.020818816497921944
gp_latent_0,849,-0.024658724665641785
gp_latent_0,850,0.026747548952698708
gp_latent_0,851,0.05657456815242767
gp_latent_0,852,0.011346302926540375
gp_latent_0,853,0.005954470485448837
gp_latent_0,854,-0.07134847342967987
gp_latent_0,855,-0.07305826991796494
gp_latent_0,856,-0.0055767446756362915
gp_latent_0,857,0.03710554540157318
gp_latent_0,858,0.011868287809193134
gp_latent_0,859,-0.037904173135757446
gp_latent_0,860,-0.03477051854133606
gp_latent_0,861,-0.027057742699980736
gp_latent_0,862,-0.032593611627817154
gp_latent_0,863,-0.03341493010520935
gp_latent_0,864,-0.0035446304827928543
gp_latent_0,865,0.05059037357568741
gp_latent_0,866,0.00607194984331727
gp_latent_0,867,-0.021040823310613632
gp_latent_0,868,0.027713118121027946
gp_latent_0,869,0.00011829799041152
gp_latent_0,870,-0.029456939548254013
gp_latent_0,871,-0.018769240006804466
gp_latent_0,872,0.010850675404071808
gp_latent_0,873,0.022436395287513733
gp_latent_0,874,-0.07460025697946548
gp_latent_0,875,0.042552921921014786
gp_latent_0,876,-0.016208438202738762
gp_latent_0,877,0.044832728803157806
gp_latent_0,878,0.025753870606422424
gp_latent_0,879,-0.0388738289475441
gp_latent_0,880,-0.009909100830554962
gp_latent_0,881,-0.012120988219976425
gp_latent_0,882,0.005980387330055237
gp_latent_0,883,0.014017859473824501
gp_latent_0,884,0.01946788839995861
gp_latent_0,885,0.007445218041539192
gp_latent_0,886,0.005320943892002106
gp_latent_0,887,-0.01567729003727436
gp_latent_0,888,0.0008576889522373676
gp_latent_0,889,0.003437598468735814
gp_latent_0,890,0.03198493644595146
gp_latent_0,891,0.011936544440686703
gp_latent_0,892,0.062095481902360916
gp_latent_0,893,0.06040559336543083
gp_latent_0,894,0.07595989108085632
gp_latent_0,895,0.006167104933410883
gp_latent_0,896,-0.024328287690877914
gp_latent_0,897,-0.022328093647956848
gp_latent_0,898,-0.020213831216096878
gp_latent_0,899,-0.03952818736433983
gp_latent_0,900,-0.02906053140759468
gp_latent_0,901,-0.025766300037503242
gp_latent_0,902,-0.002713278401643038
gp_latent_0,903,0.013179877772927284
gp_latent_0,904,0.008288312703371048
gp_latent_0,905,-7.347599603235722e-05
gp_latent_0,906,-0.0016959274653345346
gp_latent_0,907,0.005409906152635813
gp_latent_0,908,-0.031228244304656982
gp_latent_0,909,-0.03781444579362869
gp_latent_0,910,-0.05119413509964943
gp_latent_0,911,-0.01510837022215128
gp_latent_0,912,-0.022849833592772484
gp_latent_0,913,-0.04289969056844711
gp_latent_0,914,0.003220751415938139
gp_latent_0,915,0.06735046207904816
gp_latent_0,916,-0.04433362931013107
gp_latent_0,917,0.08675361424684525
gp_latent_0,918,-0.002572010736912489
gp_latent_0,919,-0.014995786361396313
gp_latent_0,920,0.012339305132627487
gp_latent_0,921,-0.005909467115998268
gp_latent_0,922,0.02193433605134487
gp_latent_0,923,0.010844389908015728
gp_latent_0,924,-0.03163781389594078
gp_latent_0,925,-0.046077944338321686
gp_latent_0,926,0.009254422970116138
gp_latent_0,927,0.024678774178028107
gp_latent_0,928,-0.00951109267771244
gp_latent_0,929,-0.007769355084747076
gp_latent_0,930,-0.021119052544236183
gp_latent_0,931,-0.0018694004975259304
gp_latent_0,932,-0.037997420877218246
gp_latent_0,933,-0.03452704846858978
gp_latent_0,934,-0.029488423839211464
gp_latent_0,935,-0.027868298813700676
gp_latent_0,936,-0.03185329586267471
gp_latent_0,937,-0.049972400069236755
gp_latent_0,938,-0.019412994384765625
gp_latent_0,939,-0.03295687958598137
gp_latent_0,940,-5.080783739686012e-05
gp_latent_0,941,0.019252441823482513
gp_latent_0,942,0.0196363665163517
gp_latent_0,943,-0.028462562710046768
gp_latent_0,944,-0.03326926380395889
gp_latent_0,945,0.03009292483329773
gp_latent_0,946,0.022463135421276093
gp_latent_0,947,-0.04224540293216705
gp_latent_0,948,-0.025848867371678352
gp_latent_0,949,-0.003237632568925619
gp_latent_1,0,0.05213291943073273
gp_latent_1,1,0.023893311619758606
gp_latent_1,2,-0.056842584162950516
gp_latent_1,3,0.014372420497238636
gp_latent_1,4,0.018730010837316513
gp_latent_1,5,0.010149676352739334
gp_latent_1,6,-0.00214138044975698
gp_latent_1,7,0.008107434958219528
gp_latent_1,8,-0.05840933322906494
gp_latent_1,9,0.01622471772134304
gp_latent_1,10,0.050887029618024826
gp_latent_1,11,-0.006843370385468006
gp_latent_1,12,-0.014127803966403008
gp_latent_1,13,-0.03727048635482788
gp_latent_1,14,-0.03780725598335266
gp_latent_1,15,-0.02668880484998226
gp_latent_1,16,-0.013898721896111965
gp_latent_1,17,0.0011488781310617924
gp_latent_1,18,-0.00217146473005414
gp_latent_1,19,0.01584981009364128
gp_latent_1,20,0.020806439220905304
gp_latent_1,21,-0.06783207505941391
gp_latent_1,22,-0.005632246844470501
gp_latent_1,23,0.03661460056900978
gp_latent_1,24,-0.06429905444383621
gp_latent_1,25,-0.017601992934942245
gp_latent_1,26,0.03030284307897091
gp_latent_1,27,-0.049786780029535294
gp_latent_1,28,0.007541748229414225
gp_latent_1,29,0.017055219039320946
gp_latent_1,30,-0.02076237089931965
gp_latent_1,31,-0.02961656078696251
gp_latent_1,32,0.021812384948134422
gp_latent_1,33,0.013988354243338108
gp_latent_1,34,-0.016298672184348106
gp_latent_1,35,0.005210692062973976
gp_latent_1,36,0.013368451967835426
gp_latent_1,37,-0.007057434879243374
gp_latent_1,38,0.002028395887464285
gp_latent_1,39,0.007117520552128553
gp_latent_1,40,0.02899802289903164
gp_latent_1,41,0.02411000058054924
gp_latent_1,42,-0.009522944688796997
gp_latent_1,43,0.0056135933846235275
gp_latent_1,44,0.0182172954082489
gp_latent_1,45,-0.004913522396236658
gp_latent_1,46,-0.019717860966920853
gp_latent_1,47,0.0014594460371881723
gp_latent_1,48,-0.0007087136618793011
gp_latent_1,49,-0.034889474511146545
gp_latent_1,50,-0.011125948280096054
gp_latent_1,51,0.0023347162641584873
gp_latent_1,52,0.01583494432270527
gp_latent_1,53,-0.009234982542693615
gp_latent_1,54,0.0018017665715888143
gp_latent_1,55,0.056451693177223206
gp_latent_1,56,0.03760446608066559
gp_latent_1,57,0.02400609664618969
gp_latent_1,58,0.012629163451492786
gp_latent_1,59,8.548074401915073e-05
gp_latent_1,60,0.0361328125
gp_latent_1,61,0.014896946027874947
gp_latent_1,62,-0.012990858405828476
gp_latent_1,63,-0.03352532535791397
gp_latent_1,64,-0.017663847655057907
gp_latent_1,65,0.033991552889347076
gp_latent_1,66,0.02817058190703392
gp_latent_1,67,0.04205077886581421
gp_latent_1,68,-0.014706991612911224
gp_latent_1,69,0.01774141564965248
gp_latent_1,70,0.022982124239206314
gp_latent_1,71,0.0918688029050827
gp_latent_1,72,0.03459244966506958
gp_latent_1,73,0.03227456286549568
gp_latent_1,74,0.0666576400399208
gp_latent_1,75,0.06013887748122215
gp_latent_1,76,0.07137202471494675
gp_latent_1,77,0.07404626160860062
gp_latent_1,78,0.0498831570148468
gp_latent_1,79,-0.0028618487995117903
gp_latent_1,80,0.06026915833353996
gp_latent_1,81,0.01745324581861496
gp_latent_1,82,0.04121490940451622
gp_latent_1,83,-0.013251956552267075
gp_latent_1,84,0.024898601695895195
gp_latent_1,85,0.011444094590842724
gp_latent_1,86,0.01335350051522255
gp_latent_1,87,0.07637858390808105
gp_latent_1,88,-0.012026301585137844
gp_latent_1,89,0.024686595425009727
gp_latent_1,90,0.007747174706310034
gp_latent_1,91,0.01301582157611847
gp_latent_1,92,-0.037192437797784805
gp_latent_1,93,0.03136754035949707
gp_latent_1,94,0.0009064087644219398
gp_latent_1,95,0.0010064009111374617
gp_latent_1,96,0.012455149553716183
gp_latent_1,97,0.017545633018016815
gp_latent_1,98,0.019289707764983177
gp_latent_1,99,-0.00303946016356349
gp_latent_1,100,0.017190176993608475
gp_latent_1,101,0.03223636373877525
gp_latent_1,102,0.008891012519598007
gp_latent_1,103,0.012623338028788567
gp_latent_1,104,-0.0016245348379015923
gp_latent_1,105,0.007578421384096146
gp_latent_1,106,0.015117496252059937
gp_latent_1,107,-0.0013956762850284576
gp_latent_1,108,0.013694042339920998
gp_latent_1,109,0.02807636745274067
gp_latent_1,110,0.02850920706987381
gp_latent_1,111,0.013502242043614388
gp_latent_1,112,0.04060134291648865
gp_latent_1,113,0.007002196274697781
gp_latent_1,114,-0.0034025462809950113
gp_latent_1,115,0.0018630183767527342
gp_latent_1,116,-0.012289874255657196
gp_latent_1,117,0.009347392246127129
gp_latent_1,118,-0.013106342405080795
gp_latent_1,119,-0.010286831296980381
gp_latent_1,120,0.023960791528224945
gp_latent_1,121,0.03962497413158417
gp_latent_1,122,0.010431008413434029
gp_latent_1,123,0.02857900597155094
gp_latent_1,124,-0.032451730221509933
gp_latent_1,125,0.015497622080147266
gp_latent_1,126,0.0024271165020763874
gp_latent_1,127,0.019745217636227608
gp_latent_1,128,0.005819601472467184
gp_latent_1,129,0.010592056438326836
gp_latent_1,130,-0.03624285012483597
gp_latent_1,131,0.006160353310406208
gp_latent_1,132,-0.0158687774091959
gp_latent_1,133,0.0036552702076733112
gp_latent_1,134,0.06295566260814667
gp_latent_1,135,0.0710965096950531
gp_latent_1,136,0.008664030581712723
gp_latent_1,137,-0.028967492282390594
gp_latent_1,138,-0.017475051805377007
gp_latent_1,139,-0.020565425977110863
gp_latent_1,140,-0.016958395019173622
gp_latent_1,141,0.003155962098389864
gp_latent_1,142,0.018868710845708847
gp_latent_1,143,-0.004675374366343021
gp_latent_1,144,0.06663404405117035
gp_latent_1,145,-0.000966239720582962
gp_latent_1,146,0.002730543725192547
gp_latent_1,147,-0.0013573886826634407
gp_latent_1,148,0.024073606356978416
gp_latent_1,149,-0.0070699891075491905
gp_latent_1,150,-0.02674306556582451
gp_latent_1,151,0.06457794457674026
gp_latent_1,152,-0.014735651202499866
gp_latent_1,153,0.011243138462305069
gp_latent_1,154,0.06835424154996872
gp_latent_1,155,0.08277231454849243
gp_latent_1,156,-0.007811363786458969
gp_latent_1,157,0.008136230520904064
gp_latent_1,158,0.04369635507464409
gp_latent_1,159,-0.0432412214577198
gp_latent_1,160,0.010038306936621666
gp_latent_1,161,-0.009834172204136848
gp_latent_1,162,-0.03392702341079712
gp_latent_1,163,-0.02562524750828743
gp_latent_1,164,0.007745936047285795
gp_latent_1,165,-0.006869246251881123
gp_latent_1,166,0.0010755999246612191
gp_latent_1,167,-0.01455779280513525
gp_latent_1,168,-0.008735359646379948
gp_latent_1,169,0.01644817739725113
gp_latent_1,170,0.00413178838789463
gp_latent_1,171,0.018285144120454788
gp_latent_1,172,0.019300688058137894
gp_latent_1,173,0.011450634337961674
gp_latent_1,174,0.08402786403894424
gp_latent_1,175,-0.018681997433304787
gp_latent_1,176,0.05291552096605301
gp_latent_1,177,0.015232603996992111
gp_latent_1,178,-0.015109812840819359
gp_latent_1,179,-0.005934735294431448
gp_latent_1,180,0.04885520413517952
gp_latent_1,181,0.01929732784628868
gp_latent_1,182,0.01389051228761673
gp_latent_1,183,0.009621404111385345
gp_latent_1,184,0.005490952171385288
gp_latent_1,185,-0.012635129503905773
gp_latent_1,186,0.024376126006245613
gp_latent_1,187,0.08307318389415741
gp_latent_1,188,-0.010215656831860542
gp_latent_1,189,-0.018276236951351166
gp_latent_1,190,-0.04880202189087868
gp_latent_1,191,-0.023054681718349457
gp_latent_1,192,-0.008923329412937164
gp_latent_1,193,-0.0004855587612837553
gp_latent_1,194,-0.0002361615188419819
gp_latent_1,195,0.03157941251993179
gp_latent_1,196,-0.05049331486225128
gp_latent_1,197,0.012721280567348003
gp_latent_1,198,0.021076936274766922
gp_latent_1,199,0.01586313731968403
gp_latent_1,200,0.08082489669322968
gp_latent_1,201,-0.03123164176940918
gp_latent_1,202,-0.014520678669214249
gp_latent_1,203,0.025290047749876976
gp_latent_1,204,0.01422074530273676
gp_latent_1,205,0.0008032503537833691
gp_latent_1,206,-0.0034030345268547535
gp_latent_1,207,0.027825523167848587
gp_latent_1,208,0.004556487314403057
gp_latent_1,209,0.03144006431102753
gp_latent_1,210,-0.08424672484397888
gp_latent_1,211,0.10465391725301743
gp_latent_1,212,-0.003228274406865239
gp_latent_1,213,-0.0005547355976887047
gp_latent_1,214,-0.09332418441772461
gp_latent_1,215,-0.02373778447508812
gp_latent_1,216,-0.06371333450078964
gp_latent_1,217,0.08037937432527542
gp_latent_1,218,-0.005318178329616785
gp_latent_1,219,-0.026901114732027054
gp_latent_1,220,-0.021970199421048164
gp_latent_1,221,0.03528881445527077
gp_latent_1,222,0.0025060989428311586
gp_latent_1,223,-0.01780693791806698
gp_latent_1,224,-0.000906349450815469
gp_latent_1,225,-0.0037906409706920385
gp_latent_1,226,0.025417516008019447
gp_latent_1,227,-0.008663628250360489
gp_latent_1,228,-0.03173649683594704
gp_latent_1,229,0.022870846092700958
gp_latent_1,230,0.012051597237586975
gp_latent_1,231,0.018361086025834084
gp_latent_1,232,0.08632193505764008
gp_latent_1,233,0.09240733832120895
gp_latent_1,234,0.019558124244213104
gp_latent_1,235,0.007695487700402737
gp_latent_1,236,0.0001716663537081331
gp_latent_1,237,0.005090231541544199
gp_latent_1,238,0.03427809104323387
gp_latent_1,239,0.009681377559900284
gp_latent_1,240,-0.0005062846466898918
gp_latent_1,241,-0.021201204508543015
gp_latent_1,242,-0.0011003036051988602
gp_latent_1,243,0.030865779146552086
gp_latent_1,244,0.04028836265206337
gp_latent_1,245,0.054538145661354065
gp_latent_1,246,-0.024165770038962364
gp_latent_1,247,0.01438254676759243
gp_latent_1,248,-0.030391940847039223
gp_latent_1,249,-0.0006447273772209883
gp_latent_1,250,-0.006712768226861954
gp_latent_1,251,0.013590715825557709
gp_latent_1,252,0.00012217974290251732
gp_latent_1,253,0.011242232285439968
gp_latent_1,254,-0.013178814202547073
gp_latent_1,255,0.018636668100953102
gp_latent_1,256,0.005854081828147173
gp_latent_1,257,0.01665472239255905
gp_latent_1,258,0.02946370095014572
gp_latent_1,259,-0.0023199431598186493
gp_latent_1,260,0.007037497125566006
gp_latent_1,261,-0.027215011417865753
gp_latent_1,262,0.016214856877923012
gp_latent_1,263,-0.020556442439556122
gp_latent_1,264,-0.07610046863555908
gp_latent_1,265,0.015290124341845512
gp_latent_1,266,0.004876023158431053
gp_latent_1,267,0.02316422201693058
gp_latent_1,268,0.040922995656728745
gp_latent_1,269,-0.03236846625804901
gp_latent_1,270,0.04693534970283508
gp_latent_1,271,0.0075437696650624275
gp_latent_1,272,0.017530974000692368
gp_latent_1,273,-0.07700147479772568
gp_latent_1,274,0.022946875542402267
gp_latent_1,275,-0.011492487043142319
gp_latent_1,276,-0.0029332656413316727
gp_latent_1,277,-0.01931888237595558
gp_latent_1,278,0.029025988653302193
gp_latent_1,279,-0.08125189691781998
gp_latent_1,280,-0.026404788717627525
gp_latent_1,281,-0.0017864704132080078
gp_latent_1,282,0.01198633760213852
gp_latent_1,283,-0.046866558492183685
gp_latent_1,284,-0.07109029591083527
gp_latent_1,285,-0.05077090859413147
gp_latent_1,286,0.005016191862523556
gp_latent_1,287,0.00028577199555002153
gp_latent_1,288,-0.01876789517700672
gp_latent_1,289,0.00815660785883665
gp_latent_1,290,0.005940517410635948
gp_latent_1,291,-0.06362893432378769
gp_latent_1,292,-0.085642971098423
gp_latent_1,293,0.012621807865798473
gp_latent_1,294,-0.01102109719067812
gp_latent_1,295,0.022783605381846428
gp_latent_1,296,-0.056838180869817734
gp_latent_1,297,-0.06286637485027313
gp_latent_1,298,0.03001958318054676
gp_latent_1,299,0.018453281372785568
gp_latent_1,300,0.016357313841581345
gp_latent_1,301,0.00679008150473237
gp_latent_1,302,0.023766258731484413
gp_latent_1,303,-0.00032694917172193527
gp_latent_1,304,-0.030133236199617386
gp_latent_1,305,-0.001894013024866581
gp_latent_1,306,0.016910701990127563
gp_latent_1,307,-0.04282815009355545
gp_latent_1,308,0.06644827872514725
gp_latent_1,309,0.008791420608758926
gp_latent_1,310,-0.09190210700035095
gp_latent_1,311,0.0014836539048701525
gp_latent_1,312,0.01601642183959484
gp_latent_1,313,0.0091736214235425
gp_latent_1,314,-0.018428180366754532
gp_latent_1,315,-0.05984116718173027
gp_latent_1,316,-0.029887810349464417
gp_latent_1,317,-0.022773154079914093
gp_latent_1,318,-0.0064613791182637215
gp_latent_1,319,0.012447107583284378
gp_latent_1,320,0.006034586112946272
gp_latent_1,321,0.005930018611252308
gp_latent_1,322,0.0380130261182785
gp_latent_1,323,0.030041469261050224
gp_latent_1,324,-0.009236502461135387
gp_latent_1,325,0.03327673301100731
gp_latent_1,326,0.04428519308567047
gp_latent_1,327,0.005016563925892115
gp_latent_1,328,-0.05071435123682022
gp_latent_1,329,0.021787390112876892
gp_latent_1,330,0.009841392748057842
gp_latent_1,331,-0.00306503614410758
gp_latent_1,332,-0.027120163664221764
gp_latent_1,333,-0.010423352010548115
gp_latent_1,334,-0.003336214227601886
gp_latent_1,335,-0.013702714815735817
gp_latent_1,336,0.01564522460103035
gp_latent_1,337,-0.001120088272728026
gp_latent_1,338,0.028361164033412933
gp_latent_1,339,0.0021664490923285484
gp_latent_1,340,0.011530277319252491
gp_latent_1,341,-0.07014927268028259
gp_latent_1,342,0.020318912342190742
gp_latent_1,343,0.03426998853683472
gp_latent_1,344,-0.012908363714814186
gp_latent_1,345,0.001862342469394207
gp_latent_1,346,-0.014466140419244766
gp_latent_1,347,0.0008695858996361494
gp_latent_1,348,0.05225851386785507
gp_latent_1,349,0.017735760658979416
gp_latent_1,350,-0.06393260508775711
gp_latent_1,351,-0.07940788567066193
gp_latent_1,352,0.030056973919272423
gp_latent_1,353,0.011156942695379257
gp_latent_1,354,0.007126627489924431
gp_latent_1,355,-0.00026602204889059067
gp_latent_1,356,0.020422296598553658
gp_latent_1,357,0.0008051656186580658
gp_latent_1,358,0.00638219527900219
gp_latent_1,359,0.007870830595493317
gp_latent_1,360,-0.020009998232126236
gp_latent_1,361,0.0025733201764523983
gp_latent_1,362,0.020341558381915092
gp_latent_1,363,-0.016869664192199707
gp_latent_1,364,0.04377477616071701
gp_latent_1,365,-0.037334877997636795
gp_latent_1,366,-0.014448506757616997
gp_latent_1,367,0.018036676570773125
gp_latent_1,368,0.0018284132238477468
gp_latent_1,369,-0.003285576356574893
gp_latent_1,370,-0.04637220874428749
gp_latent_1,371,0.04624691233038902
gp_latent_1,372,0.018486058339476585
gp_latent_1,373,-0.03200310096144676
gp_latent_1,374,-0.02278612181544304
gp_latent_1,375,-0.054157406091690063
gp_latent_1,376,0.03521948307752609
gp_latent_1,377,0.019766077399253845
gp_latent_1,378,0.03288291394710541
gp_latent_1,379,0.016806356608867645
gp_latent_1,380,-0.06130718067288399
gp_latent_1,381,0.019776485860347748
gp_latent_1,382,0.030411502346396446
gp_latent_1,383,-0.017383387312293053
gp_latent_1,384,-0.07835256308317184
gp_latent_1,385,0.02828751504421234
gp_latent_1,386,0.03170811012387276
gp_latent_1,387,0.005293289199471474
gp_latent_1,388,0.03233236446976662
gp_latent_1,389,0.017878662794828415
gp_latent_1,390,-0.011442488990724087
gp_latent_1,391,0.025729048997163773
gp_latent_1,392,0.020135194063186646
gp_latent_1,393,0.0054000490345060825
gp_latent_1,394,0.01886969618499279
gp_latent_1,395,0.023336786776781082
gp_latent_1,396,-0.007789649069309235
gp_latent_1,397,-0.009191656485199928
gp_latent_1,398,0.025136591866612434
gp_latent_1,399,-0.012691274285316467
gp_latent_1,400,0.02696400135755539
gp_latent_1,401,-0.018330488353967667
gp_latent_1,402,0.0323987640440464
gp_latent_1,403,-0.013309841975569725
gp_latent_1,404,-0.006596185266971588
gp_latent_1,405,-0.02742844633758068
gp_latent_1,406,0.0009335805661976337
gp_latent_1,407,0.016807233914732933
gp_latent_1,408,-0.000751072890125215
gp_latent_1,409,-0.01399395801126957
gp_latent_1,410,0.0007561741513200104
gp_latent_1,411,-0.025304891169071198
gp_latent_1,412,-0.030682623386383057
gp_latent_1,413,-0.00851675495505333
gp_latent_1,414,-0.015774626284837723
gp_latent_1,415,-0.0033601257018744946
gp_latent_1,416,-0.04088972508907318
gp_latent_1,417,-0.04582758992910385
gp_latent_1,418,0.0017916797660291195
gp_latent_1,419,0.008706833235919476
gp_latent_1,420,0.0025614495389163494
gp_latent_1,421,0.004477917682379484
gp_latent_1,422,0.02146202139556408
gp_latent_1,423,-0.019602352753281593
gp_latent_1,424,0.08899519592523575
gp_latent_1,425,0.0004951125010848045
gp_latent_1,426,0.053323354572057724
gp_latent_1,427,0.05414909869432449
gp_latent_1,428,0.032314397394657135
gp_latent_1,429,0.010656419210135937
gp_latent_1,430,-0.03023407608270645
gp_latent_1,431,-0.01540089026093483
gp_latent_1,432,-0.002700655721127987
gp_latent_1,433,0.002469379687681794
gp_latent_1,434,0.06272062659263611
gp_latent_1,435,0.0719572976231575
gp_latent_1,436,0.007001007907092571
gp_latent_1,437,-0.01412882562726736
gp_latent_1,438,0.04663768410682678
gp_latent_1,439,-0.0221635103225708
gp_latent_1,440,-0.026671893894672394
gp_latent_1,441,-0.08695411682128906
gp_latent_1,442,-0.07793083786964417
gp_latent_1,443,-0.029283136129379272
gp_latent_1,444,-0.0008174837566912174
gp_latent_1,445,-0.010226617567241192
gp_latent_1,446,-0.06610459834337234
gp_latent_1,447,0.07781098783016205
gp_latent_1,448,0.06855562329292297
gp_latent_1,449,0.05592457205057144
gp_latent_1,450,0.06118621304631233
gp_latent_1,451,-0.03933443874120712
gp_latent_1,452,-0.03657427057623863
gp_latent_1,453,-0.02836841531097889
gp_latent_1,454,-0.055104754865169525
gp_latent_1,455,0.024660661816596985
gp_latent_1,456,0.06498750299215317
gp_latent_1,457,-0.03107360750436783
gp_latent_1,458,0.005224283784627914
gp_latent_1,459,0.05220615118741989
gp_latent_1,460,0.007643009070307016
gp_latent_1,461,0.017663776874542236
gp_latent_1,462,-0.09072466194629669
gp_latent_1,463,0.008979645557701588
gp_latent_1,464,-0.016500676050782204
gp_latent_1,465,0.0038459536153823137
gp_latent_1,466,0.0764537900686264
gp_latent_1,467,-0.01615518145263195
gp_latent_1,468,0.010515866801142693
gp_latent_1,469,0.04875961318612099
gp_latent_1,470,-0.012052921578288078
gp_latent_1,471,0.027240820229053497
gp_latent_1,472,-0.007509834598749876
gp_latent_1,473,-0.0014558967668563128
gp_latent_1,474,0.03308304399251938
gp_latent_1,475,-0.006918697617948055
gp_latent_1,476,-0.008144228719174862
gp_latent_1,477,-0.0458463691174984
gp_latent_1,478,0.0982646644115448
gp_latent_1,479,0.09559451043605804
gp_latent_1,480,-0.003595829475671053
gp_latent_1,481,0.005288486834615469
gp_latent_1,482,-0.028948895633220673
gp_latent_1,483,-0.008983869105577469
gp_latent_1,484,0.0022687590681016445
gp_latent_1,485,-0.021715432405471802
gp_latent_1,486,-0.08516393601894379
gp_latent_1,487,-0.0893058329820633
gp_latent_1,488,-0.009303092956542969
gp_latent_1,489,0.011562027037143707
gp_latent_1,490,-0.046546708792448044
gp_latent_1,491,-0.0352206788957119
gp_latent_1,492,0.06530531495809555
gp_latent_1,493,0.08858326822519302
gp_latent_1,494,0.08727920055389404
gp_latent_1,495,0.07547275722026825
gp_latent_1,496,0.09461895376443863
gp_latent_1,497,0.0818401575088501
gp_latent_1,498,0.08172520995140076
gp_latent_1,499,0.08966190367937088
gp_latent_1,500,0.005612652748823166
gp_latent_1,501,-0.021100997924804688
gp_latent_1,502,-0.022731008008122444
gp_latent_1,503,-0.024810142815113068
gp_latent_1,504,-0.004285041708499193
gp_latent_1,505,0.02292361855506897
gp_latent_1,506,0.05068143829703331
gp_latent_1,507,0.04505735635757446
gp_latent_1,508,-0.04054015502333641
gp_latent_1,509,0.006391775794327259
gp_latent_1,510,-0.018190987408161163
gp_latent_1,511,0.012121561914682388
gp_latent_1,512,0.020548051223158836
gp_latent_1,513,0.02412225306034088
gp_latent_1,514,-0.02684086188673973
gp_latent_1,515,0.0026857051998376846
gp_latent_1,516,0.013116289861500263
gp_latent_1,517,0.007845998741686344
gp_latent_1,518,-0.0057350280694663525
gp_latent_1,519,0.010523853823542595
gp_latent_1,520,-0.017342159524559975
gp_latent_1,521,-0.003879951313138008
gp_latent_1,522,-0.00018155030556954443
gp_latent_1,523,0.007202683016657829
gp_latent_1,524,-0.0030762478709220886
gp_latent_1,525,0.05266386270523071
gp_latent_1,526,0.017315320670604706
gp_latent_1,527,0.017860980704426765
gp_latent_1,528,0.011300606653094292
gp_latent_1,529,-0.013899686746299267
gp_latent_1,530,-0.04277252033352852
gp_latent_1,531,-0.04563043639063835
gp_latent_1,532,-0.03723029047250748
gp_latent_1,533,-0.056261952966451645
gp_latent_1,534,0.04625042527914047
gp_latent_1,535,-0.06213389337062836
gp_latent_1,536,0.0365995429456234
gp_latent_1,537,-0.13274364173412323
gp_latent_1,538,0.003156291553750634
gp_latent_1,539,-0.044336844235658646
gp_latent_1,540,-0.12628036737442017
gp_latent_1,541,-0.06126783788204193
gp_latent_1,542,-0.07097061723470688
gp_latent_1,543,-0.0851253792643547
gp_latent_1,544,-0.03500085324048996
gp_latent_1,545,-0.047195207327604294
gp_latent_1,546,-0.03802055865526199
gp_latent_1,547,-0.02773009054362774
gp_latent_1,548,-0.03143169730901718
gp_latent_1,549,-0.03741186484694481
gp_latent_1,550,-0.04501181095838547
gp_latent_1,551,0.0002301875501871109
gp_latent_1,552,0.039101406931877136
gp_latent_1,553,0.025385437533259392
gp_latent_1,554,0.00030301191145554185
gp_latent_1,555,0.01400610338896513
gp_latent_1,556,0.010894738137722015
gp_latent_1,557,-0.0014643878675997257
gp_latent_1,558,0.005684050731360912
gp_latent_1,559,0.007243882864713669
gp_latent_1,560,0.003718707477673888
gp_latent_1,561,-0.007786299102008343
gp_latent_1,562,0.011680574156343937
gp_latent_1,563,-0.003971983212977648
gp_latent_1,564,-0.004414137452840805
gp_latent_1,565,-0.005825266242027283
gp_latent_1,566,0.010157240554690361
gp_latent_1,567,0.00767096970230341
gp_latent_1,568,-0.009924721904098988
gp_latent_1,569,-0.0017069815658032894
gp_latent_1,570,0.010576369240880013
gp_latent_1,571,0.004343324340879917
gp_latent_1,572,0.015419414266943932
gp_latent_1,573,0.009126970544457436
gp_latent_1,574,-0.009633572772145271
gp_latent_1,575,-0.04208305478096008
gp_latent_1,576,-0.0364542081952095
gp_latent_1,577,-0.035309869796037674
gp_latent_1,578,-0.0345819890499115
gp_latent_1,579,-0.04563942551612854
gp_latent_1,580,-0.03505611792206764
gp_latent_1,581,-0.0534040667116642
gp_latent_1,582,-0.004962418228387833
gp_latent_1,583,-0.042515628039836884
gp_latent_1,584,-0.0358031690120697
gp_latent_1,585,0.04182242974638939
gp_latent_1,586,0.0028692164923995733
gp_latent_1,587,0.016114382073283195
gp_latent_1,588,0.0015286244451999664
gp_latent_1,589,0.011489493772387505
gp_latent_1,590,-0.036286819726228714
gp_latent_1,591,0.020856032148003578
gp_latent_1,592,-0.061181943863630295
gp_latent_1,593,-0.03723011165857315
gp_latent_1,594,0.006639784201979637
gp_latent_1,595,0.003377967979758978
gp_latent_1,596,0.04091948643326759
gp_latent_1,597,0.04686842858791351
gp_latent_1,598,0.04239468276500702
gp_latent_1,599,-0.07658137381076813
gp_latent_1,600,-0.08265011757612228
gp_latent_1,601,-0.0782434269785881
gp_latent_1,602,-0.05900585278868675
gp_latent_1,603,-0.08036910742521286
gp_latent_1,604,-0.05816401541233063
gp_latent_1,605,-0.08257000148296356
gp_latent_1,606,-0.06556262075901031
gp_latent_1,607,-0.07022526115179062
gp_latent_1,608,-0.06886650621891022
gp_latent_1,609,-0.06926436722278595
gp_latent_1,610,-0.044700250029563904
gp_latent_1,611,-0.031543657183647156
gp_latent_1,612,-0.037994176149368286
gp_latent_1,613,0.04867741838097572
gp_latent_1,614,0.05381639301776886
gp_latent_1,615,0.04617512971162796
gp_latent_1,616,0.025941969826817513
gp_latent_1,617,0.013922639191150665
gp_latent_1,618,-0.10785938799381256
gp_latent_1,619,-0.11482609808444977
gp_latent_1,620,-0.12262371182441711
gp_latent_1,621,-0.1281343400478363
gp_latent_1,622,-0.0038004256784915924
gp_latent_1,623,-0.006812153849750757
gp_latent_1,624,-0.08518446981906891
gp_latent_1,625,-0.06733022630214691
gp_latent_1,626,-0.05775308236479759
gp_latent_1,627,-0.049681663513183594
gp_latent_1,628,-0.0656445175409317
gp_latent_1,629,-0.13052408397197723
gp_latent_1,630,-0.11444243788719177
gp_latent_1,631,-0.11579037457704544
gp_latent_1,632,-0.029148906469345093
gp_latent_1,633,-0.05960424616932869
gp_latent_1,634,-0.047310635447502136
gp_latent_1,635,0.013962969183921814
gp_latent_1,636,-0.0027391710318624973
gp_latent_1,637,0.005289595108479261
gp_latent_1,638,-0.019701004028320312
gp_latent_1,639,-0.0049116481095552444
gp_latent_1,640,0.007189040072262287
gp_latent_1,641,-0.04938490316271782
gp_latent_1,642,-0.046438612043857574
gp_latent_1,643,0.05658875033259392
gp_latent_1,644,0.04722924530506134
gp_latent_1,645,0.0035071391612291336
gp_latent_1,646,-0.06784921139478683
gp_latent_1,647,-0.06865053623914719
gp_latent_1,648,-0.05480282008647919
gp_latent_1,649,-0.05442659929394722
gp_latent_1,650,-0.04357507824897766
gp_latent_1,651,-0.0698447972536087
gp_latent_1,652,-0.05040226876735687
gp_latent_1,653,-0.05274850130081177
gp_latent_1,654,-0.11400123685598373
gp_latent_1,655,-0.09996485710144043
gp_latent_1,656,-0.07846411317586899
gp_latent_1,657,-0.07326975464820862
gp_latent_1,658,0.015507449395954609
gp_latent_1,659,-0.010569777339696884
gp_latent_1,660,-0.013966640457510948
gp_latent_1,661,0.0013310224749147892
gp_latent_1,662,0.020519213750958443
gp_latent_1,663,-0.05642276257276535
gp_latent_1,664,0.0501943975687027
gp_latent_1,665,-0.042228810489177704
gp_latent_1,666,-0.013073229230940342
gp_latent_1,667,-0.0551559254527092
gp_latent_1,668,-0.06662288308143616
gp_latent_1,669,0.04373844340443611
gp_latent_1,670,0.00807720236480236
gp_latent_1,671,-0.0689883604645729
gp_latent_1,672,-0.06419559568166733
gp_latent_1,673,-0.0986153781414032
gp_latent_1,674,-0.03725025802850723
gp_latent_1,675,-0.024578722193837166
gp_latent_1,676,-0.04247815161943436
gp_latent_1,677,-0.04776913672685623
gp_latent_1,678,0.04770530015230179
gp_latent_1,679,-0.007400096859782934
gp_latent_1,680,-0.006645947229117155
gp_latent_1,681,0.00590913649648428
gp_latent_1,682,0.0011803314555436373
gp_latent_1,683,-0.00027397775556892157
gp_latent_1,684,0.007105659693479538
gp_latent_1,685,0.00516196433454752
gp_latent_1,686,-0.004873258993029594
gp_latent_1,687,-0.003612672444432974
gp_latent_1,688,-0.002939519239589572
gp_latent_1,689,0.026578176766633987
gp_latent_1,690,-0.0221051424741745
gp_latent_1,691,-0.009387955069541931
gp_latent_1,692,-0.013100938871502876
gp_latent_1,693,-0.0323859341442585
gp_latent_1,694,-0.0524698942899704
gp_latent_1,695,-0.04723360389471054
gp_latent_1,696,-0.06559883058071136
gp_latent_1,697,-0.05331989750266075
gp_latent_1,698,-0.056188516318798065
gp_latent_1,699,-0.03132500499486923
gp_latent_1,700,-0.03612251207232475
gp_latent_1,701,-0.047883838415145874
gp_latent_1,702,-0.0667930617928505
gp_latent_1,703,-0.054833441972732544
gp_latent_1,704,-0.006444908678531647
gp_latent_1,705,-0.0006131724221631885
gp_latent_1,706,-0.005496160127222538
gp_latent_1,707,-0.003821452148258686
gp_latent_1,708,0.010700872167944908
gp_latent_1,709,0.053318239748477936
gp_latent_1,710,0.04501311108469963
gp_latent_1,711,0.0036439369432628155
gp_latent_1,712,-0.006247630808502436
gp_latent_1,713,-0.010008343495428562
gp_latent_1,714,-0.005920952185988426
gp_latent_1,715,-0.03497307747602463
gp_latent_1,716,-0.07184270024299622
gp_latent_1,717,-0.06265474855899811
gp_latent_1,718,-0.05660215765237808
gp_latent_1,719,-0.06141850724816322
gp_latent_1,720,-0.06839923560619354
gp_latent_1,721,-0.0712742879986763
gp_latent_1,722,-0.04681625962257385
gp_latent_1,723,-0.06297007948160172
gp_latent_1,724,0.04846622794866562
gp_latent_1,725,-0.1161847934126854
gp_latent_1,726,-0.11414609104394913
gp_latent_1,727,-0.1153528094291687
gp_latent_1,728,-0.11586794257164001
gp_latent_1,729,-0.07505883276462555
gp_latent_1,730,-0.0886688232421875
gp_latent_1,731,0.01392883900552988
gp_latent_1,732,0.03333636000752449
gp_latent_1,733,0.014304939657449722
gp_latent_1,734,-0.0005743737565353513
gp_latent_1,735,-0.04735575616359711
gp_latent_1,736,-0.0329253226518631
gp_latent_1,737,-0.06238038092851639
gp_latent_1,738,-0.012688051909208298
gp_latent_1,739,0.00034168222919106483
gp_latent_1,740,-0.03198569267988205
gp_latent_1,741,0.008498026058077812
gp_latent_1,742,-0.0036932453513145447
gp_latent_1,743,-0.0051829637959599495
gp_latent_1,744,0.06605082005262375
gp_latent_1,745,-0.03091307356953621
gp_latent_1,746,-0.02062748186290264
gp_latent_1,747,-0.017568588256835938
gp_latent_1,748,-0.011706012301146984
gp_latent_1,749,-0.024828897789120674
gp_latent_1,750,-0.001621484523639083
gp_latent_1,751,0.06435807049274445
gp_latent_1,752,-0.010469403117895126
gp_latent_1,753,-0.023015789687633514
gp_latent_1,754,0.022458264604210854
gp_latent_1,755,-0.009199235588312149
gp_latent_1,756,0.02444438636302948
gp_latent_1,757,0.03021821938455105
gp_latent_1,758,0.02236420288681984
gp_latent_1,759,0.010982085019350052
gp_latent_1,760,-0.0195928942412138
gp_latent_1,761,-0.005601273849606514
gp_latent_1,762,0.0405447743833065
gp_latent_1,763,0.028451884165406227
gp_latent_1,764,0.06485199928283691
gp_latent_1,765,-0.010089586488902569
gp_latent_1,766,0.009269287809729576
gp_latent_1,767,0.006819050293415785
gp_latent_1,768,-0.029558852314949036
gp_latent_1,769,-0.05800633132457733
gp_latent_1,770,-0.04283490031957626
gp_latent_1,771,0.03298921138048172
gp_latent_1,772,0.023581840097904205
gp_latent_1,773,0.004533128812909126
gp_latent_1,774,-0.009975675493478775
gp_latent_1,775,0.00011889776214957237
gp_latent_1,776,-0.0031466674990952015
gp_latent_1,777,-0.03696638345718384
gp_latent_1,778,-0.02730846405029297
gp_latent_1,779,0.017444195225834846
gp_latent_1,780,0.003640812123194337
gp_latent_1,781,0.019929369911551476
gp_latent_1,782,0.02702072635293007
gp_latent_1,783,0.01831800304353237
gp_latent_1,784,0.032904189079999924
gp_latent_1,785,0.043137840926647186
gp_latent_1,786,0.02680448815226555
gp_latent_1,787,0.001564414706081152
gp_latent_1,788,0.0071860747411847115
gp_latent_1,789,-0.009114617481827736
gp_latent_1,790,-0.008050194941461086
gp_latent_1,791,-0.017986662685871124
gp_latent_1,792,0.009393300861120224
gp_latent_1,793,0.005460086744278669
gp_latent_1,794,0.02274233289062977
gp_latent_1,795,0.0034396988339722157
gp_latent_1,796,-0.0017156300600618124
gp_latent_1,797,-0.008406468667089939
gp_latent_1,798,-0.011580124497413635
gp_latent_1,799,0.09064476191997528
gp_latent_1,800,0.03082541562616825
gp_latent_1,801,-0.039692096412181854
gp_latent_1,802,0.03284868970513344
gp_latent_1,803,-0.046222176402807236
gp_latent_1,804,-0.058791108429431915
gp_latent_1,805,-0.028762169182300568
gp_latent_1,806,0.00814561266452074
gp_latent_1,807,0.0357045903801918
gp_latent_1,808,-0.043362073600292206
gp_latent_1,809,0.029260043054819107
gp_latent_1,810,-0.05415020510554314
gp_latent_1,811,-0.036994509398937225
gp_latent_1,812,-0.02394595555961132
gp_latent_1,813,0.0005519872065633535
gp_latent_1,814,0.04038432613015175
gp_latent_1,815,0.015948478132486343
gp_latent_1,816,-0.05072000250220299
gp_latent_1,817,-0.044209543615579605
gp_latent_1,818,-0.0022441577166318893
gp_latent_1,819,0.04315590113401413
gp_latent_1,820,0.06924194097518921
gp_latent_1,821,-0.025222277268767357
gp_latent_1,822,-0.0339273065328598
gp_latent_1,823,-0.01673952490091324
gp_latent_1,824,0.0024997424334287643
gp_latent_1,825,0.04642343521118164
gp_latent_1,826,0.03960426524281502
gp_latent_1,827,0.05392857640981674
gp_latent_1,828,-0.05620066076517105
gp_latent_1,829,-0.045339301228523254
gp_latent_1,830,-0.009720463305711746
gp_latent_1,831,0.024667374789714813
gp_latent_1,832,-0.020312141627073288
gp_latent_1,833,-0.013700034469366074
gp_latent_1,834,-0.003576952265575528
gp_latent_1,835,0.032581981271505356
gp_latent_1,836,-0.029406443238258362
gp_latent_1,837,-0.046673864126205444
gp_latent_1,838,0.07100771367549896
gp_latent_1,839,0.010229308158159256
gp_latent_1,840,-0.029411736875772476
gp_latent_1,841,0.0555821992456913
gp_latent_1,842,0.007947279140353203
gp_latent_1,843,-0.0006365456501953304
gp_latent_1,844,0.06918001919984818
gp_latent_1,845,0.031814031302928925
gp_latent_1,846,-0.004021590109914541
gp_latent_1,847,-0.009820956736803055
gp_latent_1,848,0.01747743971645832
gp_latent_1,849,0.03314756602048874
gp_latent_1,850,-0.03624008595943451
gp_latent_1,851,-0.05124855041503906
gp_latent_1,852,-0.02529124915599823
gp_latent_1,853,-0.01942915841937065
gp_latent_1,854,0.08501040190458298
gp_latent_1,855,0.08885551244020462
gp_latent_1,856,0.0356372632086277
gp_latent_1,857,0.02421625144779682
gp_latent_1,858,-0.009089048951864243
gp_latent_1,859,0.012169410474598408
gp_latent_1,860,-0.02616581693291664
gp_latent_1,861,-0.014709893614053726
gp_latent_1,862,0.006233512423932552
gp_latent_1,863,0.00677914172410965
gp_latent_1,864,-0.02581269107758999
gp_latent_1,865,-0.031882356852293015
gp_latent_1,866,-0.0069654458202421665
gp_latent_1,867,0.0115303173661232
gp_latent_1,868,-0.015369760803878307
gp_latent_1,869,0.03369792923331261
gp_latent_1,870,0.004564075730741024
gp_latent_1,871,0.018824666738510132
gp_latent_1,872,0.013974620960652828
gp_latent_1,873,-0.01076817698776722
gp_latent_1,874,0.09972109645605087
gp_latent_1,875,0.030656905844807625
gp_latent_1,876,0.03609037026762962
gp_latent_1,877,0.01956125721335411
gp_latent_1,878,-0.027792055159807205
gp_latent_1,879,-0.016163090243935585
gp_latent_1,880,0.03309895098209381
gp_latent_1,881,0.04207737743854523
gp_latent_1,882,-0.0030607625376433134
gp_latent_1,883,-0.019658636301755905
gp_latent_1,884,0.02965625748038292
gp_latent_1,885,-0.0012404583394527435
gp_latent_1,886,0.014771906659007072
gp_latent_1,887,0.024746892973780632
gp_latent_1,888,0.018081756308674812
gp_latent_1,889,-0.010680687613785267
gp_latent_1,890,-0.015678979456424713
gp_latent_1,891,-3.227917477488518e-05
gp_latent_1,892,-0.00011119386181235313
gp_latent_1,893,0.002583577763289213
gp_latent_1,894,0.0015498003922402859
gp_latent_1,895,0.009085556492209435
gp_latent_1,896,-0.06248168274760246
gp_latent_1,897,0.02451217919588089
gp_latent_1,898,0.009621070697903633
gp_latent_1,899,-0.0247914157807827
gp_latent_1,900,-0.02755032479763031
gp_latent_1,901,-0.02886924147605896
gp_latent_1,902,-0.0009751389734447002
gp_latent_1,903,-3.529011155478656e-05
gp_latent_1,904,0.02350229024887085
gp_latent_1,905,0.029180917888879776
gp_latent_1,906,0.0422242246568203
gp_latent_1,907,0.02796464040875435
gp_latent_1,908,-0.07030767947435379
gp_latent_1,909,-0.035816848278045654
gp_latent_1,910,-0.04113352298736572
gp_latent_1,911,-0.009190493263304234
gp_latent_1,912,-0.04334709793329239
gp_latent_1,913,-0.007228543981909752
gp_latent_1,914,-0.007603507488965988
gp_latent_1,915,0.000943071092478931
gp_latent_1,916,-0.018957385793328285
gp_latent_1,917,-0.005091884173452854
gp_latent_1,918,-0.02196313440799713
gp_latent_1,919,0.047316860407590866
gp_latent_1,920,-0.010925963521003723
gp_latent_1,921,-0.014710512012243271
gp_latent_1,922,-0.007760468404740095
gp_latent_1,923,0.004975682590156794
gp_latent_1,924,0.018096135929226875
gp_latent_1,925,-0.033247996121644974
gp_latent_1,926,-0.040997616946697235
gp_latent_1,927,-0.045436516404151917
gp_latent_1,928,-0.03860846161842346
gp_latent_1,929,0.011916386894881725
gp_latent_1,930,0.007198036648333073
gp_latent_1,931,0.004216116387397051
gp_latent_1,932,-0.06098134070634842
gp_latent_1,933,-0.042231589555740356
gp_latent_1,934,0.009004519321024418
gp_latent_1,935,0.016642142087221146
gp_latent_1,936,-0.03652714565396309
gp_latent_1,937,-0.008923394605517387
gp_latent_1,938,0.01197244506329298
gp_latent_1,939,0.001320800743997097
gp_latent_1,940,0.02155386283993721
gp_latent_1,941,0.002234742045402527
gp_latent_1,942,-0.018497850745916367
gp_latent_1,943,-0.03707148879766464
gp_latent_1,944,-0.027081793174147606
gp_latent_1,945,0.024546701461076736
gp_latent_1,946,-0.02258334681391716
gp_latent_1,947,0.02700621448457241
gp_latent_1,948,-0.029260937124490738
gp_latent_1,949,0.01928781531751156
gp_latent_2,0,0.009505828842520714
gp_latent_2,1,-0.023080386221408844
gp_latent_2,2,0.03107074648141861
gp_latent_2,3,0.043923746794462204
gp_latent_2,4,0.03851104900240898
gp_latent_2,5,-0.009926754049956799
gp_latent_2,6,-0.01854608580470085
gp_latent_2,7,-0.012164718471467495
gp_latent_2,8,0.021480845287442207
gp_latent_2,9,0.01066301204264164
gp_latent_2,10,0.02353258989751339
gp_latent_2,11,-0.003349428530782461
gp_latent_2,12,-0.05308837816119194
gp_latent_2,13,-0.06305363774299622
gp_latent_2,14,-0.039134785532951355
gp_latent_2,15,-0.009423501789569855
gp_latent_2,16,-0.0008844542317092419
gp_latent_2,17,-0.02098962478339672
gp_latent_2,18,-0.019149186089634895
gp_latent_2,19,0.016587287187576294
gp_latent_2,20,0.009421063587069511
gp_latent_2,21,0.030913740396499634
gp_latent_2,22,-0.005617858842015266
gp_latent_2,23,-0.0030487431213259697
gp_latent_2,24,0.0339776985347271
gp_latent_2,25,-0.016402507200837135
gp_latent_2,26,0.0063497088849544525
gp_latent_2,27,0.028727978467941284
gp_latent_2,28,-0.009628485888242722
gp_latent_2,29,-0.04845506697893143
gp_latent_2,30,-0.003228639718145132
gp_latent_2,31,0.0329788438975811
gp_latent_2,32,-0.015103157609701157
gp_latent_2,33,0.001727920025587082
gp_latent_2,34,-0.06076924875378609
gp_latent_2,35,-0.04913552477955818
gp_latent_2,36,0.02889116108417511
gp_latent_2,37,0.0008912296034395695
gp_latent_2,38,0.003552428912371397
gp_latent_2,39,0.02506517805159092
gp_latent_2,40,0.01555958017706871
gp_latent_2,41,-0.007605152204632759
gp_latent_2,42,-0.05934126302599907
gp_latent_2,43,-0.027204865589737892
gp_latent_2,44,0.00015667453408241272
gp_latent_2,45,-0.01625184156000614
gp_latent_2,46,-0.03087286278605461
gp_latent_2,47,0.0009942628676071763
gp_latent_2,48,0.002446443773806095
gp_latent_2,49,0.023491766303777695
gp_latent_2,50,-0.012769446708261967
gp_latent_2,51,0.0017591440118849277
gp_latent_2,52,-0.0044019827619194984
gp_latent_2,53,0.030964937061071396
gp_latent_2,54,-0.01586085930466652
gp_latent_2,55,-0.029792869463562965
gp_latent_2,56,-0.050503604114055634
gp_latent_2,57,-0.007373915985226631
gp_latent_2,58,-0.006982971914112568
gp_latent_2,59,-0.009729552082717419
gp_latent_2,60,-0.03540739044547081
gp_latent_2,61,-0.001713995123282075
gp_latent_2,62,-0.010431934148073196
gp_latent_2,63,-0.02553214132785797
gp_latent_2,64,-0.009835370816290379
gp_latent_2,65,-0.035663001239299774
gp_latent_2,66,-0.04426977038383484
gp_latent_2,67,-0.005228881258517504
gp_latent_2,68,-0.00617210753262043
gp_latent_2,69,-0.014889082871377468
gp_latent_2,70,-0.006981071084737778
gp_latent_2,71,-0.04397670179605484
gp_latent_2,72,-0.02962893433868885
gp_latent_2,73,-0.0003781630948651582
gp_latent_2,74,-0.01620601676404476
gp_latent_2,75,-0.04824160411953926
gp_latent_2,76,-0.0431414358317852
gp_latent_2,77,-0.015846148133277893
gp_latent_2,78,-0.03946930915117264
gp_latent_2,79,0.027761217206716537
gp_latent_2,80,-0.0470169372856617
gp_latent_2,81,-0.006293321959674358
gp_latent_2,82,-0.003997402731329203
gp_latent_2,83,-0.0015389504842460155
gp_latent_2,84,-0.01123169157654047
gp_latent_2,85,-0.004163708537817001
gp_latent_2,86,-0.014761651866137981
gp_latent_2,87,-0.00710715027526021
gp_latent_2,88,0.008017879910767078
gp_latent_2,89,-0.04584677144885063
gp_latent_2,90,-0.032938942313194275
gp_latent_2,91,0.0215611569583416
gp_latent_2,92,-0.03130819648504257
gp_latent_2,93,0.0030386243015527725
gp_latent_2,94,-0.02764340676367283
gp_latent_2,95,0.016792461276054382
gp_latent_2,96,-0.007648046128451824
gp_latent_2,97,-0.010982809588313103
gp_latent_2,98,-0.048003584146499634
gp_latent_2,99,0.01011077594012022
gp_latent_2,100,-0.021190563216805458
gp_latent_2,101,0.03160678595304489
gp_latent_2,102,0.008243991062045097
gp_latent_2,103,0.023919513449072838
gp_latent_2,104,-0.01572214439511299
gp_latent_2,105,-0.01987224817276001
gp_latent_2,106,-0.021996472030878067
gp_latent_2,107,0.011443288996815681
gp_latent_2,108,0.022296292707324028
gp_latent_2,109,0.016005627810955048
gp_latent_2,110,0.02702905610203743
gp_latent_2,111,0.04002103954553604
gp_latent_2,112,0.02020777016878128
gp_latent_2,113,0.008814618922770023
gp_latent_2,114,0.014847676269710064
gp_latent_2,115,-0.027761245146393776
gp_latent_2,116,-0.007887311279773712
gp_latent_2,117,-0.017958201467990875
gp_latent_2,118,-0.000633440853562206
gp_latent_2,119,0.001033924287185073
gp_latent_2,120,0.015755709260702133
gp_latent_2,121,0.010447594337165356
gp_latent_2,122,0.011136025190353394
gp_latent_2,123,0.03431302309036255
gp_latent_2,124,0.013398125767707825
gp_latent_2,125,0.026963459327816963
gp_latent_2,126,-0.03313612565398216
gp_latent_2,127,-0.0033117118291556835
gp_latent_2,128,0.025745125487446785
gp_latent_2,129,0.008398649282753468
gp_latent_2,130,-0.02062690444290638
gp_latent_2,131,-0.017191585153341293
gp_latent_2,132,0.016064880415797234
gp_latent_2,133,0.015443377196788788
gp_latent_2,134,-0.009714062325656414
gp_latent_2,135,-0.01836404763162136
gp_latent_2,136,-0.017358701676130295
gp_latent_2,137,-0.04393875598907471
gp_latent_2,138,-0.022358423098921776
gp_latent_2,139,-0.03456892445683479
gp_latent_2,140,-0.003966855816543102
gp_latent_2,141,0.012607966549694538
gp_latent_2,142,-0.001028998289257288
gp_latent_2,143,0.018128499388694763
gp_latent_2,144,-0.024358326569199562
gp_latent_2,145,0.017258809879422188
gp_latent_2,146,0.007045284379273653
gp_latent_2,147,-0.0021946639753878117
gp_latent_2,148,0.001629614969715476
gp_latent_2,149,-0.028428848832845688
gp_latent_2,150,-0.0018823393620550632
gp_latent_2,151,0.0036086568143218756
gp_latent_2,152,0.011541767977178097
gp_latent_2,153,-0.0025934819132089615
gp_latent_2,154,-0.00639349827542901
gp_latent_2,155,-0.0060965679585933685
gp_latent_2,156,-0.0067118145525455475
gp_latent_2,157,0.006860265042632818
gp_latent_2,158,-0.024388683959841728
gp_latent_2,159,-0.03034258261322975
gp_latent_2,160,0.0007583430269733071
gp_latent_2,161,-0.04983379691839218
gp_latent_2,162,-0.01165675651282072
gp_latent_2,163,0.0062840599566698074
gp_latent_2,164,-0.009382248856127262
gp_latent_2,165,-0.016872448846697807
gp_latent_2,166,0.012236561626195908
gp_latent_2,167,-0.007378047797828913
gp_latent_2,168,0.004355918616056442
gp_latent_2,169,0.014168867841362953
gp_latent_2,170,-0.030276641249656677
gp_latent_2,171,0.020132534205913544
gp_latent_2,172,-0.02314407378435135
gp_latent_2,173,0.009415448643267155
gp_latent_2,174,-0.0024735715705901384
gp_latent_2,175,0.010531403124332428
gp_latent_2,176,-0.014202835969626904
gp_latent_2,177,0.0010000966722145677
gp_latent_2,178,0.025837328284978867
gp_latent_2,179,-0.019756978377699852
gp_latent_2,180,-0.03205965459346771
gp_latent_2,181,0.006321077235043049
gp_latent_2,182,0.017564529553055763
gp_latent_2,183,0.017798861488699913
gp_latent_2,184,-0.009228754788637161
gp_latent_2,185,-0.011903055012226105
gp_latent_2,186,-0.033175189048051834
gp_latent_2,187,0.005601647309958935
gp_latent_2,188,-0.0031053104903548956
gp_latent_2,189,-0.000728700659237802
gp_latent_2,190,0.03073526918888092
gp_latent_2,191,-0.004258972592651844
gp_latent_2,192,0.014216935262084007
gp_latent_2,193,-0.032894182950258255
gp_latent_2,194,-0.027973847463726997
gp_latent_2,195,0.03865542635321617
gp_latent_2,196,0.032437074929475784
gp_latent_2,197,0.019086405634880066
gp_latent_2,198,0.03313938528299332
gp_latent_2,199,-0.043362632393836975
gp_latent_2,200,0.02035197988152504
gp_latent_2,201,-0.008039009757339954
gp_latent_2,202,-0.02781122550368309
gp_latent_2,203,0.0002579994034022093
gp_latent_2,204,-0.021551519632339478
gp_latent_2,205,0.0005092066712677479
gp_latent_2,206,-0.026921633630990982
gp_latent_2,207,0.013399454765021801
gp_latent_2,208,-0.007092798128724098
gp_latent_2,209,-0.01574753224849701
gp_latent_2,210,0.026226064190268517
gp_latent_2,211,0.02101040631532669
gp_latent_2,212,0.027829846367239952
gp_latent_2,213,-0.005519799888134003
gp_latent_2,214,-0.005208199843764305
gp_latent_2,215,-0.024447979405522346
gp_latent_2,216,0.035616468638181686
gp_latent_2,217,-0.0006280923262238503
gp_latent_2,218,-0.012537280097603798
gp_latent_2,219,-0.002333231968805194
gp_latent_2,220,-0.024709757417440414
gp_latent_2,221,0.02570224553346634
gp_latent_2,222,0.056600894778966904
gp_latent_2,223,-0.013261307030916214
gp_latent_2,224,-0.0127615537494421
gp_latent_2,225,-0.0058011929504573345
gp_latent_2,226,-0.006676686927676201
gp_latent_2,227,-0.020636556670069695
gp_latent_2,228,0.013476505875587463
gp_latent_2,229,-0.0027413642965257168
gp_latent_2,230,-0.06412728130817413
gp_latent_2,231,-0.0382443368434906
gp_latent_2,232,0.017804879695177078
gp_latent_2,233,0.02453254535794258
gp_latent_2,234,-0.016896767541766167
gp_latent_2,235,-0.0005679262685589492
gp_latent_2,236,-0.01223062165081501
gp_latent_2,237,0.010841511189937592
gp_latent_2,238,0.0017681424506008625
gp_latent_2,239,0.014557902701199055
gp_latent_2,240,0.008021032437682152
gp_latent_2,241,0.011613443493843079
gp_latent_2,242,0.008791321888566017
gp_latent_2,243,-0.0018914679531008005
gp_latent_2,244,-0.008034457452595234
gp_latent_2,245,-0.01902567781507969
gp_latent_2,246,0.024082673713564873
gp_latent_2,247,0.010843681171536446
gp_latent_2,248,0.003857327625155449
gp_latent_2,249,-0.00199191109277308
gp_latent_2,250,-0.022457025945186615
gp_latent_2,251,0.010405683889985085
gp_latent_2,252,-0.0029894509352743626
gp_latent_2,253,0.001413881778717041
gp_latent_2,254,-0.013930976390838623
gp_latent_2,255,-0.028863847255706787
gp_latent_2,256,0.010476566851139069
gp_latent_2,257,0.036492276936769485
gp_latent_2,258,0.025496626272797585
gp_latent_2,259,0.010047879070043564
gp_latent_2,260,0.032356441020965576
gp_latent_2,261,-0.0011229550000280142
gp_latent_2,262,0.0009962697513401508
gp_latent_2,263,-0.031983353197574615
gp_latent_2,264,0.0003221915103495121
gp_latent_2,265,0.005288038868457079
gp_latent_2,266,0.002099607139825821
gp_latent_2,267,-0.0040293806232512
gp_latent_2,268,-0.0016434651333838701
gp_latent_2,269,-0.0167608093470335
gp_latent_2,270,-0.04648153483867645
gp_latent_2,271,-0.0065499464981257915
gp_latent_2,272,0.01689491607248783
gp_latent_2,273,0.0756160095334053
gp_latent_2,274,-0.03883907571434975
gp_latent_2,275,0.004965700209140778
gp_latent_2,276,0.004057536367326975
gp_latent_2,277,0.0015782846603542566
gp_latent_2,278,0.0013843742199242115
gp_latent_2,279,0.0382537841796875
gp_latent_2,280,0.017723575234413147
gp_latent_2,281,0.01409233920276165
gp_latent_2,282,0.014420010149478912
gp_latent_2,283,-0.0285483431071043
gp_latent_2,284,0.00992378406226635
gp_latent_2,285,0.03707088530063629
gp_latent_2,286,0.0005848078290000558
gp_latent_2,287,0.010214179754257202
gp_latent_2,288,0.015807583928108215
gp_latent_2,289,0.002575142774730921
gp_latent_2,290,0.04439728334546089
gp_latent_2,291,0.02012784779071808
gp_latent_2,292,0.016997408121824265
gp_latent_2,293,-0.06953025609254837
gp_latent_2,294,0.013701139017939568
gp_latent_2,295,-0.008038250729441643
gp_latent_2,296,0.022939641028642654
gp_latent_2,297,0.009065098129212856
gp_latent_2,298,-0.006414545699954033
gp_latent_2,299,-0.00029039374203421175
gp_latent_2,300,-0.0813860297203064
gp_latent_2,301,-0.05720483139157295
gp_latent_2,302,-0.11548715084791183
gp_latent_2,303,0.04499255120754242
gp_latent_2,304,0.008777327835559845
gp_latent_2,305,-0.01814674586057663
gp_latent_2,306,0.008851186372339725
gp_latent_2,307,0.03150217607617378
gp_latent_2,308,-0.02991586923599243
gp_latent_2,309,0.0040799761191010475
gp_latent_2,310,0.05582360550761223
gp_latent_2,311,0.027155524119734764
gp_latent_2,312,0.007809228263795376
gp_latent_2,313,0.0028545623645186424
gp_latent_2,314,-0.012694581411778927
gp_latent_2,315,0.017597954720258713
gp_latent_2,316,-0.05167899653315544
gp_latent_2,317,-0.0032222354784607887
gp_latent_2,318,0.003116888925433159
gp_latent_2,319,0.0011119451373815536
gp_latent_2,320,-0.004934275522828102
gp_latent_2,321,-0.00963483564555645
gp_latent_2,322,-0.030210234224796295
gp_latent_2,323,-0.03454601764678955
gp_latent_2,324,0.001737779937684536
gp_latent_2,325,-0.008461381308734417
gp_latent_2,326,-0.03526308387517929
gp_latent_2,327,0.023317787796258926
gp_latent_2,328,0.01837904565036297
gp_latent_2,329,0.019958773627877235
gp_latent_2,330,0.0035047573037445545
gp_latent_2,331,-0.008487945422530174
gp_latent_2,332,0.0016211264301091433
gp_latent_2,333,-0.012269195169210434
gp_latent_2,334,-0.010247662663459778
gp_latent_2,335,-0.020723480731248856
gp_latent_2,336,-0.0023167964536696672
gp_latent_2,337,0.0015022915322333574
gp_latent_2,338,-0.007437799591571093
gp_latent_2,339,0.00977310724556446
gp_latent_2,340,0.009694214910268784
gp_latent_2,341,0.030992930755019188
gp_latent_2,342,0.018486881628632545
gp_latent_2,343,0.034946270287036896
gp_latent_2,344,0.028538789600133896
gp_latent_2,345,0.0020296690054237843
gp_latent_2,346,-0.008158328011631966
gp_latent_2,347,0.010569030418992043
gp_latent_2,348,-0.009209043346345425
gp_latent_2,349,0.02540878765285015
gp_latent_2,350,0.02875504270195961
gp_latent_2,351,0.006809606216847897
gp_latent_2,352,0.031229134649038315
gp_latent_2,353,-0.030862094834446907
gp_latent_2,354,0.048257533460855484
gp_latent_2,355,0.06019413471221924
gp_latent_2,356,-0.020838845521211624
gp_latent_2,357,0.009862127713859081
gp_latent_2,358,0.014041770249605179
gp_latent_2,359,-0.0024160249158740044
gp_latent_2,360,-0.028115050867199898
gp_latent_2,361,0.0022402419708669186
gp_latent_2,362,0.01582733541727066
gp_latent_2,363,0.014769254252314568
gp_latent_2,364,0.018613092601299286
gp_latent_2,365,-0.04973991587758064
gp_latent_2,366,-0.00726604787632823
gp_latent_2,367,0.03882133588194847
gp_latent_2,368,0.011297006160020828
gp_latent_2,369,0.005865059327334166
gp_latent_2,370,-0.0034328405745327473
gp_latent_2,371,0.002628881484270096
gp_latent_2,372,0.00747447507455945
gp_latent_2,373,-0.009557324461638927
gp_latent_2,374,-0.03744681924581528
gp_latent_2,375,-0.08002113550901413
gp_latent_2,376,0.012034649029374123
gp_latent_2,377,-0.04117686301469803
gp_latent_2,378,-0.0492321252822876
gp_latent_2,379,-0.024295195937156677
gp_latent_2,380,-0.031923808157444
gp_latent_2,381,-0.06309524923563004
gp_latent_2,382,-0.03656880930066109
gp_latent_2,383,0.05682108551263809
gp_latent_2,384,-0.03409901633858681
gp_latent_2,385,-0.036790572106838226
gp_latent_2,386,-0.04138778895139694
gp_latent_2,387,-0.05491501837968826
gp_latent_2,388,-0.03589337691664696
gp_latent_2,389,-0.038520075380802155
gp_latent_2,390,-0.034914832562208176
gp_latent_2,391,-0.05733703449368477
gp_latent_2,392,-0.04752117022871971
gp_latent_2,393,-0.010401512496173382
gp_latent_2,394,-0.03324902057647705
gp_latent_2,395,-0.01188797876238823
gp_latent_2,396,0.0470806285738945
gp_latent_2,397,-0.018271857872605324
gp_latent_2,398,-0.036727260798215866
gp_latent_2,399,-0.006195160560309887
gp_latent_2,400,-0.033207666128873825
gp_latent_2,401,-0.04150700569152832
gp_latent_2,402,-0.04779867082834244
gp_latent_2,403,-0.019339829683303833
gp_latent_2,404,-0.042213696986436844
gp_latent_2,405,-0.017417434602975845
gp_latent_2,406,-0.0003338245442137122
gp_latent_2,407,0.007884030230343342
gp_latent_2,408,0.007759661413729191
gp_latent_2,409,-0.017523707821965218
gp_latent_2,410,-0.01535684522241354
gp_latent_2,411,0.002187176141887903
gp_latent_2,412,-0.007806099951267242
gp_latent_2,413,0.01598559506237507
gp_latent_2,414,0.004958306439220905
gp_latent_2,415,-0.023722223937511444
gp_latent_2,416,-0.016757458448410034
gp_latent_2,417,-0.048453379422426224
gp_latent_2,418,0.0038508987054228783
gp_latent_2,419,0.005186017602682114
gp_latent_2,420,-0.029800081625580788
gp_latent_2,421,0.0019949960988014936
gp_latent_2,422,-0.01985141821205616
gp_latent_2,423,-0.001891228137537837
gp_latent_2,424,-0.0027612876147031784
gp_latent_2,425,-0.009560802020132542
gp_latent_2,426,-0.05159410461783409
gp_latent_2,427,-0.04780980944633484
gp_latent_2,428,-0.03302351385354996
gp_latent_2,429,0.042184118181467056
gp_latent_2,430,-0.011117447167634964
gp_latent_2,431,-0.013619167730212212
gp_latent_2,432,-0.016791490837931633
gp_latent_2,433,-0.002959233010187745
gp_latent_2,434,-0.010698523372411728
gp_latent_2,435,0.0024469441268593073
gp_latent_2,436,0.01936390995979309
gp_latent_2,437,-0.003456324804574251
gp_latent_2,438,-0.0016154074110090733
gp_latent_2,439,-0.012172375805675983
gp_latent_2,440,0.005041657947003841
gp_latent_2,441,-0.0011958943214267492
gp_latent_2,442,-0.0033385849092155695
gp_latent_2,443,-0.01675935834646225
gp_latent_2,444,0.05359577387571335
gp_latent_2,445,0.0012474346440285444
gp_latent_2,446,-0.004075492266565561
gp_latent_2,447,-0.009216533042490482
gp_latent_2,448,-0.014849089086055756
gp_latent_2,449,-0.012169340625405312
gp_latent_2,450,0.01620134711265564
gp_latent_2,451,0.01528547890484333
gp_latent_2,452,0.01566406711935997
gp_latent_2,453,0.011120655573904514
gp_latent_2,454,-0.01254326943308115
gp_latent_2,455,0.04660801962018013
gp_latent_2,456,0.0052211591973900795
gp_latent_2,457,0.015228595584630966
gp_latent_2,458,0.0051100836135447025
gp_latent_2,459,0.04886259883642197
gp_latent_2,460,0.05187288671731949
gp_latent_2,461,-0.01607651077210903
gp_latent_2,462,-0.012190105393528938
gp_latent_2,463,0.04574669525027275
gp_latent_2,464,-0.012155335396528244
gp_latent_2,465,-0.039558637887239456
gp_latent_2,466,0.010634117759764194
gp_latent_2,467,0.018273092806339264
gp_latent_2,468,-0.04718990623950958
gp_latent_2,469,-0.043349094688892365
gp_latent_2,470,0.0020440206862986088
gp_latent_2,471,-0.0651971623301506
gp_latent_2,472,0.009291342459619045
gp_latent_2,473,-0.007255172822624445
gp_latent_2,474,-0.06348879635334015
gp_latent_2,475,-0.0036569489166140556
gp_latent_2,476,0.007880951277911663
gp_latent_2,477,-0.017629142850637436
gp_latent_2,478,0.00579738849774003
gp_latent_2,479,0.00035956280771642923
gp_latent_2,480,-0.004077807068824768
gp_latent_2,481,-0.03222835436463356
gp_latent_2,482,0.02261720597743988
gp_latent_2,483,0.0008127674227580428
gp_latent_2,484,0.008371674455702305
gp_latent_2,485,-0.003649186808615923
gp_latent_2,486,0.006788420956581831
gp_latent_2,487,0.0009260480874218047
gp_latent_2,488,-0.04954412952065468
gp_latent_2,489,-0.0017973879585042596
gp_latent_2,490,-0.006045657210052013
gp_latent_2,491,0.03695305809378624
gp_latent_2,492,0.012399397790431976
gp_latent_2,493,-0.01577840931713581
gp_latent_2,494,-0.0007601121906191111
gp_latent_2,495,0.021275803446769714
gp_latent_2,496,0.0018132819095626473
gp_latent_2,497,-0.006168197374790907
gp_latent_2,498,-0.0024800102692097425
gp_latent_2,499,0.02118367701768875
gp_latent_2,500,-0.03225989639759064
gp_latent_2,501,0.022428827360272408
gp_latent_2,502,0.030347997322678566
gp_latent_2,503,0.0215980876237154
gp_latent_2,504,0.005975996144115925
gp_latent_2,505,0.05475839227437973
gp_latent_2,506,0.04788676276803017
gp_latent_2,507,0.039583854377269745
gp_latent_2,508,0.015083292499184608
gp_latent_2,509,-0.011404497548937798
gp_latent_2,510,0.047234680503606796
gp_latent_2,511,0.015527545474469662
gp_latent_2,512,-0.013825610280036926
gp_latent_2,513,0.0029440498910844326
gp_latent_2,514,0.03828505426645279
gp_latent_2,515,-0.0025884374044835567
gp_latent_2,516,0.02834145352244377
gp_latent_2,517,0.028256172314286232
gp_latent_2,518,0.032952260226011276
gp_latent_2,519,0.02584264427423477
gp_latent_2,520,0.00872007105499506
gp_latent_2,521,0.006165211088955402
gp_latent_2,522,0.022524705156683922
gp_latent_2,523,0.05497319623827934
gp_latent_2,524,0.03286127746105194
gp_latent_2,525,0.03992992267012596
gp_latent_2,526,0.05831833928823471
gp_latent_2,527,0.10088612884283066
gp_latent_2,528,0.08417366445064545
gp_latent_2,529,0.06101386249065399
gp_latent_2,530,0.03799246996641159
gp_latent_2,531,0.033667970448732376
gp_latent_2,532,0.04393295571208
gp_latent_2,533,0.018551817163825035
gp_latent_2,534,0.023388659581542015
gp_latent_2,535,0.07403174042701721
gp_latent_2,536,0.011755198240280151
gp_latent_2,537,0.056010305881500244
gp_latent_2,538,-0.0071024117060005665
gp_latent_2,539,0.031099721789360046
gp_latent_2,540,0.0881546139717102
gp_latent_2,541,0.04564814642071724
gp_latent_2,542,0.042746949940919876
gp_latent_2,543,0.04098571464419365
gp_latent_2,544,0.018017856404185295
gp_latent_2,545,0.03340952843427658
gp_latent_2,546,-0.00256331660784781
gp_latent_2,547,0.018375899642705917
gp_latent_2,548,0.011779235675930977
gp_latent_2,549,0.0031534465961158276
gp_latent_2,550,0.026141801849007607
gp_latent_2,551,0.0044340938329696655
gp_latent_2,552,0.04123299568891525
gp_latent_2,553,0.021024838089942932
gp_latent_2,554,0.09788467735052109
gp_latent_2,555,0.06444747000932693
gp_latent_2,556,0.08582455664873123
gp_latent_2,557,0.07229874283075333
gp_latent_2,558,0.08645255863666534
gp_latent_2,559,0.09004475176334381
gp_latent_2,560,0.08904433995485306
gp_latent_2,561,0.07932665199041367
gp_latent_2,562,0.06926868110895157
gp_latent_2,563,0.07885922491550446
gp_latent_2,564,0.10324329137802124
gp_latent_2,565,0.09545723348855972
gp_latent_2,566,0.08071085065603256
gp_latent_2,567,0.055042363703250885
gp_latent_2,568,0.08013717085123062
gp_latent_2,569,0.08524233102798462
gp_latent_2,570,0.06827110797166824
gp_latent_2,571,0.0693277046084404
gp_latent_2,572,0.08077112585306168
gp_latent_2,573,0.0691341683268547
gp_latent_2,574,0.07869879901409149
gp_latent_2,575,0.01241519208997488
gp_latent_2,576,0.04624113813042641
gp_latent_2,577,0.03536027669906616
gp_latent_2,578,0.017435461282730103
gp_latent_2,579,0.04186481609940529
gp_latent_2,580,0.028083592653274536
gp_latent_2,581,0.0002486123703420162
gp_latent_2,582,0.026766672730445862
gp_latent_2,583,0.019039785489439964
gp_latent_2,584,0.015341409482061863
gp_latent_2,585,0.03677719086408615
gp_latent_2,586,0.09807542711496353
gp_latent_2,587,0.06467939913272858
gp_latent_2,588,0.09379051625728607
gp_latent_2,589,-0.015416878275573254
gp_latent_2,590,0.03139058127999306
gp_latent_2,591,0.07553201168775558
gp_latent_2,592,0.01636716164648533
gp_latent_2,593,0.02520408108830452
gp_latent_2,594,0.09350237995386124
gp_latent_2,595,0.00418570451438427
gp_latent_2,596,-0.04070735722780228
gp_latent_2,597,-0.04840811342000961
gp_latent_2,598,-0.03938320651650429
gp_latent_2,599,0.06688027828931808
gp_latent_2,600,0.058005526661872864
gp_latent_2,601,0.07594037801027298
gp_latent_2,602,0.008243216201663017
gp_latent_2,603,0.020006727427244186
gp_latent_2,604,0.025601457804441452
gp_latent_2,605,0.037809114903211594
gp_latent_2,606,0.03847593069076538
gp_latent_2,607,0.024874811992049217
gp_latent_2,608,0.015236999839544296
gp_latent_2,609,0.02769862301647663
gp_latent_2,610,0.010225575417280197
gp_latent_2,611,0.026980016380548477
gp_latent_2,612,0.016057323664426804
gp_latent_2,613,-0.006840984802693129
gp_latent_2,614,-0.0020931512117385864
gp_latent_2,615,-0.01650935970246792
gp_latent_2,616,-0.0045834188349545
gp_latent_2,617,0.011254152283072472
gp_latent_2,618,0.058635223656892776
gp_latent_2,619,0.06925401836633682
gp_latent_2,620,0.05644742399454117
gp_latent_2,621,0.05466976761817932
gp_latent_2,622,-0.0029970319010317326
gp_latent_2,623,-0.00998182687908411
gp_latent_2,624,0.06588081270456314
gp_latent_2,625,0.029778847470879555
gp_latent_2,626,0.030401477590203285
gp_latent_2,627,0.013541528955101967
gp_latent_2,628,0.030593527480959892
gp_latent_2,629,0.0563037283718586
gp_latent_2,630,0.043555907905101776
gp_latent_2,631,0.05582791566848755
gp_latent_2,632,-0.007176526356488466
gp_latent_2,633,0.025396151468157768
gp_latent_2,634,0.00464364979416132
gp_latent_2,635,0.09695594012737274
gp_latent_2,636,0.07836709916591644
gp_latent_2,637,0.08566726744174957
gp_latent_2,638,0.030169779434800148
gp_latent_2,639,0.02906940132379532
gp_latent_2,640,0.09248083829879761
gp_latent_2,641,0.02657361701130867
gp_latent_2,642,-0.009732283651828766
gp_latent_2,643,-0.04553995653986931
gp_latent_2,644,-0.049923982471227646
gp_latent_2,645,-0.02542228251695633
gp_latent_2,646,0.06434328109025955
gp_latent_2,647,0.09440576285123825
gp_latent_2,648,0.019786493852734566
gp_latent_2,649,0.02816346287727356
gp_latent_2,650,0.026382384821772575
gp_latent_2,651,0.02677961438894272
gp_latent_2,652,0.008596988394856453
gp_latent_2,653,0.020536161959171295
gp_latent_2,654,0.04191291332244873
gp_latent_2,655,0.06804783642292023
gp_latent_2,656,0.03262008726596832
gp_latent_2,657,0.012400122359395027
gp_latent_2,658,0.02017943002283573
gp_latent_2,659,0.004935267847031355
gp_latent_2,660,0.003665471915155649
gp_latent_2,661,0.014283712022006512
gp_latent_2,662,0.024043457582592964
gp_latent_2,663,-0.015466591343283653
gp_latent_2,664,0.03444520756602287
gp_latent_2,665,0.005953160114586353
gp_latent_2,666,-0.0006614839076064527
gp_latent_2,667,0.009777111932635307
gp_latent_2,668,0.03825780004262924
gp_latent_2,669,-0.017426393926143646
gp_latent_2,670,0.0349736288189888
gp_latent_2,671,0.03583284839987755
gp_latent_2,672,0.03461698442697525
gp_latent_2,673,0.049056775867938995
gp_latent_2,674,0.0058972397819161415
gp_latent_2,675,0.04383769631385803
gp_latent_2,676,0.017612043768167496
gp_latent_2,677,0.028327248990535736
gp_latent_2,678,0.027332810685038567
gp_latent_2,679,0.10705240070819855
gp_latent_2,680,0.09517750889062881
gp_latent_2,681,0.06645582616329193
gp_latent_2,682,0.08504585921764374
gp_latent_2,683,0.09890297055244446
gp_latent_2,684,0.10588368028402328
gp_latent_2,685,0.0821775496006012
gp_latent_2,686,0.07324325293302536
gp_latent_2,687,0.07876161485910416
gp_latent_2,688,0.09834879636764526
gp_latent_2,689,0.08649197965860367
gp_latent_2,690,-0.015614518895745277
gp_latent_2,691,0.019895585253834724
gp_latent_2,692,0.04512742906808853
gp_latent_2,693,0.04020997881889343
gp_latent_2,694,0.025031303986907005
gp_latent_2,695,0.03004191443324089
gp_latent_2,696,0.05567672476172447
gp_latent_2,697,0.014355113729834557
gp_latent_2,698,0.043083809316158295
gp_latent_2,699,0.03588830307126045
gp_latent_2,700,0.039805829524993896
gp_latent_2,701,0.04331084340810776
gp_latent_2,702,0.04798654466867447
gp_latent_2,703,0.022715909406542778
gp_latent_2,704,0.08719233423471451
gp_latent_2,705,0.08087895810604095
gp_latent_2,706,0.08833669126033783
gp_latent_2,707,0.09431927651166916
gp_latent_2,708,0.09398452937602997
gp_latent_2,709,-0.04547552019357681
gp_latent_2,710,-0.036380719393491745
gp_latent_2,711,5.4186442866921425e-05
gp_latent_2,712,0.0033902327995747328
gp_latent_2,713,-0.0025693599600344896
gp_latent_2,714,0.024089714512228966
gp_latent_2,715,-0.01340482383966446
gp_latent_2,716,0.08301077038049698
gp_latent_2,717,0.045575305819511414
gp_latent_2,718,0.0325784832239151
gp_latent_2,719,0.025812463834881783
gp_latent_2,720,0.030403120443224907
gp_latent_2,721,0.026524748653173447
gp_latent_2,722,0.023649297654628754
gp_latent_2,723,0.026415186002850533
gp_latent_2,724,0.0037609292194247246
gp_latent_2,725,0.049102120101451874
gp_latent_2,726,0.07062238454818726
gp_latent_2,727,0.06793755292892456
gp_latent_2,728,0.04946274310350418
gp_latent_2,729,0.06094624474644661
gp_latent_2,730,0.026555603370070457
gp_latent_2,731,-0.019676586613059044
gp_latent_2,732,0.04229041934013367
gp_latent_2,733,0.08895660936832428
gp_latent_2,734,0.08558837324380875
gp_latent_2,735,0.027652304619550705
gp_latent_2,736,-0.022427940741181374
gp_latent_2,737,0.021633073687553406
gp_latent_2,738,-0.0057307020761072636
gp_latent_2,739,0.03775891289114952
gp_latent_2,740,0.03009188175201416
gp_latent_2,741,0.03544873371720314
gp_latent_2,742,-0.00390367629006505
gp_latent_2,743,0.02996533364057541
gp_latent_2,744,0.005008304491639137
gp_latent_2,745,0.028976082801818848
gp_latent_2,746,0.01224854402244091
gp_latent_2,747,0.04120483994483948
gp_latent_2,748,0.03332110494375229
gp_latent_2,749,0.014394832774996758
gp_latent_2,750,-0.024417484179139137
gp_latent_2,751,0.021982483565807343
gp_latent_2,752,0.029559388756752014
gp_latent_2,753,0.03100590594112873
gp_latent_2,754,-0.005706670694053173
gp_latent_2,755,0.004577135667204857
gp_latent_2,756,-0.011895136907696724
gp_latent_2,757,-0.01753552444279194
gp_latent_2,758,-0.021720552816987038
gp_latent_2,759,-0.014336895197629929
gp_latent_2,760,0.030653415247797966
gp_latent_2,761,0.0477825403213501
gp_latent_2,762,-0.029752543196082115
gp_latent_2,763,-0.041385479271411896
gp_latent_2,764,-0.008668913505971432
gp_latent_2,765,0.019753215834498405
gp_latent_2,766,0.018190789967775345
gp_latent_2,767,0.039617445319890976
gp_latent_2,768,0.04721555858850479
gp_latent_2,769,0.004066364839673042
gp_latent_2,770,-0.007676204666495323
gp_latent_2,771,-0.0060806116089224815
gp_latent_2,772,-0.05431928113102913
gp_latent_2,773,0.021922007203102112
gp_latent_2,774,0.032774534076452255
gp_latent_2,775,0.027903452515602112
gp_latent_2,776,-0.01128922775387764
gp_latent_2,777,-0.019675910472869873
gp_latent_2,778,0.009243487380445004
gp_latent_2,779,-0.02707103081047535
gp_latent_2,780,0.015901947394013405
gp_latent_2,781,-0.07364565134048462
gp_latent_2,782,-0.06157790869474411
gp_latent_2,783,-0.05987571179866791
gp_latent_2,784,-0.07840117067098618
gp_latent_2,785,-0.0432887077331543
gp_latent_2,786,-0.04105240851640701
gp_latent_2,787,-0.07001198828220367
gp_latent_2,788,-0.06595823168754578
gp_latent_2,789,0.031470924615859985
gp_latent_2,790,0.014305589720606804
gp_latent_2,791,0.023566748946905136
gp_latent_2,792,0.02033310942351818
gp_latent_2,793,-0.013688603416085243
gp_latent_2,794,-0.0003222152590751648
gp_latent_2,795,-0.01513647474348545
gp_latent_2,796,-0.02319195680320263
gp_latent_2,797,-0.021996499970555305
gp_latent_2,798,0.007883787155151367
gp_latent_2,799,0.035297103226184845
gp_latent_2,800,-0.04747813194990158
gp_latent_2,801,0.01072993129491806
gp_latent_2,802,-0.04013693705201149
gp_latent_2,803,0.022415339946746826
gp_latent_2,804,0.027128901332616806
gp_latent_2,805,0.0252020675688982
gp_latent_2,806,0.0026564174331724644
gp_latent_2,807,-0.04668886214494705
gp_latent_2,808,0.025946564972400665
gp_latent_2,809,-0.014471078291535378
gp_latent_2,810,0.006938927806913853
gp_latent_2,811,0.01751301810145378
gp_latent_2,812,0.020358065143227577
gp_latent_2,813,0.007291271351277828
gp_latent_2,814,-0.0137672433629632
gp_latent_2,815,-0.028218435123562813
gp_latent_2,816,0.04087735339999199
gp_latent_2,817,0.04558436945080757
gp_latent_2,818,0.00081890873843804
gp_latent_2,819,0.014027695171535015
gp_latent_2,820,0.006349202711135149
gp_latent_2,821,0.01124261412769556
gp_latent_2,822,-0.012976258061826229
gp_latent_2,823,0.003751962911337614
gp_latent_2,824,0.00418173149228096
gp_latent_2,825,-0.008777318522334099
gp_latent_2,826,-0.0170021690428257
gp_latent_2,827,-0.0341002382338047
gp_latent_2,828,0.02721460908651352
gp_latent_2,829,0.021248914301395416
gp_latent_2,830,0.006931849755346775
gp_latent_2,831,-0.06800372898578644
gp_latent_2,832,-0.004963098093867302
gp_latent_2,833,0.03178822249174118
gp_latent_2,834,0.004774287808686495
gp_latent_2,835,0.0007601289544254541
gp_latent_2,836,0.04644583910703659
gp_latent_2,837,0.03797072172164917
gp_latent_2,838,0.02259787917137146
gp_latent_2,839,0.01010524295270443
gp_latent_2,840,0.020134462043642998
gp_latent_2,841,0.02417719177901745
gp_latent_2,842,0.010181882418692112
gp_latent_2,843,-0.005488676950335503
gp_latent_2,844,0.02887537144124508
gp_latent_2,845,-0.05094611644744873
gp_latent_2,846,-0.01574263907968998
gp_latent_2,847,0.007185531780123711
gp_latent_2,848,-0.014708336442708969
gp_latent_2,849,-0.004733665380626917
gp_latent_2,850,0.008772131986916065
gp_latent_2,851,0.0009759853128343821
gp_latent_2,852,0.01824418641626835
gp_latent_2,853,0.02832963690161705
gp_latent_2,854,0.02585676498711109
gp_latent_2,855,0.02684939280152321
gp_latent_2,856,-0.01733650639653206
gp_latent_2,857,-0.07253342121839523
gp_latent_2,858,0.06728308647871017
gp_latent_2,859,0.03238311782479286
gp_latent_2,860,0.026538299396634102
gp_latent_2,861,0.030623726546764374
gp_latent_2,862,-0.027331849560141563
gp_latent_2,863,-0.016046013683080673
gp_latent_2,864,-0.015006440691649914
gp_latent_2,865,-0.004999004304409027
gp_latent_2,866,0.019891267642378807
gp_latent_2,867,-0.027074148878455162
gp_latent_2,868,0.02808336168527603
gp_latent_2,869,-0.051237866282463074
gp_latent_2,870,-0.060952432453632355
gp_latent_2,871,0.004778895061463118
gp_latent_2,872,0.01604502834379673
gp_latent_2,873,0.02022164687514305
gp_latent_2,874,0.02818574197590351
gp_latent_2,875,-0.0704226940870285
gp_latent_2,876,-0.04932145029306412
gp_latent_2,877,-0.07420240342617035
gp_latent_2,878,0.045744143426418304
gp_latent_2,879,0.03759802132844925
gp_latent_2,880,-0.02529517002403736
gp_latent_2,881,-0.022235142067074776
gp_latent_2,882,0.008111156523227692
gp_latent_2,883,0.011140381917357445
gp_latent_2,884,-0.035249486565589905
gp_latent_2,885,-0.044264260679483414
gp_latent_2,886,-0.004026924725621939
gp_latent_2,887,-0.054056134074926376
gp_latent_2,888,-0.04530998691916466
gp_latent_2,889,-0.016859615221619606
gp_latent_2,890,-0.05102023854851723
gp_latent_2,891,-0.025375116616487503
gp_latent_2,892,-0.03170793876051903
gp_latent_2,893,-0.020473740994930267
gp_latent_2,894,-0.03913122043013573
gp_latent_2,895,-0.02498757652938366
gp_latent_2,896,-0.04644954949617386
gp_latent_2,897,-0.007636400870978832
gp_latent_2,898,-0.025050127878785133
gp_latent_2,899,-0.009936349466443062
gp_latent_2,900,0.0026376673486083746
gp_latent_2,901,0.019368251785635948
gp_latent_2,902,-0.006970277056097984
gp_latent_2,903,-0.013754934072494507
gp_latent_2,904,0.027885500341653824
gp_latent_2,905,0.02628619410097599
gp_latent_2,906,0.001423463225364685
gp_latent_2,907,0.017739081755280495
gp_latent_2,908,-0.02104637771844864
gp_latent_2,909,0.011491772718727589
gp_latent_2,910,0.0030942147132009268
gp_latent_2,911,0.0094976294785738
gp_latent_2,912,-0.00469858618453145
gp_latent_2,913,0.011699161492288113
gp_latent_2,914,-0.055990979075431824
gp_latent_2,915,-0.013806141912937164
gp_latent_2,916,0.00917857140302658
gp_latent_2,917,-0.03574366122484207
gp_latent_2,918,0.005174027755856514
gp_latent_2,919,-0.06153445318341255
gp_latent_2,920,-0.04056932032108307
gp_latent_2,921,-0.056225866079330444
gp_latent_2,922,-0.04967523366212845
gp_latent_2,923,-0.06421373039484024
gp_latent_2,924,-0.0038022331427782774
gp_latent_2,925,0.0016243207501247525
gp_latent_2,926,0.012335266917943954
gp_latent_2,927,0.010550751350820065
gp_latent_2,928,0.03761106729507446
gp_latent_2,929,-0.036264486610889435
gp_latent_2,930,-0.03511104732751846
gp_latent_2,931,0.006331759504973888
gp_latent_2,932,-0.04192530736327171
gp_latent_2,933,-0.051608551293611526
gp_latent_2,934,0.008469261229038239
gp_latent_2,935,-0.00839619804173708
gp_latent_2,936,0.002696226816624403
gp_latent_2,937,0.005238562356680632
gp_latent_2,938,-0.002038082806393504
gp_latent_2,939,-0.01908871717751026
gp_latent_2,940,0.004924091510474682
gp_latent_2,941,0.00775880366563797
gp_latent_2,942,-0.0523209385573864
gp_latent_2,943,-0.013231910765171051
gp_latent_2,944,-0.0014148552436381578
gp_latent_2,945,-0.037930138409137726
gp_latent_2,946,0.005757887847721577
gp_latent_2,947,-0.047380656003952026
gp_latent_2,948,0.020501866936683655
gp_latent_2,949,0.034314192831516266
class_intercept,0,-0.6040139198303223
class_intercept,1,0.18800631165504456
class_intercept,2,0.49356260895729065
class_share,0,0.064153753221035
class_share,1,0.31226685643196106
class_share,2,0.6235794425010681
beta_raw,"0,0",-2.1558961868286133
beta_raw,"0,1",-2.2393798828125
beta_raw,"1,0",3.3193740844726562
beta_raw,"1,1",-3.0648436546325684
beta_raw,"2,0",1.2946195602416992
beta_raw,"2,1",7.86039400100708
asc_raw,"0,0",0.49688997864723206
asc_raw,"0,1",-1.1550577878952026
asc_raw,"1,0",-0.9209686517715454
asc_raw,"1,1",-1.5422431230545044
asc_raw,"2,0",-1.145827293395996
asc_raw,"2,1",1.3585591316223145
