dataset,ID,predicted_class,class_1_prob,class_2_prob,class_3_prob,class_4_prob,class_5_prob,class_6_prob,class_7_prob
train,1.0,4,0.13563546538352966,0.149761363863945,0.14323987066745758,0.15458649396896362,0.14104348421096802,0.13809633255004883,0.13763698935508728
train,2.0,4,0.13974808156490326,0.1503649204969406,0.14601194858551025,0.15171633660793304,0.1428157538175583,0.1451963633298874,0.12414652854204178
train,3.0,1,0.1624503880739212,0.13435806334018707,0.1442769169807434,0.15547038614749908,0.13664622604846954,0.1446113884449005,0.12218669801950455
train,4.0,1,0.14839565753936768,0.14212501049041748,0.1413678228855133,0.1451941281557083,0.13929370045661926,0.14668722450733185,0.13693645596504211
train,5.0,6,0.14611674845218658,0.14328156411647797,0.14260871708393097,0.1449413299560547,0.14146479964256287,0.14676865935325623,0.1348181515932083
train,6.0,2,0.14001767337322235,0.14445282518863678,0.14391206204891205,0.14368046820163727,0.1441386342048645,0.14428207278251648,0.13951636850833893
train,7.0,6,0.14268328249454498,0.14539413154125214,0.14221449196338654,0.14118093252182007,0.14067848026752472,0.14654669165611267,0.14130209386348724
train,8.0,4,0.14197158813476562,0.14291734993457794,0.13909956812858582,0.14901866018772125,0.14221031963825226,0.1449022889137268,0.1398802250623703
train,9.0,4,0.15953783690929413,0.13750961422920227,0.1433839052915573,0.16035184264183044,0.1353296935558319,0.14260761439800262,0.12127957493066788
train,10.0,4,0.13846974074840546,0.15110599994659424,0.14492428302764893,0.15431028604507446,0.1403878778219223,0.14421190321445465,0.12658998370170593
train,12.0,4,0.1354835331439972,0.14805009961128235,0.1497565358877182,0.15055464208126068,0.13634823262691498,0.14014048874378204,0.1396665722131729
train,13.0,2,0.14146122336387634,0.14616432785987854,0.14255070686340332,0.14285893738269806,0.14188873767852783,0.14121198654174805,0.1438639760017395
train,14.0,1,0.1512988954782486,0.1497587412595749,0.1433757096529007,0.14157834649085999,0.13185352087020874,0.14187870919704437,0.1402561366558075
train,15.0,2,0.15152661502361298,0.15284742414951324,0.14340098202228546,0.13874143362045288,0.13076256215572357,0.14359043538570404,0.13913056254386902
train,16.0,2,0.1498509645462036,0.1507355123758316,0.14162905514240265,0.1411578357219696,0.1353113055229187,0.14344067871570587,0.1378745138645172
train,17.0,4,0.14111025631427765,0.1416211873292923,0.14046475291252136,0.14539964497089386,0.14387427270412445,0.14505256712436676,0.14247728884220123
train,18.0,3,0.14132897555828094,0.1443275660276413,0.14593376219272614,0.14441028237342834,0.14212962985038757,0.14578205347061157,0.13608771562576294
train,19.0,1,0.148682102560997,0.14533092081546783,0.14256413280963898,0.14307768642902374,0.13976994156837463,0.14232894778251648,0.13824614882469177
train,20.0,4,0.1413085162639618,0.1500898152589798,0.1457168459892273,0.15489618480205536,0.13993017375469208,0.1424023061990738,0.12565618753433228
train,21.0,4,0.13904674351215363,0.1467972844839096,0.1391693502664566,0.1485142707824707,0.14224250614643097,0.14051640033721924,0.14371347427368164
train,22.0,2,0.14133651554584503,0.14832811057567596,0.14146019518375397,0.1467168927192688,0.13464663922786713,0.14805613458156586,0.1394556164741516
train,23.0,1,0.16203060746192932,0.1346527338027954,0.14258010685443878,0.15711376070976257,0.13687753677368164,0.14396809041500092,0.12277719378471375
train,25.0,2,0.14359362423419952,0.14457382261753082,0.14165443181991577,0.14323046803474426,0.14009392261505127,0.142865389585495,0.14398837089538574
train,26.0,4,0.1413497030735016,0.14207537472248077,0.1417969912290573,0.1466865986585617,0.14029984176158905,0.14440816640853882,0.14338330924510956
train,27.0,1,0.16267123818397522,0.13702182471752167,0.1427021324634552,0.15610505640506744,0.13755068182945251,0.14364802837371826,0.12030112743377686
train,28.0,6,0.14169244468212128,0.14042283594608307,0.1450764238834381,0.1428045630455017,0.14374542236328125,0.14619871973991394,0.14005956053733826
train,29.0,4,0.13901033997535706,0.14634068310260773,0.1480507254600525,0.15074022114276886,0.13590620458126068,0.14060251414775848,0.13934938609600067
train,30.0,4,0.15928080677986145,0.13308051228523254,0.14534467458724976,0.16063430905342102,0.13657326996326447,0.1428094059228897,0.12227696180343628
train,31.0,6,0.14257772266864777,0.1408311128616333,0.14474913477897644,0.14153139293193817,0.14390583336353302,0.1456463634967804,0.1407584249973297
train,33.0,6,0.1452631652355194,0.14175212383270264,0.14125536382198334,0.14012399315834045,0.14378799498081207,0.14792978763580322,0.13988766074180603
train,34.0,2,0.1405687928199768,0.14926666021347046,0.1434243768453598,0.13734252750873566,0.14473028481006622,0.14645007252693176,0.13821722567081451
train,35.0,6,0.14314331114292145,0.1444290727376938,0.14415186643600464,0.1446465104818344,0.13903969526290894,0.14709986746311188,0.13748972117900848
train,36.0,1,0.14380735158920288,0.14318785071372986,0.14259643852710724,0.1429564207792282,0.14114278554916382,0.14308562874794006,0.14322349429130554
train,37.0,1,0.14834582805633545,0.14283712208271027,0.1428644210100174,0.14107520878314972,0.1421918123960495,0.1424877941608429,0.14019787311553955
train,38.0,2,0.13729459047317505,0.14671677350997925,0.14589202404022217,0.14489620923995972,0.14409801363945007,0.14276744425296783,0.13833485543727875
train,39.0,2,0.13818389177322388,0.1470777839422226,0.14603467285633087,0.14414429664611816,0.1467452049255371,0.142674520611763,0.1351395696401596
train,40.0,2,0.14368687570095062,0.14790014922618866,0.13708718121051788,0.14449164271354675,0.1432936042547226,0.1406134068965912,0.1429271548986435
train,41.0,2,0.14367890357971191,0.14877758920192719,0.13804925978183746,0.1474979966878891,0.13549382984638214,0.13891194760799408,0.14759042859077454
train,42.0,6,0.14367470145225525,0.14305710792541504,0.14128434658050537,0.14040575921535492,0.1435176283121109,0.14498937129974365,0.1430710256099701
train,43.0,2,0.1418590098619461,0.14720243215560913,0.14312346279621124,0.14502327144145966,0.14455345273017883,0.13765986263751984,0.14057870209217072
train,44.0,7,0.1466107815504074,0.1372944414615631,0.14543187618255615,0.14150741696357727,0.13901229202747345,0.13969042897224426,0.1504528522491455
train,46.0,7,0.1468106210231781,0.13898029923439026,0.14028072357177734,0.1455368995666504,0.13889656960964203,0.1406886726617813,0.14880608022212982
train,47.0,5,0.13769753277301788,0.14401623606681824,0.14529071748256683,0.1466980129480362,0.1489776074886322,0.14191417396068573,0.13540570437908173
train,48.0,1,0.14836998283863068,0.1459549516439438,0.1395358294248581,0.14613983035087585,0.1344888061285019,0.14050555229187012,0.14500495791435242
train,49.0,4,0.14436553418636322,0.13946332037448883,0.14178456366062164,0.14836138486862183,0.13925395905971527,0.1385054588317871,0.14826585352420807
train,51.0,1,0.14772862195968628,0.14248783886432648,0.14086107909679413,0.14434319734573364,0.14447224140167236,0.13726942241191864,0.1428375393152237
train,53.0,6,0.14493118226528168,0.14458611607551575,0.13829071819782257,0.1445065140724182,0.14323708415031433,0.14773039519786835,0.1367180496454239
train,54.0,5,0.14119112491607666,0.14204806089401245,0.14283645153045654,0.1439085751771927,0.14399120211601257,0.14384455978870392,0.14218014478683472
train,56.0,2,0.14173264801502228,0.14845842123031616,0.13713519275188446,0.145748570561409,0.1405458152294159,0.14255091547966003,0.14382854104042053
train,58.0,1,0.144206702709198,0.1405043601989746,0.14297394454479218,0.14392279088497162,0.14288446307182312,0.14308984577655792,0.14241795241832733
train,61.0,1,0.14480997622013092,0.1440395563840866,0.14165908098220825,0.14449118077754974,0.14450331032276154,0.13870371878147125,0.14179320633411407
train,62.0,4,0.14087718725204468,0.14272010326385498,0.1425887942314148,0.14672406017780304,0.14284873008728027,0.14271880686283112,0.1415223479270935
train,63.0,1,0.15092769265174866,0.14828532934188843,0.13615597784519196,0.14479123055934906,0.13829512894153595,0.13759095966815948,0.14395354688167572
train,65.0,2,0.13773265480995178,0.1549631804227829,0.14779531955718994,0.14069928228855133,0.13984283804893494,0.13980819284915924,0.13915863633155823
train,66.0,1,0.14575175940990448,0.14277003705501556,0.14327166974544525,0.14343418180942535,0.14142481982707977,0.14306677877902985,0.14028063416481018
train,67.0,4,0.1494607925415039,0.13448096811771393,0.14481286704540253,0.15075761079788208,0.13934113085269928,0.14475877583026886,0.1363878697156906
train,68.0,4,0.14893585443496704,0.13679438829421997,0.1414114385843277,0.1503480076789856,0.14132808148860931,0.14411331713199615,0.1370687633752823
train,69.0,7,0.14428453147411346,0.13999149203300476,0.13806457817554474,0.1440352201461792,0.14501790702342987,0.14021120965480804,0.1483951359987259
train,70.0,1,0.15429852902889252,0.1493735909461975,0.13852480053901672,0.14051510393619537,0.13878729939460754,0.13755996525287628,0.14094068109989166
train,72.0,2,0.1435469537973404,0.14640390872955322,0.14179334044456482,0.14022187888622284,0.1428421437740326,0.14439567923545837,0.14079605042934418
train,73.0,5,0.14242935180664062,0.13510486483573914,0.1423642337322235,0.14394454658031464,0.14718444645404816,0.14374394714832306,0.1452285647392273
train,74.0,1,0.14581674337387085,0.14450101554393768,0.13970498740673065,0.14123009145259857,0.14215512573719025,0.14434705674648285,0.14224499464035034
train,75.0,1,0.14759530127048492,0.14265471696853638,0.13813462853431702,0.14500245451927185,0.14118161797523499,0.14401020109653473,0.14142107963562012
train,76.0,4,0.14371901750564575,0.1248764619231224,0.1470727026462555,0.14790792763233185,0.14732448756694794,0.14779029786586761,0.14130905270576477
train,78.0,3,0.1424199938774109,0.1422617882490158,0.14425814151763916,0.14333505928516388,0.14282742142677307,0.14215461909770966,0.14274300634860992
train,79.0,5,0.14570482075214386,0.13688021898269653,0.13735802471637726,0.14455528557300568,0.14696486294269562,0.14349345862865448,0.145043283700943
train,80.0,1,0.14717595279216766,0.1396617740392685,0.1453508883714676,0.1427994817495346,0.14333908259868622,0.143863707780838,0.13780905306339264
train,81.0,7,0.1440030187368393,0.13883528113365173,0.14236097037792206,0.14039790630340576,0.14568783342838287,0.13931003212928772,0.14940497279167175
train,83.0,3,0.1404857635498047,0.140880286693573,0.1463579535484314,0.14381830394268036,0.14283645153045654,0.1445946842432022,0.141026571393013
train,85.0,5,0.14443299174308777,0.1341768056154251,0.14236266911029816,0.14220315217971802,0.14643628895282745,0.14444978535175323,0.14593824744224548
train,86.0,5,0.14156889915466309,0.1395919770002365,0.14401933550834656,0.14079166948795319,0.14529980719089508,0.14458639919757843,0.14414191246032715
train,88.0,4,0.14249937236309052,0.13932296633720398,0.14212599396705627,0.15071605145931244,0.14330928027629852,0.1398094892501831,0.14221683144569397
train,90.0,5,0.14551587402820587,0.1430252194404602,0.13737206161022186,0.14184699952602386,0.14721272885799408,0.14172516763210297,0.14330197870731354
train,91.0,6,0.144464373588562,0.1405167281627655,0.14426621794700623,0.14320889115333557,0.14104531705379486,0.14762093126773834,0.13887754082679749
train,92.0,4,0.14656715095043182,0.14224204421043396,0.1447853446006775,0.14780524373054504,0.14052996039390564,0.13628733158111572,0.14178290963172913
train,93.0,4,0.14161786437034607,0.14042340219020844,0.14518378674983978,0.15032370388507843,0.14080287516117096,0.13935108482837677,0.14229729771614075
train,94.0,4,0.14079338312149048,0.13981643319129944,0.1456325799226761,0.15399712324142456,0.1410088688135147,0.138040691614151,0.14071090519428253
train,95.0,4,0.14208471775054932,0.14307500422000885,0.14431142807006836,0.1498691290616989,0.1406356692314148,0.13758064806461334,0.14244338870048523
train,96.0,4,0.14249344170093536,0.14034660160541534,0.14423632621765137,0.14832468330860138,0.1440502405166626,0.1401987075805664,0.14034996926784515
train,98.0,1,0.14732950925827026,0.14690817892551422,0.1380174309015274,0.14101740717887878,0.1438305526971817,0.1443450003862381,0.13855189085006714
train,99.0,4,0.144107848405838,0.13807760179042816,0.14447015523910522,0.15068480372428894,0.14425991475582123,0.13700580596923828,0.14139388501644135
train,100.0,6,0.14659716188907623,0.14031022787094116,0.13850799202919006,0.13892969489097595,0.1429840326309204,0.14660345017910004,0.14606739580631256
train,101.0,1,0.14834263920783997,0.13787944614887238,0.14204199612140656,0.14092428982257843,0.14343558251857758,0.1446092575788498,0.14276689291000366
train,103.0,1,0.15195432305335999,0.14919306337833405,0.1349763721227646,0.14274188876152039,0.1383703351020813,0.13928154110908508,0.14348256587982178
train,104.0,7,0.14429256319999695,0.13605520129203796,0.14352966845035553,0.14425377547740936,0.14447301626205444,0.14132937788963318,0.14606647193431854
train,105.0,5,0.14216846227645874,0.1431605964899063,0.1435718834400177,0.14278849959373474,0.14382141828536987,0.14362289011478424,0.1408662497997284
train,106.0,2,0.14187927544116974,0.15064044296741486,0.14491978287696838,0.1394142210483551,0.1450526863336563,0.13863375782966614,0.13945987820625305
train,107.0,2,0.14200875163078308,0.14579208195209503,0.13887976109981537,0.14209914207458496,0.14535899460315704,0.14525915682315826,0.14060206711292267
train,109.0,3,0.1424935907125473,0.1394568234682083,0.1497078537940979,0.14526428282260895,0.14506220817565918,0.1432287096977234,0.13478657603263855
train,111.0,1,0.147412970662117,0.14357836544513702,0.14111755788326263,0.14053964614868164,0.14493602514266968,0.14305180311203003,0.13936369121074677
train,112.0,3,0.14418329298496246,0.14535850286483765,0.1456041783094406,0.14392918348312378,0.13883119821548462,0.14430685341358185,0.13778674602508545
train,113.0,5,0.1383167803287506,0.14143379032611847,0.1393870711326599,0.1465299129486084,0.148042693734169,0.14598557353019714,0.14030413329601288
train,115.0,4,0.14220933616161346,0.14214205741882324,0.14315277338027954,0.15410350263118744,0.14417491853237152,0.1368706077337265,0.1373467892408371
train,116.0,1,0.14602039754390717,0.1417587846517563,0.14553534984588623,0.13888011872768402,0.14325356483459473,0.14145144820213318,0.14310026168823242
train,117.0,3,0.14453032612800598,0.14085008203983307,0.14588487148284912,0.13833646476268768,0.14526498317718506,0.1421101838350296,0.14302313327789307
train,118.0,2,0.1401393860578537,0.14594708383083344,0.14348335564136505,0.14303290843963623,0.1428120881319046,0.14363521337509155,0.14095009863376617
train,119.0,5,0.14435045421123505,0.1424887329339981,0.144391268491745,0.13910090923309326,0.14450299739837646,0.14091095328330994,0.14425483345985413
train,120.0,7,0.14324668049812317,0.14336135983467102,0.1434667408466339,0.1424206644296646,0.14288443326950073,0.1410321593284607,0.1435881108045578
train,121.0,4,0.14368824660778046,0.14320768415927887,0.14199376106262207,0.1477770358324051,0.14607249200344086,0.1402641385793686,0.13699667155742645
train,122.0,6,0.14091698825359344,0.1417696177959442,0.1388671100139618,0.14428873360157013,0.14177221059799194,0.14644891023635864,0.145936518907547
train,123.0,4,0.14100638031959534,0.1435970962047577,0.1438639611005783,0.14541186392307281,0.14146830141544342,0.14117713272571564,0.14347527921199799
train,124.0,1,0.14896276593208313,0.14707660675048828,0.14047721028327942,0.13833731412887573,0.14250297844409943,0.14777103066444397,0.13487204909324646
train,125.0,1,0.1502256542444229,0.14592061936855316,0.1392550766468048,0.1382978856563568,0.14379417896270752,0.14212201535701752,0.14038453996181488
train,126.0,2,0.14611868560314178,0.14854437112808228,0.14369137585163116,0.14058184623718262,0.1425117552280426,0.13600054383277893,0.14255154132843018
train,127.0,4,0.14419028162956238,0.13812081515789032,0.1404799520969391,0.14746341109275818,0.145650714635849,0.14394082129001617,0.14015409350395203
train,128.0,4,0.14308451116085052,0.1429537832736969,0.140639528632164,0.14507809281349182,0.14474564790725708,0.14301303029060364,0.1404854655265808
train,131.0,3,0.14310649037361145,0.14383281767368317,0.14395573735237122,0.14066259562969208,0.14265617728233337,0.1426781564950943,0.14310814440250397
train,132.0,7,0.14364168047904968,0.14161846041679382,0.1410609483718872,0.14374178647994995,0.14203059673309326,0.14167511463165283,0.14623136818408966
train,133.0,3,0.13569729030132294,0.1476317048072815,0.1502188891172409,0.14368708431720734,0.14466679096221924,0.1406172215938568,0.13748110830783844
train,134.0,2,0.13756456971168518,0.14861875772476196,0.1467546820640564,0.14116142690181732,0.1433733105659485,0.14643660187721252,0.1360906958580017
train,135.0,2,0.1375056952238083,0.14832007884979248,0.1467876434326172,0.14364811778068542,0.14449921250343323,0.1425504833459854,0.136688694357872
train,136.0,2,0.13513031601905823,0.15020079910755157,0.14824147522449493,0.14463067054748535,0.14178963005542755,0.14511311054229736,0.13489390909671783
train,137.0,2,0.13538260757923126,0.15074430406093597,0.14724403619766235,0.1434643268585205,0.14374323189258575,0.14401650428771973,0.13540500402450562
train,138.0,4,0.14369620382785797,0.14264801144599915,0.14130349457263947,0.14435894787311554,0.1416238397359848,0.14289750158786774,0.14347194135189056
train,143.0,1,0.14408044517040253,0.14296330511569977,0.1414794772863388,0.14345718920230865,0.14150556921958923,0.14376018941402435,0.14275386929512024
train,144.0,2,0.14196082949638367,0.14450383186340332,0.14447709918022156,0.14364448189735413,0.137844055891037,0.14333128929138184,0.14423847198486328
train,145.0,4,0.14413167536258698,0.14289003610610962,0.1433180421590805,0.14546698331832886,0.14083650708198547,0.14087146520614624,0.1424853652715683
train,146.0,1,0.145392045378685,0.14451099932193756,0.14324583113193512,0.14237548410892487,0.14099954068660736,0.14539006352424622,0.1380859613418579
train,147.0,5,0.14174099266529083,0.14412690699100494,0.14302323758602142,0.14264295995235443,0.1445392668247223,0.14053545892238617,0.14339107275009155
train,148.0,6,0.14339233934879303,0.14277000725269318,0.14307084679603577,0.14181962609291077,0.13965612649917603,0.1448839157819748,0.14440716803073883
train,149.0,4,0.14092512428760529,0.14466749131679535,0.14434722065925598,0.14486895501613617,0.1426902711391449,0.14323362708091736,0.13926731050014496
train,150.0,5,0.13906918466091156,0.14407192170619965,0.14513163268566132,0.1458558589220047,0.14655934274196625,0.1392233520746231,0.1400887817144394
train,151.0,2,0.1386638581752777,0.14728882908821106,0.14109018445014954,0.14703115820884705,0.14514441788196564,0.14112907648086548,0.13965252041816711
train,152.0,2,0.13592317700386047,0.14815501868724823,0.1459905356168747,0.14419688284397125,0.14384201169013977,0.1451522558927536,0.1367400586605072
train,153.0,3,0.14144226908683777,0.14228619635105133,0.14608560502529144,0.14601196348667145,0.140588641166687,0.14138491451740265,0.14220045506954193
train,154.0,2,0.13521850109100342,0.14929784834384918,0.1447959840297699,0.14269523322582245,0.14503182470798492,0.145490363240242,0.13747023046016693
train,155.0,3,0.14088812470436096,0.142964705824852,0.14473363757133484,0.1446589231491089,0.1422751098871231,0.14255304634571075,0.14192643761634827
train,158.0,4,0.1409715861082077,0.14427641034126282,0.14057055115699768,0.14822986721992493,0.14497756958007812,0.13984327018260956,0.14113080501556396
train,160.0,3,0.14281028509140015,0.14391350746154785,0.14430703222751617,0.14411526918411255,0.142136350274086,0.14234541356563568,0.14037208259105682
train,161.0,2,0.1416374295949936,0.1447778344154358,0.14214517176151276,0.14249935746192932,0.14235006272792816,0.14410832524299622,0.14248183369636536
train,162.0,1,0.14463160932064056,0.14409030973911285,0.1435275673866272,0.14286699891090393,0.14418520033359528,0.13956989347934723,0.14112836122512817
train,163.0,6,0.14398948848247528,0.14391499757766724,0.14122389256954193,0.14244066178798676,0.14241114258766174,0.1441836953163147,0.14183609187602997
train,165.0,1,0.14400839805603027,0.14215043187141418,0.14248989522457123,0.14269627630710602,0.14302237331867218,0.14361083507537842,0.14202186465263367
train,166.0,5,0.14027276635169983,0.1430128812789917,0.14373338222503662,0.14218561351299286,0.14490942656993866,0.1420535296201706,0.14383232593536377
train,167.0,6,0.1460161954164505,0.14424988627433777,0.13931594789028168,0.1421491652727127,0.1416662484407425,0.14764255285263062,0.13896004855632782
train,168.0,2,0.14459547400474548,0.14790944755077362,0.14087222516536713,0.14090947806835175,0.14162662625312805,0.14468911290168762,0.13939771056175232
train,170.0,3,0.1409178376197815,0.13903599977493286,0.14787571132183075,0.14506028592586517,0.14722992479801178,0.14393317699432373,0.13594713807106018
train,172.0,4,0.14820054173469543,0.1447027623653412,0.14017295837402344,0.15278181433677673,0.1424332559108734,0.13653214275836945,0.13517643511295319
train,173.0,4,0.14310535788536072,0.13938072323799133,0.14026778936386108,0.15418046712875366,0.14861828088760376,0.1366119533777237,0.13783541321754456
train,174.0,4,0.1470494419336319,0.14173434674739838,0.13739748299121857,0.15175387263298035,0.14507675170898438,0.13854379951953888,0.13844439387321472
train,176.0,2,0.1393885612487793,0.14759685099124908,0.14098228514194489,0.14262329041957855,0.13943961262702942,0.14618784189224243,0.14378167688846588
train,177.0,3,0.14221514761447906,0.13940492272377014,0.14844343066215515,0.14814093708992004,0.1460079848766327,0.14050720632076263,0.13528044521808624
train,178.0,2,0.1467733085155487,0.14871691167354584,0.13899891078472137,0.13766434788703918,0.14379587769508362,0.1459500789642334,0.13810047507286072
train,179.0,5,0.13776935636997223,0.14800892770290375,0.14169150590896606,0.14050665497779846,0.1490066945552826,0.14297209680080414,0.14004461467266083
train,180.0,6,0.14511963725090027,0.14513303339481354,0.1386088728904724,0.14356930553913116,0.1420994997024536,0.14633679389953613,0.13913290202617645
train,181.0,3,0.14147649705410004,0.13693314790725708,0.14848357439041138,0.14535494148731232,0.14483028650283813,0.14527317881584167,0.13764843344688416
train,182.0,4,0.14528095722198486,0.14194068312644958,0.14618869125843048,0.14679884910583496,0.14453235268592834,0.14180302619934082,0.13345548510551453
train,183.0,2,0.14086832106113434,0.1444438397884369,0.14393948018550873,0.14409437775611877,0.14328160881996155,0.14099469780921936,0.14237761497497559
train,184.0,5,0.143138125538826,0.1410275101661682,0.14308814704418182,0.1428682953119278,0.14573435485363007,0.14150606095790863,0.14263759553432465
train,185.0,4,0.14085426926612854,0.1433892697095871,0.14165104925632477,0.14707033336162567,0.14380931854248047,0.14311262965202332,0.14011311531066895
train,186.0,2,0.13940070569515228,0.14894592761993408,0.14888352155685425,0.14192456007003784,0.14087900519371033,0.13982869684696198,0.14013759791851044
train,187.0,7,0.14242231845855713,0.14229010045528412,0.1431165486574173,0.14388306438922882,0.13763320446014404,0.14465577900409698,0.14599905908107758
train,188.0,4,0.14482250809669495,0.1409723162651062,0.1434289962053299,0.1472168266773224,0.1386757493019104,0.14156658947467804,0.14331693947315216
train,189.0,4,0.1422141194343567,0.1423976868391037,0.14168420433998108,0.14723968505859375,0.13879503309726715,0.14235946536064148,0.14530979096889496
train,190.0,3,0.1434548944234848,0.14419741928577423,0.14432312548160553,0.14306314289569855,0.13929513096809387,0.14228789508342743,0.1433783918619156
train,191.0,7,0.1410239189863205,0.14401490986347198,0.13973045349121094,0.14440087974071503,0.14034371078014374,0.14478862285614014,0.1456974595785141
train,192.0,2,0.14371737837791443,0.1455710530281067,0.14277121424674988,0.14184828102588654,0.14428186416625977,0.14423900842666626,0.13757117092609406
train,194.0,1,0.144692525267601,0.14367356896400452,0.14285631477832794,0.14139306545257568,0.14184795320034027,0.14370016753673553,0.14183640480041504
train,195.0,3,0.14007596671581268,0.1430840790271759,0.15080179274082184,0.14289619028568268,0.14005352556705475,0.1444908231496811,0.13859759271144867
train,196.0,2,0.14414232969284058,0.14544472098350525,0.14017023146152496,0.14379169046878815,0.13897675275802612,0.1442486047744751,0.1432257443666458
train,197.0,1,0.1462140530347824,0.1437230110168457,0.14241310954093933,0.14212721586227417,0.14227032661437988,0.1414048671722412,0.14184746146202087
train,198.0,1,0.14573153853416443,0.14338015019893646,0.14139899611473083,0.1425473690032959,0.13659484684467316,0.1450686752796173,0.14527834951877594
train,202.0,5,0.1469569057226181,0.12466741353273392,0.1435476839542389,0.1420726180076599,0.1514819711446762,0.1446419656276703,0.14663152396678925
train,203.0,7,0.14662691950798035,0.12524117529392242,0.1452057957649231,0.14469841122627258,0.14663968980312347,0.13932116329669952,0.15226688981056213
train,204.0,1,0.14537250995635986,0.13578207790851593,0.14511054754257202,0.1450546681880951,0.1420397311449051,0.14176659286022186,0.14487390220165253
train,205.0,4,0.1430472880601883,0.14365556836128235,0.14192156493663788,0.14477352797985077,0.1421428620815277,0.14124514162540436,0.14321404695510864
train,206.0,5,0.14382222294807434,0.14237742125988007,0.14296649396419525,0.14229024946689606,0.14519596099853516,0.14179308712482452,0.14155466854572296
train,207.0,1,0.14976680278778076,0.12329914420843124,0.141880601644516,0.14349497854709625,0.14959251880645752,0.14251264929771423,0.1494533121585846
train,208.0,3,0.13886773586273193,0.14036093652248383,0.145573690533638,0.14391018450260162,0.14415623247623444,0.14196394383907318,0.14516736567020416
train,209.0,6,0.14289097487926483,0.14126184582710266,0.14415395259857178,0.14371217787265778,0.1415078341960907,0.14923107624053955,0.13724207878112793
train,213.0,2,0.1441068798303604,0.14651897549629211,0.1441858410835266,0.14531752467155457,0.14354310929775238,0.13888242840766907,0.13744527101516724
train,214.0,6,0.13895703852176666,0.14251643419265747,0.1393340528011322,0.14682134985923767,0.14285866916179657,0.14729101955890656,0.14222140610218048
train,215.0,2,0.14037929475307465,0.15291444957256317,0.14376868307590485,0.14120879769325256,0.1408051699399948,0.14541421830654144,0.13550935685634613
train,216.0,1,0.1447506994009018,0.14406783878803253,0.14355367422103882,0.13985325396060944,0.14090968668460846,0.14420539140701294,0.14265955984592438
train,217.0,2,0.140594482421875,0.14508238434791565,0.14302246272563934,0.14260810613632202,0.14027409255504608,0.1435067504644394,0.14491170644760132
train,218.0,6,0.13950851559638977,0.1442180722951889,0.1424732357263565,0.14170309901237488,0.1436672806739807,0.1470111608505249,0.1414186656475067
train,219.0,6,0.14239844679832458,0.13090866804122925,0.14641644060611725,0.14528264105319977,0.1454622447490692,0.14772462844848633,0.14180681109428406
train,221.0,7,0.1402948498725891,0.14278915524482727,0.1420675367116928,0.14347609877586365,0.14382138848304749,0.14244849979877472,0.14510242640972137
train,223.0,5,0.14117276668548584,0.14408224821090698,0.14270398020744324,0.14310574531555176,0.14474722743034363,0.14144985377788544,0.14273826777935028
train,224.0,1,0.1530790776014328,0.13768163323402405,0.1444472074508667,0.14219897985458374,0.1368197202682495,0.14062248170375824,0.14515091478824615
train,225.0,6,0.14585214853286743,0.1340283304452896,0.14525076746940613,0.1439303159713745,0.14399798214435577,0.14611272513866425,0.14082778990268707
train,227.0,3,0.13625521957874298,0.14274512231349945,0.15177249908447266,0.1448148936033249,0.14335936307907104,0.14224614202976227,0.13880687952041626
train,228.0,3,0.13436590135097504,0.1428057998418808,0.15238051116466522,0.14475330710411072,0.14192166924476624,0.14186829328536987,0.1419045776128769
train,229.0,3,0.13381460309028625,0.14460833370685577,0.15322282910346985,0.14441023766994476,0.14124448597431183,0.14228422939777374,0.14041535556316376
train,230.0,4,0.14222700893878937,0.14370763301849365,0.1431766301393509,0.14470359683036804,0.14456108212471008,0.14126752316951752,0.14035643637180328
train,231.0,6,0.14227993786334991,0.14329952001571655,0.144021674990654,0.14538659155368805,0.14210344851016998,0.14552216231822968,0.13738664984703064
train,232.0,1,0.1482391357421875,0.14267995953559875,0.14270903170108795,0.14625976979732513,0.13971950113773346,0.14227445423603058,0.13811810314655304
train,234.0,4,0.149156853556633,0.1436816304922104,0.1422491818666458,0.15220852196216583,0.13769486546516418,0.14633704721927643,0.1286720186471939
train,236.0,7,0.1443590521812439,0.13978055119514465,0.143047496676445,0.14388923346996307,0.14238782227039337,0.1421622633934021,0.14437365531921387
train,237.0,2,0.14321373403072357,0.1457306444644928,0.14075101912021637,0.13981285691261292,0.14479383826255798,0.1427689790725708,0.14292892813682556
train,238.0,3,0.14563952386379242,0.14120613038539886,0.14659486711025238,0.14265286922454834,0.14462578296661377,0.14383983612060547,0.13544096052646637
train,239.0,2,0.14196327328681946,0.1504247784614563,0.14474745094776154,0.14788515865802765,0.14177261292934418,0.13735903799533844,0.13584771752357483
train,240.0,2,0.14758843183517456,0.15086334943771362,0.1401202380657196,0.14791196584701538,0.14222410321235657,0.13790951669216156,0.13338245451450348
train,241.0,4,0.14451324939727783,0.14826343953609467,0.1414753794670105,0.14880488812923431,0.14295201003551483,0.14014211297035217,0.1338488608598709
train,243.0,6,0.13851699233055115,0.14208471775054932,0.14370766282081604,0.14261452853679657,0.1420154571533203,0.14645107090473175,0.14460960030555725
train,244.0,6,0.14234142005443573,0.13767826557159424,0.14117342233657837,0.1420799344778061,0.14428098499774933,0.14883525669574738,0.14361074566841125
train,247.0,3,0.13763798773288727,0.14695477485656738,0.15048648416996002,0.1411200910806656,0.14055657386779785,0.13946041464805603,0.14378370344638824
train,248.0,5,0.14207862317562103,0.1418922394514084,0.14376859366893768,0.14285071194171906,0.14397194981575012,0.14329254627227783,0.14214535057544708
train,250.0,3,0.13453637063503265,0.14372378587722778,0.1551758050918579,0.14376935362815857,0.14096806943416595,0.14044547080993652,0.1413811892271042
train,251.0,4,0.14276517927646637,0.14138826727867126,0.13921493291854858,0.14561037719249725,0.14127016067504883,0.14498911798000336,0.14476191997528076
train,252.0,4,0.14893904328346252,0.14438152313232422,0.1430816352367401,0.15161332488059998,0.1372905671596527,0.14589424431324005,0.12879975140094757
train,253.0,2,0.14187008142471313,0.14560993015766144,0.14358612895011902,0.1452663242816925,0.1422652006149292,0.14246539771556854,0.13893689215183258
train,254.0,2,0.14171931147575378,0.1505698561668396,0.13599832355976105,0.14749866724014282,0.14530730247497559,0.14723528921604156,0.13167116045951843
train,255.0,5,0.1432349532842636,0.1410619169473648,0.14201830327510834,0.14049603044986725,0.14688527584075928,0.14451515674591064,0.14178834855556488
train,256.0,2,0.1395975947380066,0.14944298565387726,0.1393299102783203,0.14206625521183014,0.14406061172485352,0.14534182846546173,0.1401609182357788
train,257.0,2,0.14569811522960663,0.14914798736572266,0.14433087408542633,0.14237016439437866,0.14073513448238373,0.1388232707977295,0.13889454305171967
train,258.0,2,0.1449609249830246,0.14859424531459808,0.13971282541751862,0.14468780159950256,0.14677694439888,0.14413179457187653,0.13113543391227722
train,259.0,3,0.1441039890050888,0.14324422180652618,0.14651446044445038,0.1431414932012558,0.1384768784046173,0.14230267703533173,0.1422162652015686
train,260.0,5,0.14304132759571075,0.14391878247261047,0.14084410667419434,0.14194168150424957,0.1441274732351303,0.1440654695034027,0.14206117391586304
train,261.0,7,0.14341948926448822,0.1457538604736328,0.1416475921869278,0.13985218107700348,0.13963919878005981,0.14324066042900085,0.146447092294693
train,262.0,2,0.12978221476078033,0.1518290638923645,0.14825639128684998,0.14619572460651398,0.14212588965892792,0.14099077880382538,0.14081993699073792
train,264.0,2,0.14019769430160522,0.1505090296268463,0.14886927604675293,0.1480042040348053,0.13698719441890717,0.14032205939292908,0.13511048257350922
train,265.0,2,0.14356499910354614,0.14577314257621765,0.13865891098976135,0.14544838666915894,0.14055383205413818,0.14518135786056519,0.14081940054893494
train,266.0,2,0.13926231861114502,0.1456277221441269,0.14440208673477173,0.14410273730754852,0.14300955832004547,0.1411563754081726,0.14243914186954498
train,267.0,2,0.13144247233867645,0.1530582159757614,0.14696688950061798,0.1446637660264969,0.14106959104537964,0.1414840817451477,0.14131498336791992
train,269.0,4,0.14341892302036285,0.13032719492912292,0.14710773527622223,0.15014198422431946,0.13738387823104858,0.1456812471151352,0.1459391713142395
train,270.0,2,0.13046103715896606,0.1503680944442749,0.14881011843681335,0.14231176674365997,0.14470164477825165,0.14042603969573975,0.1429212987422943
train,271.0,4,0.14890767633914948,0.14184105396270752,0.14433187246322632,0.15310131013393402,0.13437297940254211,0.14870865643024445,0.12873636186122894
train,272.0,6,0.14192885160446167,0.143834188580513,0.1435128003358841,0.1419939249753952,0.14285123348236084,0.14674927294254303,0.13912975788116455
train,274.0,5,0.14208917319774628,0.14107631146907806,0.14315956830978394,0.14321821928024292,0.1446840763092041,0.1440579891204834,0.14171470701694489
train,275.0,4,0.14337611198425293,0.12596668303012848,0.14907388389110565,0.1512659639120102,0.1397532969713211,0.14741967618465424,0.143144428730011
train,276.0,6,0.1419486105442047,0.13838958740234375,0.14333531260490417,0.14424502849578857,0.143053337931633,0.14737075567245483,0.14165736734867096
train,278.0,2,0.14380697906017303,0.14905448257923126,0.1443624049425125,0.14571401476860046,0.14092224836349487,0.1380772441625595,0.13806261122226715
train,279.0,2,0.14165610074996948,0.14533358812332153,0.14239542186260223,0.14149916172027588,0.1439448446035385,0.14163491129875183,0.14353595674037933
train,281.0,4,0.1419118344783783,0.14139048755168915,0.1416161060333252,0.14975573122501373,0.14222116768360138,0.1400495171546936,0.1430552750825882
train,282.0,6,0.14213648438453674,0.14241714775562286,0.1434558928012848,0.14336654543876648,0.13992266356945038,0.14466765522956848,0.1440335363149643
train,283.0,6,0.13872966170310974,0.1378837525844574,0.14204813539981842,0.14678756892681122,0.1427115947008133,0.1473972052335739,0.14444206655025482
train,284.0,7,0.14205850660800934,0.14267954230308533,0.14492593705654144,0.1430426985025406,0.13890014588832855,0.14119957387447357,0.14719362556934357
train,285.0,3,0.14176985621452332,0.1402733027935028,0.14615310728549957,0.14469656348228455,0.13874799013137817,0.14315909147262573,0.14520007371902466
train,286.0,6,0.14388512074947357,0.14568458497524261,0.1393815577030182,0.14320161938667297,0.14527645707130432,0.1459042727947235,0.1366664171218872
train,287.0,2,0.13868731260299683,0.14747445285320282,0.13773004710674286,0.1462952196598053,0.14130321145057678,0.14447559416294098,0.14403419196605682
train,288.0,6,0.1399485170841217,0.14541442692279816,0.14132773876190186,0.1425183266401291,0.14095592498779297,0.14665289223194122,0.14318226277828217
train,290.0,2,0.1423846036195755,0.15182773768901825,0.1458165943622589,0.14722581207752228,0.1371152698993683,0.13958624005317688,0.13604381680488586
train,291.0,2,0.14310413599014282,0.15115880966186523,0.145451620221138,0.14739038050174713,0.1382719874382019,0.14085716009140015,0.1337658166885376
train,294.0,2,0.14354676008224487,0.14607159793376923,0.1424669772386551,0.14490656554698944,0.1407199501991272,0.14400261640548706,0.1382855772972107
train,296.0,4,0.1417580544948578,0.1422317773103714,0.14320825040340424,0.14697939157485962,0.1424800157546997,0.14317549765110016,0.14016705751419067
train,298.0,6,0.14356186985969543,0.1415376216173172,0.14535968005657196,0.1436305046081543,0.14099009335041046,0.14544595777988434,0.1394742727279663
train,300.0,3,0.14023035764694214,0.13409310579299927,0.1517392098903656,0.14224614202976227,0.1486494094133377,0.1422414779663086,0.14080017805099487
train,301.0,5,0.1373237669467926,0.1335909515619278,0.14990238845348358,0.1463635116815567,0.1505335569381714,0.14085733890533447,0.14142848551273346
train,302.0,3,0.1411462277173996,0.1416522115468979,0.14550097286701202,0.14368917047977448,0.1443033069372177,0.1433074176311493,0.1404007375240326
train,303.0,2,0.14273110032081604,0.15340252220630646,0.13825242221355438,0.14109739661216736,0.141641765832901,0.14349044859409332,0.13938431441783905
train,304.0,2,0.1406979113817215,0.15075160562992096,0.13985203206539154,0.14556832611560822,0.14198651909828186,0.14381267130374908,0.1373308151960373
train,305.0,2,0.14097784459590912,0.1472623199224472,0.1469193994998932,0.14039801061153412,0.14219099283218384,0.14356939494609833,0.13868200778961182
train,306.0,6,0.14708368480205536,0.1429108828306198,0.1392626315355301,0.1478811800479889,0.13338735699653625,0.148610919713974,0.14086328446865082
train,307.0,6,0.14438670873641968,0.14226026833057404,0.14473649859428406,0.14483243227005005,0.13276951014995575,0.15022069215774536,0.14079385995864868
train,308.0,6,0.14806661009788513,0.14231908321380615,0.14011885225772858,0.14521828293800354,0.13428780436515808,0.14966274797916412,0.14032664895057678
train,310.0,7,0.1382911056280136,0.14354278147220612,0.1418456733226776,0.1429731547832489,0.14397597312927246,0.143508180975914,0.14586319029331207
train,313.0,5,0.14415588974952698,0.1433723121881485,0.1411125808954239,0.14153732359409332,0.14572963118553162,0.14253756403923035,0.14155466854572296
train,314.0,6,0.139943927526474,0.13797615468502045,0.14023040235042572,0.14138059318065643,0.1469423472881317,0.14698757231235504,0.14653894305229187
train,315.0,5,0.1425594687461853,0.14388692378997803,0.1422496736049652,0.14183014631271362,0.1449548602104187,0.14141863584518433,0.1431002914905548
train,316.0,6,0.1430259644985199,0.14196886122226715,0.1439521461725235,0.14080974459648132,0.14368446171283722,0.145809143781662,0.1407497078180313
train,317.0,6,0.14232882857322693,0.14542262256145477,0.1393338143825531,0.14353521168231964,0.141890287399292,0.15088686347007751,0.1366022825241089
train,318.0,6,0.1419505774974823,0.1423235684633255,0.14283421635627747,0.14452122151851654,0.14065797626972198,0.1446237862110138,0.1430886685848236
train,319.0,4,0.13860179483890533,0.14308588206768036,0.14437681436538696,0.14582891762256622,0.1414463222026825,0.1424502283334732,0.1442100554704666
train,320.0,1,0.1458834707736969,0.14381691813468933,0.14175038039684296,0.13856124877929688,0.14027298986911774,0.1443200558423996,0.1453949213027954
train,321.0,1,0.14418552815914154,0.14256569743156433,0.14398327469825745,0.14284798502922058,0.142506405711174,0.14097970724105835,0.14293135702610016
train,323.0,2,0.14486859738826752,0.14661505818367004,0.13838940858840942,0.14531375467777252,0.1460151970386505,0.14149068295955658,0.13730737566947937
train,325.0,3,0.13828563690185547,0.13805752992630005,0.15138037502765656,0.14108993113040924,0.14766578376293182,0.14079418778419495,0.14272651076316833
train,327.0,2,0.13788311183452606,0.15134257078170776,0.13907356560230255,0.14450445771217346,0.14440663158893585,0.1424247771501541,0.1403648406267166
train,328.0,2,0.1393759697675705,0.15336455404758453,0.13831587135791779,0.14390650391578674,0.14398808777332306,0.14305400848388672,0.13799497485160828
train,329.0,2,0.1396457999944687,0.15210160613059998,0.1410018503665924,0.14028556644916534,0.14350825548171997,0.14503049850463867,0.138426274061203
train,332.0,1,0.14471004903316498,0.14280298352241516,0.14095567166805267,0.1423058956861496,0.14261698722839355,0.1440688520669937,0.1425395905971527
train,333.0,6,0.14515899121761322,0.1453012377023697,0.13793373107910156,0.14452223479747772,0.13896945118904114,0.1462392807006836,0.14187511801719666
train,337.0,4,0.1434578001499176,0.12903307378292084,0.1490509808063507,0.14981617033481598,0.13935846090316772,0.14512263238430023,0.14416082203388214
train,338.0,3,0.13146770000457764,0.14700795710086823,0.14782121777534485,0.14545325934886932,0.14044758677482605,0.14711733162403107,0.1406850814819336
train,339.0,5,0.1412104070186615,0.13638173043727875,0.1423339694738388,0.14286592602729797,0.14802536368370056,0.1468680202960968,0.142314612865448
train,340.0,3,0.1338948905467987,0.1424378901720047,0.1513710767030716,0.14587411284446716,0.14123065769672394,0.143436998128891,0.14175447821617126
train,341.0,2,0.14396192133426666,0.15047194063663483,0.1360333263874054,0.14619207382202148,0.14475174248218536,0.13780367374420166,0.14078544080257416
train,342.0,3,0.143140971660614,0.1425163447856903,0.14855393767356873,0.1454751044511795,0.1365683227777481,0.14272759854793549,0.14101770520210266
train,343.0,3,0.14389383792877197,0.14646904170513153,0.14653919637203217,0.13491086661815643,0.14461907744407654,0.13857193291187286,0.14499607682228088
train,344.0,1,0.15302540361881256,0.13561369478702545,0.13878338038921356,0.14518094062805176,0.1439238041639328,0.14472484588623047,0.13874799013137817
train,345.0,7,0.139277383685112,0.13035041093826294,0.14222842454910278,0.1454775482416153,0.1468479484319687,0.1415560394525528,0.15426233410835266
train,346.0,2,0.14294014871120453,0.1447584331035614,0.14023743569850922,0.1446644514799118,0.14307639002799988,0.14222127199172974,0.14210180938243866
train,348.0,2,0.14007872343063354,0.15377895534038544,0.1425722986459732,0.14277710020542145,0.1452648788690567,0.14616161584854126,0.1293664276599884
train,349.0,1,0.15054552257061005,0.14244674146175385,0.14236611127853394,0.13599130511283875,0.1428687423467636,0.14910347759723663,0.13667802512645721
train,350.0,3,0.14323173463344574,0.14445286989212036,0.14464280009269714,0.14090785384178162,0.14391492307186127,0.13963378965854645,0.1432160884141922
train,351.0,5,0.14098235964775085,0.14280816912651062,0.14341770112514496,0.14401771128177643,0.14449958503246307,0.14284367859363556,0.1414307951927185
train,352.0,1,0.1447603553533554,0.14258866012096405,0.14138947427272797,0.1440308690071106,0.14168380200862885,0.14455264806747437,0.14099419116973877
train,353.0,3,0.14322376251220703,0.14305329322814941,0.1481454074382782,0.1362989991903305,0.1479128897190094,0.1414668709039688,0.13989882171154022
train,354.0,3,0.13214878737926483,0.14308002591133118,0.14744685590267181,0.1468389928340912,0.1417817622423172,0.14728276431560516,0.1414209008216858
train,356.0,1,0.14633536338806152,0.14464221894741058,0.1385662853717804,0.14389654994010925,0.14087049663066864,0.13977529108524323,0.14591370522975922
train,357.0,2,0.1421450972557068,0.1475934535264969,0.14404743909835815,0.13855543732643127,0.14216718077659607,0.1405089646577835,0.14498235285282135
train,359.0,1,0.1451907902956009,0.14128810167312622,0.1423172503709793,0.14453557133674622,0.14228850603103638,0.14461976289749146,0.13975997269153595
train,360.0,1,0.15495307743549347,0.1388845592737198,0.14997737109661102,0.13494625687599182,0.13708892464637756,0.15035028755664825,0.13379943370819092
train,361.0,5,0.13474500179290771,0.14466582238674164,0.1396966278553009,0.14368189871311188,0.1502896249294281,0.14283595979213715,0.14408503472805023
train,362.0,5,0.13394862413406372,0.14453178644180298,0.14094975590705872,0.14269278943538666,0.1495242565870285,0.14502187073230743,0.14333099126815796
train,363.0,6,0.14001744985580444,0.14179567992687225,0.14092814922332764,0.1440160870552063,0.14251470565795898,0.14632155001163483,0.14440640807151794
train,366.0,4,0.14259028434753418,0.1361335813999176,0.1448025405406952,0.14841367304325104,0.13964135944843292,0.14622969925403595,0.14218872785568237
train,367.0,4,0.14118516445159912,0.14303527772426605,0.14366857707500458,0.1445903480052948,0.13999606668949127,0.14432306587696075,0.14320141077041626
train,368.0,6,0.14376604557037354,0.14274737238883972,0.14277859032154083,0.14242053031921387,0.14239798486232758,0.14380227029323578,0.14208726584911346
train,369.0,2,0.14578624069690704,0.15340730547904968,0.14349019527435303,0.13771530985832214,0.14195683598518372,0.1380164623260498,0.13962769508361816
train,371.0,2,0.1428772211074829,0.16027434170246124,0.13773925602436066,0.13680040836334229,0.1393425613641739,0.14473563432693481,0.1382306069135666
train,372.0,2,0.13990965485572815,0.16068999469280243,0.14282537996768951,0.13861419260501862,0.13897709548473358,0.14131884276866913,0.13766494393348694
train,373.0,3,0.14093591272830963,0.14216060936450958,0.1520618498325348,0.1428031027317047,0.13917723298072815,0.1377270370721817,0.14513428509235382
train,375.0,2,0.14260344207286835,0.14542753994464874,0.14203870296478271,0.1440594643354416,0.1419035941362381,0.14195449650287628,0.14201277494430542
train,376.0,7,0.14159603416919708,0.14203576743602753,0.14470840990543365,0.14058689773082733,0.14361733198165894,0.14270517230033875,0.14475032687187195
train,377.0,2,0.14249078929424286,0.15849217772483826,0.13576780259609222,0.14114806056022644,0.13753873109817505,0.14382226765155792,0.1407400369644165
train,378.0,2,0.1420774906873703,0.16036035120487213,0.13665378093719482,0.13895802199840546,0.1382666528224945,0.1447327584028244,0.13895094394683838
train,381.0,6,0.14404995739459991,0.13713501393795013,0.14078137278556824,0.14462131261825562,0.1443057358264923,0.14635126292705536,0.1427554339170456
train,382.0,4,0.14110998809337616,0.1447650045156479,0.13809449970722198,0.14543922245502472,0.14254996180534363,0.1442844271659851,0.1437569558620453
train,384.0,3,0.14089857041835785,0.1436399519443512,0.1533111184835434,0.14251883327960968,0.13900010287761688,0.13826070725917816,0.1423707902431488
train,386.0,3,0.14171557128429413,0.14440098404884338,0.15121440589427948,0.14206406474113464,0.14164815843105316,0.13813656568527222,0.1408201903104782
train,387.0,3,0.14015544950962067,0.14538858830928802,0.15093611180782318,0.14383764564990997,0.14034731686115265,0.13843874633312225,0.14089608192443848
train,388.0,5,0.14252588152885437,0.14327365159988403,0.14139319956302643,0.14299547672271729,0.1449761539697647,0.14193955063819885,0.14289605617523193
train,389.0,2,0.14021086692810059,0.1473904699087143,0.1416682004928589,0.1406683325767517,0.14478729665279388,0.14237737655639648,0.1428973525762558
train,390.0,6,0.1444602608680725,0.1418210119009018,0.13903576135635376,0.14041024446487427,0.14243043959140778,0.14665694534778595,0.14518523216247559
train,391.0,1,0.1455426961183548,0.14201687276363373,0.14416652917861938,0.1398308277130127,0.1436743140220642,0.14392749965190887,0.14084124565124512
train,392.0,4,0.1411120593547821,0.14663997292518616,0.1447630524635315,0.14719216525554657,0.1367325633764267,0.14355140924453735,0.14000873267650604
train,394.0,1,0.15280549228191376,0.13267315924167633,0.14067545533180237,0.14733143150806427,0.14291542768478394,0.14482372999191284,0.1387752890586853
train,395.0,5,0.14275601506233215,0.1412869095802307,0.1439693123102188,0.14312292635440826,0.14544400572776794,0.14184381067752838,0.141576886177063
train,396.0,2,0.14293740689754486,0.15182539820671082,0.14007532596588135,0.14268334209918976,0.14620350301265717,0.14425444602966309,0.132020503282547
train,398.0,3,0.13781875371932983,0.14584678411483765,0.1488318294286728,0.13745810091495514,0.14179100096225739,0.14397485554218292,0.14427869021892548
train,399.0,3,0.14238105714321136,0.1375337839126587,0.14793075621128082,0.14604929089546204,0.1397291123867035,0.14445917308330536,0.14191684126853943
train,400.0,3,0.14065076410770416,0.14181962609291077,0.1455438733100891,0.1435347944498062,0.1451314389705658,0.14193947613239288,0.14137999713420868
train,402.0,5,0.14364033937454224,0.14510363340377808,0.14159336686134338,0.14372919499874115,0.14625303447246552,0.14004410803318024,0.13963624835014343
train,403.0,1,0.16231660544872284,0.13617205619812012,0.14178983867168427,0.1574869453907013,0.136004239320755,0.14292892813682556,0.12330131977796555
train,404.0,5,0.14438307285308838,0.14386557042598724,0.14312735199928284,0.13964135944843292,0.14559559524059296,0.14306536316871643,0.14032170176506042
train,405.0,6,0.13868051767349243,0.14369475841522217,0.14594358205795288,0.14394569396972656,0.14121440052986145,0.14795587956905365,0.1385650932788849
train,406.0,4,0.14632734656333923,0.14688284695148468,0.13826245069503784,0.1479581743478775,0.13724377751350403,0.13745331764221191,0.145872101187706
train,407.0,6,0.1409769207239151,0.14539776742458344,0.13958700001239777,0.14259982109069824,0.1416616439819336,0.14567066729068756,0.1441061943769455
train,408.0,4,0.14047837257385254,0.14019861817359924,0.1428842842578888,0.14648133516311646,0.14244340360164642,0.14434513449668884,0.14316879212856293
train,409.0,2,0.14455652236938477,0.14924050867557526,0.13744358718395233,0.14656242728233337,0.1342347115278244,0.14076149463653564,0.1472007930278778
train,410.0,5,0.14112141728401184,0.1347058117389679,0.14180530607700348,0.14382195472717285,0.14794056117534637,0.1445726901292801,0.14603227376937866
train,411.0,5,0.14474917948246002,0.13912181556224823,0.14470615983009338,0.14320282638072968,0.14815151691436768,0.1413394808769226,0.138729065656662
train,412.0,5,0.14589959383010864,0.13829992711544037,0.1420263648033142,0.1410975307226181,0.14676803350448608,0.14511752128601074,0.14079098403453827
train,414.0,4,0.14320769906044006,0.14112263917922974,0.13889335095882416,0.14624956250190735,0.1418485939502716,0.1449763923883438,0.14370177686214447
train,415.0,5,0.1439218372106552,0.14169728755950928,0.14407609403133392,0.14258719980716705,0.1466532051563263,0.14201223850250244,0.139052152633667
train,416.0,7,0.14144247770309448,0.14320598542690277,0.1401827484369278,0.14306041598320007,0.14308592677116394,0.14440321922302246,0.1446191966533661
train,417.0,2,0.14169521629810333,0.15257681906223297,0.13824623823165894,0.14174655079841614,0.14156189560890198,0.14313222467899323,0.14104118943214417
train,418.0,3,0.14380544424057007,0.14419329166412354,0.14548777043819427,0.14174073934555054,0.13782940804958344,0.1438312977552414,0.14311210811138153
train,419.0,2,0.143007293343544,0.14507536590099335,0.14342100918293,0.1438690721988678,0.14192438125610352,0.1433391273021698,0.13936373591423035
train,420.0,7,0.1436518281698227,0.1410805881023407,0.14158768951892853,0.14184409379959106,0.14276474714279175,0.1435212790966034,0.14554983377456665
train,421.0,7,0.14819969236850739,0.12751826643943787,0.14351586997509003,0.1444264054298401,0.1449752300977707,0.14140821993350983,0.14995642006397247
train,422.0,5,0.14750368893146515,0.1271754801273346,0.14015091955661774,0.14406944811344147,0.15041367709636688,0.14267981052398682,0.14800706505775452
train,424.0,5,0.14453347027301788,0.1410030722618103,0.1440650373697281,0.1422666758298874,0.14613915979862213,0.1440986692905426,0.1378938853740692
train,425.0,4,0.14374461770057678,0.12929432094097137,0.1491708904504776,0.14974670112133026,0.1383492797613144,0.143993079662323,0.14570105075836182
train,429.0,1,0.1474055051803589,0.14441214501857758,0.14308097958564758,0.14484785497188568,0.13971181213855743,0.1427331566810608,0.137808695435524
train,430.0,4,0.14008617401123047,0.14244519174098969,0.14577890932559967,0.14739738404750824,0.14438055455684662,0.1406611055135727,0.139250710606575
train,431.0,6,0.14566969871520996,0.14297255873680115,0.14105908572673798,0.14629240334033966,0.13448624312877655,0.14771701395511627,0.1418030560016632
train,433.0,2,0.13965614140033722,0.15305982530117035,0.1379142850637436,0.1433825045824051,0.14235267043113708,0.14340773224830627,0.14022669196128845
train,434.0,4,0.14051856100559235,0.1446608155965805,0.14189694821834564,0.1456805318593979,0.14056718349456787,0.14347469806671143,0.14320115745067596
train,436.0,5,0.14467433094978333,0.12746287882328033,0.13811704516410828,0.14144542813301086,0.15179361402988434,0.14943985641002655,0.1470668911933899
train,437.0,5,0.1436651051044464,0.14151416718959808,0.14128774404525757,0.14239120483398438,0.14397533237934113,0.14350754022598267,0.14365892112255096
train,438.0,6,0.13852247595787048,0.14265842735767365,0.14714375138282776,0.1456405520439148,0.13941620290279388,0.1476500779390335,0.13896845281124115
train,439.0,1,0.14803263545036316,0.13367360830307007,0.14332732558250427,0.14519354701042175,0.1431209295988083,0.14389781653881073,0.14275427162647247
train,442.0,7,0.14458177983760834,0.1430724561214447,0.1391676813364029,0.14262527227401733,0.14131417870521545,0.14410802721977234,0.14513061940670013
train,443.0,1,0.14615768194198608,0.14106972515583038,0.13840998709201813,0.14466939866542816,0.14531123638153076,0.1424073725938797,0.141974538564682
train,445.0,4,0.1437472105026245,0.14291472733020782,0.14265044033527374,0.1448579728603363,0.14297020435333252,0.1424848735332489,0.14037460088729858
train,446.0,4,0.13441038131713867,0.15053123235702515,0.14071591198444366,0.1555599421262741,0.14132361114025116,0.1376633197069168,0.13979561626911163
train,447.0,1,0.14533814787864685,0.1429721713066101,0.1440141797065735,0.14184893667697906,0.1430564522743225,0.14030925929546356,0.1424608677625656
train,448.0,1,0.16025200486183167,0.13718660175800323,0.1434345543384552,0.15735256671905518,0.13629943132400513,0.14461587369441986,0.12085887044668198
train,449.0,1,0.16149340569972992,0.1353423148393631,0.144137904047966,0.15608589351177216,0.1369614154100418,0.14316411316394806,0.12281493097543716
train,450.0,4,0.13816219568252563,0.1487703025341034,0.1479075700044632,0.15146231651306152,0.1345357596874237,0.13989050686359406,0.1392713189125061
train,451.0,2,0.1409207582473755,0.1484788954257965,0.14252430200576782,0.14418821036815643,0.13900285959243774,0.14118969440460205,0.14369532465934753
train,453.0,4,0.14254796504974365,0.14262405037879944,0.14057862758636475,0.14959856867790222,0.14025698602199554,0.14440752565860748,0.13998618721961975
train,454.0,6,0.1400734931230545,0.13765938580036163,0.14489538967609406,0.14448146522045135,0.14570975303649902,0.14773757755756378,0.13944295048713684
train,455.0,6,0.14553380012512207,0.1456136852502823,0.13946659862995148,0.138901486992836,0.14367622137069702,0.14676852524280548,0.14003971219062805
train,457.0,1,0.1454641968011856,0.1429196149110794,0.1426425725221634,0.14401330053806305,0.14223730564117432,0.14346085488796234,0.1392621397972107
train,459.0,4,0.1409914344549179,0.14499309659004211,0.14193013310432434,0.14726047217845917,0.14606580138206482,0.1447586715221405,0.13400037586688995
train,460.0,4,0.14100904762744904,0.14363068342208862,0.14382776618003845,0.1495247185230255,0.14212627708911896,0.1430654078722,0.1368161290884018
train,461.0,5,0.13763245940208435,0.14161257445812225,0.14493681490421295,0.14350871741771698,0.14772988855838776,0.14307262003421783,0.14150689542293549
train,462.0,2,0.14429409801959991,0.1443418711423874,0.14432573318481445,0.14227233827114105,0.14281010627746582,0.14231182634830475,0.139644056558609
train,464.0,1,0.1503278911113739,0.1464473009109497,0.14175203442573547,0.13896217942237854,0.14097192883491516,0.14480866491794586,0.13673005998134613
train,465.0,1,0.14728136360645294,0.13927479088306427,0.1463174819946289,0.1414981633424759,0.14406506717205048,0.14048923552036285,0.14107392728328705
train,467.0,3,0.13953211903572083,0.14841331541538239,0.148945152759552,0.14846456050872803,0.1359664648771286,0.13883280754089355,0.13984550535678864
train,468.0,2,0.14773285388946533,0.15212155878543854,0.1417287141084671,0.1446869820356369,0.1333426535129547,0.14395064115524292,0.1364366114139557
train,469.0,5,0.14329521358013153,0.14136643707752228,0.14405374228954315,0.13997167348861694,0.14517372846603394,0.1428067535161972,0.1433326005935669
train,471.0,1,0.14871783554553986,0.14021141827106476,0.14091570675373077,0.1435040980577469,0.14367175102233887,0.14746738970279694,0.13551172614097595
train,472.0,5,0.13997367024421692,0.1392066925764084,0.14575257897377014,0.14253957569599152,0.14743387699127197,0.14117054641246796,0.1439230740070343
train,473.0,4,0.1435433328151703,0.14559470117092133,0.14380663633346558,0.145755335688591,0.1442795991897583,0.14168080687522888,0.1353396624326706
train,474.0,7,0.1386895626783371,0.13662268221378326,0.14309309422969818,0.14591197669506073,0.14430953562259674,0.14260634779930115,0.14876683056354523
train,475.0,2,0.13362056016921997,0.15527629852294922,0.1412854939699173,0.15204453468322754,0.14355051517486572,0.13590851426124573,0.1383141130208969
train,476.0,1,0.14834602177143097,0.14367413520812988,0.14083652198314667,0.13944898545742035,0.1433921903371811,0.14590199291706085,0.13840018212795258
train,477.0,2,0.14394521713256836,0.1513472944498062,0.14143753051757812,0.14567989110946655,0.14330868422985077,0.1374710500240326,0.13681036233901978
train,478.0,5,0.14082497358322144,0.12391874194145203,0.1483401656150818,0.1464693397283554,0.1502625048160553,0.1494385153055191,0.14074580371379852
train,479.0,1,0.14611327648162842,0.14345869421958923,0.1387164443731308,0.14164721965789795,0.14586880803108215,0.14504778385162354,0.13914786279201508
train,480.0,1,0.14700080454349518,0.1390489786863327,0.14461998641490936,0.1402195692062378,0.1399918794631958,0.1443517804145813,0.14476700127124786
train,481.0,4,0.13529609143733978,0.13416539132595062,0.13946332037448883,0.1533864438533783,0.1434432417154312,0.14843392372131348,0.14581158757209778
train,483.0,4,0.14635972678661346,0.13324514031410217,0.14547418057918549,0.1494913548231125,0.14194610714912415,0.14561796188354492,0.1378656029701233
train,484.0,3,0.14201006293296814,0.12320327013731003,0.15126235783100128,0.1474614441394806,0.14769357442855835,0.14858393371105194,0.13978536427021027
train,485.0,5,0.14518488943576813,0.1416247934103012,0.1393456608057022,0.14277760684490204,0.14759722352027893,0.14436283707618713,0.13910695910453796
train,486.0,2,0.13677401840686798,0.15741223096847534,0.13790515065193176,0.13911141455173492,0.14567415416240692,0.14109471440315247,0.1420283019542694
train,488.0,2,0.13881824910640717,0.15674462914466858,0.14049044251441956,0.13769632577896118,0.14355233311653137,0.14043135941028595,0.14226655662059784
train,489.0,2,0.13797427713871002,0.153599813580513,0.1480240523815155,0.1412001997232437,0.1425468921661377,0.138925239443779,0.1377294808626175
train,491.0,5,0.14620612561702728,0.14089584350585938,0.13677935302257538,0.142215758562088,0.15012551844120026,0.14458264410495758,0.1391947865486145
train,492.0,7,0.14441798627376556,0.13764502108097076,0.1388496458530426,0.14198705554008484,0.14743193984031677,0.141789048910141,0.14787928760051727
train,493.0,2,0.13671305775642395,0.16066841781139374,0.14027807116508484,0.13598832488059998,0.14227023720741272,0.1410631686449051,0.1430186927318573
train,494.0,2,0.13632428646087646,0.1573212742805481,0.1416415423154831,0.13608145713806152,0.14457309246063232,0.1402072310447693,0.143851175904274
train,496.0,2,0.13793233036994934,0.15618735551834106,0.14228865504264832,0.13675829768180847,0.1422894448041916,0.1409183293581009,0.14362561702728271
train,497.0,5,0.1436280906200409,0.1355598270893097,0.14103849232196808,0.14323920011520386,0.14956727623939514,0.14309363067150116,0.14387348294258118
train,498.0,7,0.138906329870224,0.1437544971704483,0.14264164865016937,0.1379898339509964,0.14229921996593475,0.14675350487232208,0.14765504002571106
train,500.0,2,0.13943876326084137,0.15783993899822235,0.14062130451202393,0.1392129510641098,0.14190800487995148,0.13913170993328094,0.14184746146202087
train,501.0,2,0.1352168172597885,0.1605149507522583,0.1396397352218628,0.1374043971300125,0.1424424648284912,0.14169812202453613,0.14308345317840576
train,502.0,4,0.13498523831367493,0.1340286135673523,0.14205141365528107,0.15063734352588654,0.14276188611984253,0.14845526218414307,0.14708033204078674
train,503.0,4,0.13902758061885834,0.13156916201114655,0.1425894945859909,0.15040627121925354,0.14214228093624115,0.14866586029529572,0.1455993950366974
train,504.0,2,0.13793346285820007,0.15912821888923645,0.14117294549942017,0.13905809819698334,0.14159883558750153,0.13817688822746277,0.14293161034584045
train,505.0,2,0.14075683057308197,0.1520242542028427,0.14679795503616333,0.14151161909103394,0.1446736603975296,0.1386294960975647,0.13560625910758972
train,506.0,3,0.1438974291086197,0.14551861584186554,0.14558947086334229,0.1384667009115219,0.1427893042564392,0.14342771470546722,0.14031080901622772
train,507.0,7,0.14331015944480896,0.1349800080060959,0.14071501791477203,0.14308030903339386,0.14529810845851898,0.14516296982765198,0.1474534273147583
train,508.0,1,0.148296520113945,0.1458127498626709,0.1413956582546234,0.13909780979156494,0.14356595277786255,0.14139653742313385,0.1404348611831665
train,509.0,2,0.13788391649723053,0.15560562908649445,0.142364963889122,0.139735147356987,0.14010514318943024,0.13895486295223236,0.1453503966331482
train,510.0,5,0.1405680626630783,0.12454180419445038,0.14893653988838196,0.14530128240585327,0.15153513848781586,0.14797274768352509,0.14114442467689514
train,511.0,2,0.13897322118282318,0.15551047027111053,0.14170189201831818,0.1356581449508667,0.14449506998062134,0.14018622040748596,0.14347493648529053
train,512.0,3,0.144351527094841,0.13918405771255493,0.1481766700744629,0.13964605331420898,0.1422395259141922,0.142708882689476,0.1436932533979416
train,513.0,6,0.1432611644268036,0.14475148916244507,0.14472226798534393,0.13932093977928162,0.14147989451885223,0.14622311294078827,0.14024116098880768
train,514.0,1,0.14670684933662415,0.1386032998561859,0.14429128170013428,0.1452532708644867,0.14420807361602783,0.14152668416500092,0.1394105702638626
train,515.0,2,0.1430874913930893,0.14646001160144806,0.14332658052444458,0.1436246931552887,0.14002172648906708,0.14467748999595642,0.13880203664302826
train,516.0,2,0.14150945842266083,0.1459784209728241,0.14404360949993134,0.1450139284133911,0.1426096111536026,0.14112581312656403,0.13971908390522003
train,517.0,4,0.14305740594863892,0.14261910319328308,0.14411447942256927,0.14458318054676056,0.14239801466464996,0.1398662030696869,0.14336155354976654
train,518.0,6,0.14291782677173615,0.14342010021209717,0.14285683631896973,0.14322857558727264,0.1396024376153946,0.14559492468833923,0.1423792839050293
train,520.0,3,0.14487718045711517,0.14531582593917847,0.14657452702522278,0.14270596206188202,0.14058461785316467,0.14152413606643677,0.13841775059700012
train,521.0,3,0.14551399648189545,0.14154939353466034,0.14716948568820953,0.14370401203632355,0.139015793800354,0.14444875717163086,0.13859854638576508
train,522.0,3,0.14239799976348877,0.1418876200914383,0.14956995844841003,0.1448327898979187,0.1463843435049057,0.1326872557401657,0.14224010705947876
train,523.0,4,0.14262692630290985,0.1408844143152237,0.14584729075431824,0.14632681012153625,0.14532814919948578,0.1426883488893509,0.13629800081253052
train,524.0,1,0.14435231685638428,0.14144398272037506,0.1403069645166397,0.14387017488479614,0.14413505792617798,0.14426352083683014,0.14162801206111908
train,525.0,1,0.14667201042175293,0.14579559862613678,0.13805775344371796,0.14352460205554962,0.141579270362854,0.14555756747722626,0.13881313800811768
train,526.0,4,0.14142073690891266,0.14137841761112213,0.14163854718208313,0.15248525142669678,0.14385108649730682,0.13726986944675446,0.1419561356306076
train,529.0,7,0.1465669423341751,0.13927648961544037,0.1443391889333725,0.14342941343784332,0.13988520205020905,0.13937117159366608,0.14713160693645477
train,530.0,2,0.14533448219299316,0.14563976228237152,0.14387083053588867,0.1444392055273056,0.14075635373592377,0.14016319811344147,0.13979622721672058
train,531.0,1,0.148579940199852,0.14544226229190826,0.1380382627248764,0.14283762872219086,0.14259111881256104,0.13901549577713013,0.1434953659772873
train,532.0,5,0.14205995202064514,0.14226076006889343,0.14168496429920197,0.14288529753684998,0.14439986646175385,0.14351046085357666,0.14319869875907898
train,534.0,6,0.1427803933620453,0.14472495019435883,0.1403401643037796,0.14428578317165375,0.14459766447544098,0.14522357285022736,0.13804751634597778
train,535.0,3,0.13695742189884186,0.14365831017494202,0.1494651585817337,0.1392519623041153,0.1420174539089203,0.1450543850660324,0.14359532296657562
train,536.0,2,0.14152900874614716,0.14541678130626678,0.1429876685142517,0.14309626817703247,0.143436998128891,0.1439502090215683,0.1395830661058426
train,540.0,6,0.1429463028907776,0.14261950552463531,0.14159910380840302,0.14350192248821259,0.1414335072040558,0.1456023007631302,0.14229744672775269
train,541.0,7,0.14326006174087524,0.1425040066242218,0.14347311854362488,0.1418824940919876,0.14237742125988007,0.14239610731601715,0.1441068798303604
train,542.0,3,0.14453858137130737,0.1406737118959427,0.14456138014793396,0.13996770977973938,0.14320145547389984,0.14353732764720917,0.14351989328861237
train,543.0,1,0.14627918601036072,0.14178802073001862,0.14351877570152283,0.1393219530582428,0.14180083572864532,0.14270219206809998,0.1445891112089157
train,544.0,1,0.14564062654972076,0.1434781551361084,0.14245450496673584,0.1374056190252304,0.14364944398403168,0.14392942190170288,0.14344218373298645
train,545.0,1,0.15523028373718262,0.14287357032299042,0.14213427901268005,0.1417151242494583,0.1420747935771942,0.14604876935482025,0.12992319464683533
train,546.0,5,0.1398959755897522,0.12641488015651703,0.14864279329776764,0.14451304078102112,0.15478743612766266,0.14526322484016418,0.14048263430595398
train,547.0,1,0.1539992243051529,0.13568991422653198,0.14311952888965607,0.1433480978012085,0.13853901624679565,0.13886436820030212,0.146439790725708
train,548.0,4,0.14267809689044952,0.14228130877017975,0.14207793772220612,0.1448582410812378,0.14425644278526306,0.1432546228170395,0.14059336483478546
train,549.0,6,0.14049075543880463,0.1424928903579712,0.143948495388031,0.14407621324062347,0.14450477063655853,0.14552058279514313,0.13896627724170685
train,550.0,1,0.15195581316947937,0.14146213233470917,0.14523586630821228,0.14969073235988617,0.13498114049434662,0.1477861851453781,0.12888813018798828
train,551.0,4,0.1484123021364212,0.14589855074882507,0.14555618166923523,0.149587020277977,0.1342124193906784,0.14737680554389954,0.12895673513412476
train,552.0,4,0.14205315709114075,0.14415453374385834,0.14203310012817383,0.14774173498153687,0.14121441543102264,0.14268919825553894,0.14011380076408386
train,555.0,2,0.14383253455162048,0.14877167344093323,0.14186866581439972,0.14128902554512024,0.13932371139526367,0.1454468071460724,0.13946758210659027
train,556.0,3,0.14144912362098694,0.13427434861660004,0.15027320384979248,0.14351671934127808,0.1424001008272171,0.14617085456848145,0.1419156789779663
train,557.0,5,0.1375432014465332,0.12731462717056274,0.14868132770061493,0.14822115004062653,0.15384969115257263,0.14495061337947845,0.13943934440612793
train,558.0,5,0.1394013613462448,0.12884502112865448,0.14773640036582947,0.14453178644180298,0.15508386492729187,0.1430339813232422,0.14136755466461182
train,559.0,7,0.13975833356380463,0.14326174557209015,0.14027810096740723,0.14144936203956604,0.14236703515052795,0.14343267679214478,0.14945288002490997
train,560.0,7,0.13893845677375793,0.14366558194160461,0.13959859311580658,0.14019383490085602,0.1456071138381958,0.1428801268339157,0.14911623299121857
train,561.0,1,0.15446200966835022,0.13832980394363403,0.1447315812110901,0.14213532209396362,0.13815049827098846,0.1374688297510147,0.14472199976444244
train,562.0,1,0.15368318557739258,0.1401551067829132,0.14265844225883484,0.14168620109558105,0.14532531797885895,0.14539450407028198,0.13109733164310455
train,563.0,5,0.13996149599552155,0.12484622746706009,0.14873136579990387,0.14615637063980103,0.15378034114837646,0.14457081258296967,0.1419534534215927
train,564.0,7,0.14179033041000366,0.14410783350467682,0.14174248278141022,0.14053787291049957,0.1434859335422516,0.13895170390605927,0.14938393235206604
train,567.0,4,0.1516902893781662,0.14289933443069458,0.1438787430524826,0.1518164724111557,0.13362960517406464,0.14605723321437836,0.13002842664718628
train,568.0,4,0.14984945952892303,0.14434997737407684,0.14289170503616333,0.1528061181306839,0.13200034201145172,0.1468520313501358,0.1312502771615982
train,569.0,4,0.1504649519920349,0.14269672334194183,0.14319361746311188,0.1518068164587021,0.1357942521572113,0.14750705659389496,0.12853659689426422
train,570.0,4,0.1501338928937912,0.1427004039287567,0.14423200488090515,0.15043820440769196,0.13774694502353668,0.14482593536376953,0.1299227476119995
train,573.0,6,0.14320428669452667,0.14083823561668396,0.14415211975574493,0.14508919417858124,0.14233511686325073,0.14579537510871887,0.13858562707901
train,574.0,3,0.14537927508354187,0.14076165854930878,0.14630143344402313,0.14436522126197815,0.1448117345571518,0.1427338719367981,0.1356467455625534
train,576.0,6,0.14584550261497498,0.1403663158416748,0.14463134109973907,0.14430701732635498,0.1431681364774704,0.14594143629074097,0.13574029505252838
train,578.0,3,0.14487051963806152,0.13317914307117462,0.14777502417564392,0.14342768490314484,0.14313672482967377,0.1421567052602768,0.14545415341854095
train,579.0,5,0.14155283570289612,0.14064539968967438,0.14041365683078766,0.14295418560504913,0.14812520146369934,0.1470595896244049,0.13924914598464966
train,580.0,4,0.14985626935958862,0.14583641290664673,0.1401553452014923,0.15023240447044373,0.13708798587322235,0.14783504605293274,0.12899640202522278
train,581.0,1,0.1450924128293991,0.14338169991970062,0.14428967237472534,0.1448194980621338,0.1435263752937317,0.14330311119556427,0.1355872005224228
train,582.0,2,0.145319864153862,0.14818263053894043,0.1413845270872116,0.14298807084560394,0.13987641036510468,0.14033275842666626,0.14191590249538422
train,583.0,5,0.14211049675941467,0.142135888338089,0.1390395313501358,0.14209334552288055,0.14807532727718353,0.14678087830543518,0.13976454734802246
train,584.0,4,0.14280343055725098,0.14182253181934357,0.14043834805488586,0.14761494100093842,0.1455763876438141,0.13935737311840057,0.14238707721233368
train,585.0,6,0.14368119835853577,0.13231363892555237,0.14534923434257507,0.1447368711233139,0.14432595670223236,0.14683054387569427,0.14276258647441864
train,586.0,7,0.14157584309577942,0.1435718834400177,0.14064042270183563,0.14313004910945892,0.1449848711490631,0.1392223984003067,0.1468745470046997
train,587.0,1,0.1505688726902008,0.14549559354782104,0.14273999631404877,0.1423429399728775,0.14438742399215698,0.14348484575748444,0.13098035752773285
train,588.0,1,0.14557115733623505,0.14054088294506073,0.1440267115831375,0.14341086149215698,0.14393050968647003,0.14282624423503876,0.13969361782073975
train,589.0,3,0.13828541338443756,0.14082974195480347,0.1477532684803009,0.14312343299388885,0.14681409299373627,0.14297550916671753,0.14021863043308258
train,591.0,4,0.14822867512702942,0.14544540643692017,0.14436747133731842,0.14935946464538574,0.13593710958957672,0.14739727973937988,0.12926457822322845
train,592.0,1,0.1478506326675415,0.13847272098064423,0.1452052891254425,0.14081934094429016,0.1428220570087433,0.14109115302562714,0.1437387466430664
train,595.0,6,0.14134597778320312,0.145994171500206,0.13658259809017181,0.14610880613327026,0.13950012624263763,0.14679254591464996,0.1436758041381836
train,596.0,5,0.14733026921749115,0.1420355588197708,0.1425931304693222,0.13708749413490295,0.14734789729118347,0.14142581820487976,0.14217975735664368
train,597.0,7,0.14324724674224854,0.1450238972902298,0.14041103422641754,0.14126981794834137,0.14185741543769836,0.141421377658844,0.14676928520202637
train,599.0,6,0.14223770797252655,0.14341624081134796,0.13958895206451416,0.1416015923023224,0.14019888639450073,0.14786608517169952,0.14509043097496033
train,600.0,5,0.13782231509685516,0.1286841183900833,0.14732937514781952,0.14498472213745117,0.1536312997341156,0.14412781596183777,0.14342032372951508
train,601.0,5,0.13699758052825928,0.12794379889965057,0.14998683333396912,0.1477135568857193,0.1551261693239212,0.14458025991916656,0.1376517415046692
train,602.0,3,0.14521098136901855,0.14100031554698944,0.1460566520690918,0.13975265622138977,0.14120489358901978,0.14297161996364594,0.14380291104316711
train,604.0,1,0.15547095239162445,0.1391133964061737,0.14244988560676575,0.14558282494544983,0.13990652561187744,0.13522860407829285,0.14224785566329956
train,605.0,5,0.13936449587345123,0.12861201167106628,0.14753450453281403,0.1435900628566742,0.15138863027095795,0.14456911385059357,0.14494119584560394
train,606.0,1,0.15224763751029968,0.13937412202358246,0.14206933975219727,0.14483590424060822,0.13909636437892914,0.13870875537395477,0.14366792142391205
train,608.0,2,0.14237342774868011,0.15154506266117096,0.1468123495578766,0.14332585036754608,0.13686537742614746,0.1423223912715912,0.13675552606582642
train,609.0,1,0.14888529479503632,0.1446528285741806,0.14539888501167297,0.14863692224025726,0.13786421716213226,0.148190438747406,0.12637139856815338
train,611.0,7,0.1423119157552719,0.14211155474185944,0.14327575266361237,0.1425575315952301,0.1435585618019104,0.1408361941576004,0.145348459482193
train,612.0,2,0.14475423097610474,0.14968913793563843,0.13649308681488037,0.14644627273082733,0.14628592133522034,0.14617392420768738,0.13015742599964142
train,613.0,4,0.14506395161151886,0.14084233343601227,0.14355015754699707,0.1455325186252594,0.1449747532606125,0.14334993064403534,0.1366862654685974
train,614.0,5,0.14213557541370392,0.1255260705947876,0.1462976634502411,0.1464846432209015,0.1540662944316864,0.14485928416252136,0.14063037931919098
train,615.0,5,0.13742944598197937,0.1285913735628128,0.14736267924308777,0.14468339085578918,0.15568013489246368,0.14496053755283356,0.14129257202148438
train,616.0,5,0.13954976201057434,0.1284477412700653,0.1484827995300293,0.14488479495048523,0.15482009947299957,0.1443139612674713,0.13950076699256897
train,617.0,7,0.14273390173912048,0.1421491801738739,0.1409268081188202,0.14022405445575714,0.14385822415351868,0.14367155730724335,0.14643625915050507
train,618.0,7,0.1411297619342804,0.14507347345352173,0.14132022857666016,0.13984571397304535,0.14538522064685822,0.1396942436695099,0.14755132794380188
train,619.0,6,0.14265349507331848,0.13556428253650665,0.1406971514225006,0.14601708948612213,0.1470428854227066,0.14720411598682404,0.14082100987434387
train,620.0,1,0.15309323370456696,0.138224259018898,0.14286719262599945,0.1465008556842804,0.13789774477481842,0.13827411830425262,0.14314255118370056
train,621.0,1,0.15231598913669586,0.13926254212856293,0.14041520655155182,0.14369724690914154,0.14050354063510895,0.13710081577301025,0.1467047482728958
train,624.0,1,0.1541767120361328,0.14545464515686035,0.1434648483991623,0.14222998917102814,0.14229105412960052,0.1429412066936493,0.12944157421588898
train,627.0,4,0.14951862394809723,0.14467881619930267,0.14559175074100494,0.15092059969902039,0.1332569271326065,0.14825068414211273,0.1277826726436615
train,628.0,4,0.1496530920267105,0.1435156762599945,0.14274953305721283,0.15190893411636353,0.13513372838497162,0.14790500700473785,0.1291341334581375
train,629.0,4,0.15005984902381897,0.14337800443172455,0.1431451290845871,0.15164440870285034,0.13612817227840424,0.1467834860086441,0.12886083126068115
train,630.0,4,0.14970415830612183,0.1425577849149704,0.14483532309532166,0.1513054221868515,0.13602058589458466,0.14770497381687164,0.1278717964887619
train,631.0,4,0.14719314873218536,0.1458909660577774,0.14563970267772675,0.151016503572464,0.13752864301204681,0.14714160561561584,0.12558934092521667
train,632.0,4,0.1501784473657608,0.1457422524690628,0.14230063557624817,0.15099847316741943,0.1336655616760254,0.14749613404273987,0.1296185702085495
train,633.0,1,0.15101680159568787,0.1420130580663681,0.14208735525608063,0.14942944049835205,0.13610579073429108,0.1484590321779251,0.13088858127593994
train,634.0,4,0.14593878388404846,0.14151062071323395,0.1458023488521576,0.15344981849193573,0.13617222011089325,0.147446870803833,0.12967942655086517
train,636.0,2,0.14414475858211517,0.14965400099754333,0.13664421439170837,0.1457986831665039,0.14483658969402313,0.14509736001491547,0.13382448256015778
train,637.0,3,0.1451609581708908,0.14078578352928162,0.14791497588157654,0.14429332315921783,0.14314965903759003,0.1416780650615692,0.13701727986335754
train,638.0,3,0.14307855069637299,0.14017793536186218,0.14768682420253754,0.1454787403345108,0.14451508224010468,0.14283621311187744,0.13622668385505676
train,640.0,1,0.1469203233718872,0.139439195394516,0.14641250669956207,0.14517444372177124,0.14253708720207214,0.14453785121440887,0.13497856259346008
train,642.0,2,0.14459994435310364,0.1483222097158432,0.14119422435760498,0.14394736289978027,0.1389002501964569,0.1422368735074997,0.1407991200685501
train,643.0,5,0.14365717768669128,0.13933734595775604,0.1380775272846222,0.14296352863311768,0.14868323504924774,0.14712858200073242,0.14015252888202667
train,644.0,6,0.14243856072425842,0.13982628285884857,0.1404443383216858,0.14109666645526886,0.14727292954921722,0.14755237102508545,0.1413687914609909
train,645.0,6,0.14320994913578033,0.14175014197826385,0.1393119841814041,0.14038777351379395,0.14769957959651947,0.1485893428325653,0.13905107975006104
train,646.0,5,0.14518921077251434,0.13621754944324493,0.14585080742835999,0.1430206447839737,0.14673547446727753,0.13858145475387573,0.14440485835075378
train,647.0,4,0.14608673751354218,0.14693574607372284,0.14253297448158264,0.14836977422237396,0.14182302355766296,0.13609090447425842,0.13816086947917938
train,650.0,1,0.15077035129070282,0.14119084179401398,0.14193592965602875,0.1414298117160797,0.14529184997081757,0.14640147984027863,0.13297982513904572
train,651.0,2,0.1442825198173523,0.14438505470752716,0.1433437466621399,0.14152194559574127,0.1393054723739624,0.14296983182430267,0.14419139921665192
train,652.0,3,0.142933651804924,0.140649676322937,0.14933116734027863,0.14370597898960114,0.13797445595264435,0.14467205107212067,0.14073306322097778
train,653.0,4,0.14268982410430908,0.1425504982471466,0.14299918711185455,0.14470815658569336,0.1420811414718628,0.14405854046344757,0.14091253280639648
train,654.0,1,0.14663852751255035,0.13916096091270447,0.1453038901090622,0.14223574101924896,0.1446915715932846,0.14486154913902283,0.13710784912109375
train,656.0,6,0.14216195046901703,0.13665729761123657,0.14284051954746246,0.1430475264787674,0.14183083176612854,0.14989040791988373,0.14357148110866547
train,658.0,3,0.1414365917444229,0.14083747565746307,0.1464928239583969,0.14051738381385803,0.14213792979717255,0.1439911425113678,0.1445865035057068
train,659.0,3,0.1393662393093109,0.13979507982730865,0.14956913888454437,0.1406283974647522,0.14156502485275269,0.14559638500213623,0.14347976446151733
train,660.0,3,0.13906626403331757,0.13975666463375092,0.14817291498184204,0.14108829200267792,0.1415359377861023,0.14254242181777954,0.1478375643491745
train,661.0,3,0.1393892765045166,0.1379222720861435,0.15309400856494904,0.1370951533317566,0.14209304749965668,0.14351870119571686,0.1468876451253891
train,662.0,6,0.14831551909446716,0.13822418451309204,0.13578325510025024,0.14238595962524414,0.14271952211856842,0.14913494884967804,0.14343661069869995
train,663.0,1,0.14749327301979065,0.1377132534980774,0.13794098794460297,0.14316219091415405,0.14471441507339478,0.14708933234214783,0.14188651740550995
train,664.0,3,0.13707834482192993,0.1393820196390152,0.14911940693855286,0.14227576553821564,0.14178772270679474,0.14386016130447388,0.14649660885334015
train,666.0,3,0.1389664262533188,0.14042921364307404,0.14658354222774506,0.14232619106769562,0.14522188901901245,0.14182144403457642,0.1446513682603836
train,667.0,7,0.1439470797777176,0.1420103907585144,0.14396749436855316,0.14221221208572388,0.14348770678043365,0.1398748755455017,0.14450021088123322
train,668.0,3,0.13907328248023987,0.1340559720993042,0.14914192259311676,0.14283740520477295,0.1483674943447113,0.13982725143432617,0.14669664204120636
train,669.0,3,0.13999365270137787,0.13841252028942108,0.1502082347869873,0.1445302963256836,0.14398308098316193,0.13766668736934662,0.1452055722475052
train,670.0,1,0.15264809131622314,0.14534616470336914,0.13811348378658295,0.14375098049640656,0.13797397911548615,0.1319674253463745,0.1501999944448471
train,673.0,1,0.1532389521598816,0.1448020488023758,0.1382923126220703,0.14555074274539948,0.13704748451709747,0.1297331154346466,0.15133541822433472
train,674.0,7,0.14701825380325317,0.1379067599773407,0.1425769031047821,0.1374155879020691,0.1371079683303833,0.14637503027915955,0.15159952640533447
train,675.0,2,0.14123138785362244,0.1497204452753067,0.1276816874742508,0.146348237991333,0.1391565054655075,0.14798377454280853,0.14787791669368744
train,677.0,2,0.13921697437763214,0.15228816866874695,0.12766461074352264,0.14324086904525757,0.13926328718662262,0.14783000946044922,0.15049615502357483
train,678.0,2,0.14135895669460297,0.15257348120212555,0.12615537643432617,0.145242840051651,0.13800519704818726,0.14686506986618042,0.14979901909828186
train,679.0,7,0.14498883485794067,0.1465184986591339,0.1462467908859253,0.13353949785232544,0.1437162309885025,0.13844378292560577,0.14654630422592163
train,681.0,4,0.14335712790489197,0.13972921669483185,0.14334146678447723,0.14940418303012848,0.14002792537212372,0.14356207847595215,0.14057786762714386
train,682.0,2,0.14308129251003265,0.1512744128704071,0.1390543431043625,0.14346139132976532,0.1479249894618988,0.1451217234134674,0.13008186221122742
train,684.0,2,0.15181046724319458,0.15200884640216827,0.13412483036518097,0.15115410089492798,0.13125604391098022,0.13933230936527252,0.14031332731246948
train,685.0,1,0.15269114077091217,0.13469913601875305,0.13875459134578705,0.1355869323015213,0.14861883223056793,0.14998428523540497,0.13966511189937592
train,686.0,3,0.14173753559589386,0.14268437027931213,0.14445894956588745,0.14272938668727875,0.14090955257415771,0.14387066662311554,0.14360959827899933
train,688.0,5,0.13467411696910858,0.1430753618478775,0.14260417222976685,0.14054590463638306,0.15280847251415253,0.14231200516223907,0.1439799666404724
train,689.0,6,0.14833030104637146,0.1356208771467209,0.14018581807613373,0.1370561122894287,0.14787787199020386,0.14951562881469727,0.1414133906364441
train,690.0,5,0.14448337256908417,0.12565530836582184,0.13655540347099304,0.1411028355360031,0.15497222542762756,0.1494777500629425,0.14775307476520538
train,691.0,5,0.14250491559505463,0.1279546171426773,0.13557343184947968,0.14202886819839478,0.1533915102481842,0.14830727875232697,0.1502392441034317
train,692.0,5,0.14476710557937622,0.12578566372394562,0.13941757380962372,0.1405888944864273,0.15234708786010742,0.15000958740711212,0.1470840871334076
train,694.0,4,0.1482255905866623,0.13138766586780548,0.14278484880924225,0.15153683722019196,0.136781707406044,0.14442852139472961,0.1448548436164856
train,695.0,4,0.14898036420345306,0.13236446678638458,0.1427556276321411,0.15150532126426697,0.1335267424583435,0.14394506812095642,0.1469224989414215
train,696.0,4,0.14743900299072266,0.13105261325836182,0.14370839297771454,0.150680273771286,0.13935169577598572,0.1410500854253769,0.1467178761959076
train,697.0,4,0.1477481722831726,0.13127653300762177,0.1437837779521942,0.15153832733631134,0.1344926506280899,0.14638452231884003,0.14477591216564178
train,698.0,4,0.1466175615787506,0.13052216172218323,0.14343102276325226,0.1521337777376175,0.1357402354478836,0.14490792155265808,0.14664722979068756
train,699.0,4,0.14815543591976166,0.13224409520626068,0.1415327936410904,0.1496559977531433,0.13634653389453888,0.14379140734672546,0.14827369153499603
train,700.0,4,0.1472749412059784,0.13187141716480255,0.14236044883728027,0.1502440720796585,0.13917240500450134,0.14431437849998474,0.14476245641708374
train,701.0,7,0.14290910959243774,0.14125125110149384,0.14326326549053192,0.14442726969718933,0.1392943412065506,0.14268364012241364,0.14617110788822174
train,702.0,3,0.13831201195716858,0.13861729204654694,0.15398278832435608,0.1446515917778015,0.14234653115272522,0.13688386976718903,0.14520595967769623
train,703.0,3,0.14117953181266785,0.13416770100593567,0.1517958790063858,0.1447744518518448,0.1440400928258896,0.14011593163013458,0.14392633736133575
train,704.0,1,0.15546603500843048,0.14277154207229614,0.13839295506477356,0.14245089888572693,0.13530203700065613,0.13303427398204803,0.1525823175907135
train,705.0,1,0.15339238941669464,0.14259615540504456,0.1400139182806015,0.14386825263500214,0.13744157552719116,0.1316579133272171,0.15102984011173248
train,706.0,1,0.15543660521507263,0.14177419245243073,0.1392386555671692,0.14338183403015137,0.13533048331737518,0.1309724599123001,0.15386584401130676
train,707.0,1,0.15588144958019257,0.14589540660381317,0.1377882957458496,0.1415654867887497,0.1373269110918045,0.13066190481185913,0.15088064968585968
train,708.0,1,0.15305715799331665,0.1451137661933899,0.13838627934455872,0.1407892107963562,0.1379336565732956,0.1327635794878006,0.1519562155008316
train,709.0,1,0.15333329141139984,0.14339210093021393,0.13782715797424316,0.14472001791000366,0.13654853403568268,0.13254660367965698,0.15163224935531616
train,710.0,1,0.15211473405361176,0.14533860981464386,0.1376471370458603,0.14602437615394592,0.1376400589942932,0.13217322528362274,0.1490618735551834
train,711.0,1,0.15443970263004303,0.14423798024654388,0.13750654458999634,0.14231793582439423,0.1377898007631302,0.13209593296051025,0.15161210298538208
train,712.0,1,0.15428254008293152,0.1441759467124939,0.1391199678182602,0.14309550821781158,0.14019736647605896,0.12930801510810852,0.14982059597969055
train,713.0,1,0.15164098143577576,0.1438789665699005,0.14044611155986786,0.14309559762477875,0.13729579746723175,0.13298015296459198,0.1506623923778534
train,714.0,1,0.15328863263130188,0.1451139897108078,0.13789667189121246,0.14389345049858093,0.13662560284137726,0.13220933079719543,0.1509723961353302
train,715.0,1,0.1544961780309677,0.14348383247852325,0.13946007192134857,0.14346551895141602,0.13600073754787445,0.1343306452035904,0.14876298606395721
train,716.0,7,0.15065594017505646,0.14598052203655243,0.13633942604064941,0.1426263451576233,0.1390104442834854,0.13275155425071716,0.1526358425617218
train,717.0,1,0.15202946960926056,0.14520081877708435,0.136627659201622,0.14283046126365662,0.14008364081382751,0.1312442570924759,0.15198375284671783
train,718.0,1,0.1542556881904602,0.14489465951919556,0.1385592222213745,0.14384791254997253,0.1364746391773224,0.13032051920890808,0.15164737403392792
train,720.0,1,0.15294627845287323,0.1446077674627304,0.1355210840702057,0.14401207864284515,0.13901636004447937,0.13241036236286163,0.15148603916168213
train,722.0,1,0.15475456416606903,0.14157727360725403,0.1393890082836151,0.14380303025245667,0.136310875415802,0.13069503009319305,0.15347029268741608
train,724.0,1,0.1523551046848297,0.1434975266456604,0.1384231448173523,0.14254076778888702,0.13900674879550934,0.13450808823108673,0.14966857433319092
train,725.0,1,0.15388357639312744,0.14534862339496613,0.1400146782398224,0.14046330749988556,0.13910971581935883,0.13072310388088226,0.15045695006847382
train,726.0,1,0.15312303602695465,0.14428400993347168,0.13853348791599274,0.14175818860530853,0.13772916793823242,0.1327333003282547,0.15183879435062408
train,729.0,1,0.153763547539711,0.1468450278043747,0.13611111044883728,0.14296294748783112,0.13905265927314758,0.13135892152786255,0.14990569651126862
train,730.0,2,0.13968881964683533,0.15071207284927368,0.12845395505428314,0.14622318744659424,0.1375652551651001,0.1475694328546524,0.14978720247745514
train,731.0,2,0.14046472311019897,0.15200510621070862,0.12726393342018127,0.14603020250797272,0.13859781622886658,0.14661714434623718,0.14902101457118988
train,733.0,7,0.14263024926185608,0.14977781474590302,0.12836222350597382,0.143892303109169,0.13609716296195984,0.14730805158615112,0.15193210542201996
train,734.0,2,0.13813728094100952,0.15281473100185394,0.12818430364131927,0.1439012736082077,0.13707603514194489,0.148719921708107,0.1511663943529129
train,735.0,2,0.13805657625198364,0.15161120891571045,0.1274668574333191,0.14558672904968262,0.13732025027275085,0.14899316430091858,0.15096515417099
train,737.0,7,0.1416652798652649,0.14856652915477753,0.13098616898059845,0.14433768391609192,0.13585975766181946,0.1480550318956375,0.15052954852581024
train,738.0,3,0.14512060582637787,0.14551614224910736,0.14706338942050934,0.13433383405208588,0.14504049718379974,0.13944536447525024,0.14348021149635315
train,739.0,3,0.14435724914073944,0.14342555403709412,0.14749662578105927,0.14063690602779388,0.13761745393276215,0.1403999626636505,0.1460663229227066
train,740.0,1,0.15143366158008575,0.1316271424293518,0.1451561152935028,0.14983594417572021,0.13507524132728577,0.14105793833732605,0.14581404626369476
train,741.0,4,0.14566926658153534,0.13131806254386902,0.14556455612182617,0.150642529129982,0.13835330307483673,0.1428052932024002,0.14564695954322815
train,742.0,3,0.1390371471643448,0.1375555843114853,0.15075531601905823,0.14487981796264648,0.14488989114761353,0.13909399509429932,0.14378832280635834
train,743.0,1,0.15539243817329407,0.1436547338962555,0.13937710225582123,0.14201577007770538,0.13731707632541656,0.13224144279956818,0.1500013768672943
train,744.0,1,0.15378834307193756,0.1438951939344406,0.13833732903003693,0.1430879831314087,0.13641996681690216,0.13213583827018738,0.15233545005321503
train,745.0,1,0.15270382165908813,0.14406877756118774,0.13813279569149017,0.1441437005996704,0.1363312005996704,0.13259778916835785,0.15202189981937408
train,746.0,7,0.13988904654979706,0.14094629883766174,0.14351730048656464,0.13967077434062958,0.14222371578216553,0.14331068098545074,0.15044210851192474
train,747.0,2,0.1402217447757721,0.15274356305599213,0.12808290123939514,0.14371120929718018,0.13729915022850037,0.14920157194137573,0.14873994886875153
train,749.0,1,0.15521539747714996,0.14578841626644135,0.13932093977928162,0.1422264277935028,0.13755916059017181,0.13100741803646088,0.14888225495815277
train,750.0,2,0.13965077698230743,0.15182539820671082,0.12830185890197754,0.14379379153251648,0.13865157961845398,0.15049728751182556,0.14727924764156342
train,751.0,4,0.147190660238266,0.1314038336277008,0.14424818754196167,0.15196406841278076,0.13685688376426697,0.14170503616333008,0.1466313898563385
train,752.0,1,0.15257388353347778,0.14250513911247253,0.1372857242822647,0.1445799320936203,0.13997545838356018,0.13146381080150604,0.1516159325838089
train,753.0,4,0.1433766484260559,0.14099948108196259,0.1420465111732483,0.1448693424463272,0.1447186917066574,0.14394611120224,0.1400431990623474
train,754.0,1,0.15375177562236786,0.1367194950580597,0.14071659743785858,0.14565785229206085,0.14166902005672455,0.14469890296459198,0.1367862969636917
train,755.0,1,0.15271367132663727,0.1358267217874527,0.138804629445076,0.14365951716899872,0.14359049499034882,0.1474364846944809,0.137968510389328
train,756.0,1,0.15396177768707275,0.1331310123205185,0.1393645852804184,0.14786937832832336,0.14370721578598022,0.14516763389110565,0.13679832220077515
train,760.0,2,0.1433643102645874,0.15531188249588013,0.1403215527534485,0.1387138068675995,0.14422009885311127,0.14800411462783813,0.13006427884101868
train,762.0,2,0.14345289766788483,0.15414561331272125,0.14036256074905396,0.14044587314128876,0.14898993074893951,0.14278294146060944,0.12982015311717987
train,763.0,2,0.14148490130901337,0.15554577112197876,0.13903264701366425,0.14085032045841217,0.14728707075119019,0.14674018323421478,0.12905912101268768
train,764.0,5,0.13604548573493958,0.14293038845062256,0.14074908196926117,0.14148765802383423,0.15217332541942596,0.14323559403419495,0.14337848126888275
train,766.0,5,0.13436974585056305,0.14233115315437317,0.1419215202331543,0.14435280859470367,0.15300430357456207,0.14434762299060822,0.13967294991016388
train,767.0,5,0.13552641868591309,0.14291027188301086,0.14266352355480194,0.14205798506736755,0.1511722356081009,0.1432134509086609,0.14245618879795074
train,768.0,5,0.1347842514514923,0.14386196434497833,0.14205464720726013,0.14315590262413025,0.15140889585018158,0.14229412376880646,0.14244015514850616
train,770.0,5,0.13548122346401215,0.14330273866653442,0.13920816779136658,0.14433954656124115,0.15287481248378754,0.14150656759738922,0.14328697323799133
train,771.0,5,0.13235384225845337,0.14395642280578613,0.14254042506217957,0.14285752177238464,0.1521816998720169,0.14010411500930786,0.1460060477256775
train,772.0,5,0.1340513378381729,0.14180713891983032,0.14267002046108246,0.14263345301151276,0.15102620422840118,0.1432211697101593,0.14459063112735748
train,773.0,5,0.13461479544639587,0.14387644827365875,0.1428743451833725,0.1441812664270401,0.1500113159418106,0.14196662604808807,0.14247526228427887
train,774.0,5,0.13606798648834229,0.14219848811626434,0.14291341602802277,0.1416516751050949,0.1484857201576233,0.1451002061367035,0.14358238875865936
train,775.0,5,0.13474656641483307,0.14381782710552216,0.14224232733249664,0.14382736384868622,0.15352317690849304,0.13991810381412506,0.14192453026771545
train,776.0,3,0.13580211997032166,0.14126446843147278,0.1502758264541626,0.1473061889410019,0.14094054698944092,0.14610324800014496,0.138307586312294
train,777.0,4,0.14885228872299194,0.1489565521478653,0.13907702267169952,0.15801109373569489,0.13118430972099304,0.1364215761423111,0.13749724626541138
train,778.0,4,0.15189065039157867,0.14893607795238495,0.13805386424064636,0.15762270987033844,0.13039769232273102,0.13581901788711548,0.13728001713752747
train,779.0,4,0.14888933300971985,0.1518833190202713,0.1370842158794403,0.15611892938613892,0.13383208215236664,0.13552775979042053,0.13666436076164246
train,780.0,4,0.14980317652225494,0.1496790051460266,0.13698822259902954,0.15604589879512787,0.13278526067733765,0.13887614011764526,0.1358223259449005
train,781.0,4,0.14848609268665314,0.14948557317256927,0.13769061863422394,0.1579751819372177,0.132127046585083,0.13599780201911926,0.13823772966861725
train,782.0,1,0.15137580037117004,0.13434943556785583,0.13893596827983856,0.13788843154907227,0.14982816576957703,0.14755593240261078,0.14006629586219788
train,783.0,1,0.152540385723114,0.13548681139945984,0.13652671873569489,0.13377410173416138,0.14938731491565704,0.15114186704158783,0.14114277064800262
train,784.0,1,0.1519664078950882,0.13547202944755554,0.13552087545394897,0.1372467279434204,0.14828743040561676,0.15128077566623688,0.1402258425951004
train,786.0,1,0.15049688518047333,0.135903462767601,0.1386682540178299,0.13513708114624023,0.148246631026268,0.14927971363067627,0.14226801693439484
train,787.0,7,0.14031057059764862,0.13232609629631042,0.14598071575164795,0.14405988156795502,0.14392267167568207,0.13973546028137207,0.15366454422473907
train,788.0,7,0.1388288140296936,0.13012926280498505,0.144977867603302,0.1451290249824524,0.14393915235996246,0.14330846071243286,0.15368741750717163
train,789.0,2,0.14045007526874542,0.1527189016342163,0.14104075729846954,0.14242972433567047,0.14801253378391266,0.1465945839881897,0.1287533938884735
train,790.0,5,0.1381216049194336,0.14203843474388123,0.14030995965003967,0.14547894895076752,0.14929167926311493,0.14121003448963165,0.14354947209358215
train,791.0,5,0.1363162100315094,0.14438258111476898,0.14255201816558838,0.1433178037405014,0.1501559615135193,0.14118711650371552,0.14208835363388062
train,792.0,5,0.13342437148094177,0.14212065935134888,0.14113542437553406,0.14393813908100128,0.1536080241203308,0.1421929895877838,0.14358040690422058
train,793.0,6,0.13404470682144165,0.14273425936698914,0.1462312489748001,0.1452135443687439,0.1422608196735382,0.1491098254919052,0.14040546119213104
train,795.0,1,0.15457141399383545,0.13320398330688477,0.140391007065773,0.1352856606245041,0.14525529742240906,0.147738978266716,0.1435537040233612
train,796.0,1,0.1513165980577469,0.13610126078128815,0.1381654441356659,0.13620929419994354,0.14647480845451355,0.14917367696762085,0.14255887269973755
train,797.0,1,0.15262961387634277,0.13736672699451447,0.13698728382587433,0.1355421543121338,0.14924083650112152,0.14726035296916962,0.14097295701503754
train,798.0,1,0.15431605279445648,0.13733266294002533,0.1497052162885666,0.13544882833957672,0.13880091905593872,0.1495126634836197,0.13488362729549408
train,799.0,5,0.14423108100891113,0.12657850980758667,0.14007055759429932,0.13931821286678314,0.1518348753452301,0.14962001144886017,0.1483467072248459
train,800.0,4,0.14891721308231354,0.1320335566997528,0.14397841691970825,0.14910350739955902,0.1360306292772293,0.14530561864376068,0.14463116228580475
train,802.0,1,0.1541900336742401,0.14362244307994843,0.1373208612203598,0.14416131377220154,0.13783428072929382,0.13120204210281372,0.15166890621185303
train,803.0,1,0.15308041870594025,0.14190801978111267,0.13842739164829254,0.14396469295024872,0.13824523985385895,0.13223423063755035,0.15213994681835175
train,804.0,1,0.1554848849773407,0.14313730597496033,0.13933466374874115,0.14276523888111115,0.138809472322464,0.13045895099639893,0.15000951290130615
train,805.0,7,0.1442526876926422,0.1400960236787796,0.1424078345298767,0.14069347083568573,0.1376819908618927,0.14703182876110077,0.1478361338376999
train,807.0,7,0.14750510454177856,0.1380697339773178,0.1454165279865265,0.13986800611019135,0.14139758050441742,0.14008158445358276,0.1476614773273468
train,809.0,7,0.15189187228679657,0.14647112786769867,0.13761374354362488,0.1449827402830124,0.13633012771606445,0.13060976564884186,0.15210063755512238
train,810.0,2,0.14180521667003632,0.1544020026922226,0.1277688890695572,0.140269935131073,0.13776616752147675,0.1459549069404602,0.15203285217285156
train,811.0,3,0.14382144808769226,0.14477309584617615,0.14841876924037933,0.13441704213619232,0.14699165523052216,0.13845062255859375,0.14312735199928284
train,813.0,1,0.15391100943088531,0.1344767063856125,0.13894771039485931,0.14712925255298615,0.145758256316185,0.14489874243736267,0.13487835228443146
train,814.0,1,0.15365852415561676,0.13588431477546692,0.13670776784420013,0.14541730284690857,0.14513632655143738,0.14403483271598816,0.1391608864068985
train,815.0,4,0.14308999478816986,0.13944967091083527,0.14289547502994537,0.14660733938217163,0.1464175134897232,0.1413724720478058,0.1401675045490265
train,817.0,2,0.13987669348716736,0.1533324122428894,0.13952021300792694,0.14160990715026855,0.14952978491783142,0.14540524780750275,0.13072574138641357
train,818.0,2,0.14135248959064484,0.15375098586082458,0.13677799701690674,0.14367257058620453,0.14614790678024292,0.14781153202056885,0.1304866373538971
train,819.0,5,0.1353445202112198,0.1422700434923172,0.1435939073562622,0.1429441273212433,0.14976215362548828,0.14453232288360596,0.14155298471450806
train,820.0,5,0.13522838056087494,0.14342841506004333,0.14177581667900085,0.14331792294979095,0.1534600555896759,0.14157570898532867,0.14121364057064056
train,822.0,5,0.13578569889068604,0.14182528853416443,0.14411407709121704,0.14276674389839172,0.15090733766555786,0.14069169759750366,0.14390915632247925
train,823.0,5,0.1340959221124649,0.1450570672750473,0.14195017516613007,0.14234890043735504,0.1519102156162262,0.14226697385311127,0.14237074553966522
train,824.0,5,0.13617806136608124,0.14153945446014404,0.1453532874584198,0.14469492435455322,0.15122434496879578,0.14063318073749542,0.14037677645683289
train,826.0,5,0.1371467411518097,0.1447906792163849,0.14350050687789917,0.14247769117355347,0.1507018655538559,0.14283883571624756,0.13854356110095978
train,827.0,1,0.15414243936538696,0.13519735634326935,0.13779285550117493,0.13734030723571777,0.14793887734413147,0.14770343899726868,0.13988475501537323
train,828.0,1,0.15228356420993805,0.13678742945194244,0.13724230229854584,0.13609369099140167,0.1475164145231247,0.14937980473041534,0.14069680869579315
train,829.0,5,0.1323760449886322,0.14552779495716095,0.14295443892478943,0.14389704167842865,0.15062499046325684,0.14211836457252502,0.14250129461288452
train,830.0,5,0.1355804055929184,0.14361980557441711,0.14412514865398407,0.14331276714801788,0.15000976622104645,0.1424771547317505,0.1408749222755432
train,832.0,3,0.14058919250965118,0.1382402628660202,0.1509227752685547,0.14257872104644775,0.141096830368042,0.14131949841976166,0.14525273442268372
train,833.0,3,0.14117959141731262,0.14208881556987762,0.15037065744400024,0.14152075350284576,0.1386970579624176,0.14087988436222076,0.14526329934597015
train,834.0,6,0.14577165246009827,0.13613951206207275,0.14017857611179352,0.14542502164840698,0.14258140325546265,0.14753307402133942,0.14237074553966522
train,835.0,1,0.14762859046459198,0.13703931868076324,0.13894015550613403,0.14321188628673553,0.14429691433906555,0.1474769413471222,0.14140625298023224
train,836.0,3,0.1396344155073166,0.1395343840122223,0.1488569974899292,0.1423538774251938,0.14258259534835815,0.14247044920921326,0.1445673704147339
train,839.0,3,0.14159907400608063,0.14536820352077484,0.14869028329849243,0.133330300450325,0.14515720307826996,0.1403638869524002,0.14549104869365692
train,840.0,3,0.14283713698387146,0.1382998824119568,0.15286985039710999,0.1426929086446762,0.14116942882537842,0.13623274862766266,0.14589814841747284
train,841.0,4,0.14623083174228668,0.13100263476371765,0.14393053948879242,0.1530075967311859,0.13625241816043854,0.1423163115978241,0.14725977182388306
train,843.0,3,0.14153803884983063,0.14083229005336761,0.14452913403511047,0.14236217737197876,0.14427298307418823,0.1443069577217102,0.14215834438800812
train,844.0,5,0.13469794392585754,0.14441800117492676,0.14187178015708923,0.14271466434001923,0.15167546272277832,0.14362040162086487,0.14100179076194763
train,845.0,5,0.13644559681415558,0.14264222979545593,0.14204685389995575,0.14311560988426208,0.1508600264787674,0.14265355467796326,0.1422361135482788
train,846.0,1,0.15518641471862793,0.13309936225414276,0.1377740204334259,0.1470426768064499,0.14301146566867828,0.14528998732566833,0.1385960876941681
train,847.0,3,0.13615959882736206,0.14386186003684998,0.14911706745624542,0.14145399630069733,0.1462876945734024,0.14348450303077698,0.13963530957698822
train,848.0,5,0.14372751116752625,0.12809142470359802,0.13857512176036835,0.14213250577449799,0.15211646258831024,0.14711448550224304,0.14824263751506805
train,849.0,5,0.14190609753131866,0.1256793588399887,0.1413475126028061,0.1417417675256729,0.15133437514305115,0.14944717288017273,0.14854362607002258
train,850.0,5,0.14296168088912964,0.12933219969272614,0.13876765966415405,0.14068923890590668,0.15481658279895782,0.1476692259311676,0.14576344192028046
train,851.0,4,0.1480981707572937,0.13005951046943665,0.14343968033790588,0.1502211093902588,0.13834211230278015,0.14375142753124237,0.14608801901340485
train,853.0,4,0.1491057425737381,0.13448628783226013,0.1397966593503952,0.1493586152791977,0.1365976780653,0.14681966602802277,0.1438353955745697
train,854.0,4,0.14584149420261383,0.13161760568618774,0.1456284523010254,0.15135431289672852,0.13527247309684753,0.1440352350473404,0.14625050127506256
train,856.0,4,0.1474945992231369,0.13295628130435944,0.14436505734920502,0.1477208286523819,0.13368137180805206,0.14713777601718903,0.14664410054683685
train,859.0,3,0.13989536464214325,0.13530924916267395,0.15149299800395966,0.1435788869857788,0.14395669102668762,0.13768692314624786,0.14807993173599243
train,860.0,1,0.1518487185239792,0.1457962691783905,0.13734039664268494,0.1430521160364151,0.13722968101501465,0.13381019234657288,0.15092262625694275
train,861.0,7,0.15265321731567383,0.14365702867507935,0.13729234039783478,0.1437455415725708,0.13788729906082153,0.13159656524658203,0.15316791832447052
train,862.0,1,0.15367087721824646,0.1445368379354477,0.13814085721969604,0.14167103171348572,0.13815511763095856,0.13235978782176971,0.1514655351638794
train,863.0,1,0.1530693918466568,0.14511160552501678,0.13855355978012085,0.14545124769210815,0.13610106706619263,0.13171140849590302,0.15000168979167938
train,865.0,1,0.15506203472614288,0.1452408730983734,0.13761594891548157,0.14250507950782776,0.13731752336025238,0.12961819767951965,0.15264025330543518
train,866.0,1,0.15443237125873566,0.14387032389640808,0.1394084244966507,0.14179494976997375,0.13615861535072327,0.13263370096683502,0.15170161426067352
train,867.0,1,0.15392416715621948,0.14260129630565643,0.1382274180650711,0.14434292912483215,0.13695506751537323,0.1327691525220871,0.15117992460727692
train,868.0,1,0.1534331738948822,0.146445170044899,0.13869786262512207,0.14150305092334747,0.13747160136699677,0.13074363768100739,0.15170548856258392
train,869.0,1,0.14995893836021423,0.14616647362709045,0.13952364027500153,0.14377270638942719,0.1388196349143982,0.13514462113380432,0.14661407470703125
train,870.0,1,0.15359114110469818,0.14374154806137085,0.13710415363311768,0.14319705963134766,0.1383386105298996,0.13255161046981812,0.1514759361743927
train,871.0,1,0.15011467039585114,0.1461038738489151,0.13879388570785522,0.1428278088569641,0.1388114094734192,0.13435493409633636,0.14899352192878723
train,872.0,2,0.14274491369724274,0.1479492336511612,0.14328080415725708,0.1405443400144577,0.14055632054805756,0.14467817544937134,0.14024630188941956
train,873.0,7,0.14739182591438293,0.13748808205127716,0.14015090465545654,0.13981306552886963,0.13821546733379364,0.1460159420967102,0.1509246528148651
train,874.0,7,0.14533479511737823,0.13872750103473663,0.1415119767189026,0.14095716178417206,0.13735948503017426,0.1467856913805008,0.14932341873645782
train,875.0,2,0.1417294442653656,0.1504540592432022,0.12765493988990784,0.1447780579328537,0.1374550461769104,0.14779701828956604,0.1501314491033554
train,876.0,2,0.13951632380485535,0.1532728672027588,0.12522293627262115,0.144102543592453,0.13975892961025238,0.14962680637836456,0.14849966764450073
train,877.0,2,0.13985389471054077,0.15216152369976044,0.12744729220867157,0.14292407035827637,0.13741345703601837,0.1481071561574936,0.15209248661994934
train,878.0,2,0.14146506786346436,0.15099193155765533,0.1286790668964386,0.14597465097904205,0.13660377264022827,0.1477225422859192,0.14856290817260742
train,879.0,7,0.13982722163200378,0.14988011121749878,0.12940341234207153,0.14468616247177124,0.13891258835792542,0.14730249345302582,0.14998799562454224
train,881.0,2,0.14317543804645538,0.14980633556842804,0.12638311088085175,0.1433386504650116,0.14122270047664642,0.1474340856075287,0.1486397087574005
train,882.0,2,0.13979442417621613,0.15439949929714203,0.12717938423156738,0.14501962065696716,0.13662944734096527,0.14606542885303497,0.15091218054294586
train,883.0,2,0.1418694704771042,0.15078681707382202,0.12778639793395996,0.14403881132602692,0.13676992058753967,0.14876173436641693,0.1499868631362915
train,884.0,2,0.1421705186367035,0.1517188400030136,0.12674525380134583,0.14638955891132355,0.13759000599384308,0.14736519753932953,0.14802056550979614
train,885.0,5,0.14418554306030273,0.12669630348682404,0.13909436762332916,0.14008255302906036,0.15331435203552246,0.1496489942073822,0.14697794616222382
train,886.0,4,0.1468435525894165,0.13237977027893066,0.144635871052742,0.15074685215950012,0.13695789873600006,0.14242492616176605,0.14601105451583862
train,887.0,7,0.15090301632881165,0.14330729842185974,0.1394907385110855,0.14484326541423798,0.13582928478717804,0.13361725211143494,0.15200906991958618
train,888.0,1,0.1560935080051422,0.14454473555088043,0.13904452323913574,0.1440795511007309,0.13661228120326996,0.13001656532287598,0.14960874617099762
train,889.0,1,0.15684381127357483,0.1438561975955963,0.1413257122039795,0.14125031232833862,0.1362582892179489,0.12821008265018463,0.15225563943386078
train,891.0,1,0.15404470264911652,0.14204396307468414,0.14101222157478333,0.1436818391084671,0.14042305946350098,0.13060890138149261,0.1481853425502777
train,892.0,7,0.15208280086517334,0.1425071507692337,0.13775601983070374,0.1421821564435959,0.13880710303783417,0.13183388113975525,0.1548309028148651
train,895.0,1,0.15139193832874298,0.13491302728652954,0.13648192584514618,0.15083549916744232,0.14450500905513763,0.14606650173664093,0.13580623269081116
train,896.0,1,0.154007226228714,0.13477417826652527,0.13754412531852722,0.1448650062084198,0.1451466977596283,0.14630648493766785,0.13735628128051758
train,898.0,7,0.14011874794960022,0.13032299280166626,0.14380475878715515,0.147243469953537,0.14365200698375702,0.14284081757068634,0.15201719105243683
train,899.0,7,0.13645406067371368,0.13270582258701324,0.14362189173698425,0.14752188324928284,0.14309246838092804,0.14398826658725739,0.15261568129062653
train,900.0,7,0.13829301297664642,0.13133791089057922,0.14330555498600006,0.14684385061264038,0.14764443039894104,0.14070717990398407,0.15186814963817596
train,901.0,7,0.13933460414409637,0.1321631819009781,0.14203177392482758,0.14938145875930786,0.14410947263240814,0.14153239130973816,0.15144704282283783
train,902.0,1,0.15535566210746765,0.13833469152450562,0.1478108912706375,0.13683120906352997,0.13737447559833527,0.1488128900527954,0.13548022508621216
train,903.0,2,0.14080455899238586,0.15060339868068695,0.13993225991725922,0.14364124834537506,0.14903715252876282,0.14551956951618195,0.13046178221702576
train,904.0,5,0.13522329926490784,0.14203156530857086,0.13994769752025604,0.14545263350009918,0.15261590480804443,0.14226607978343964,0.14246290922164917
train,905.0,5,0.1333673745393753,0.14334458112716675,0.14184725284576416,0.1426728218793869,0.15141338109970093,0.14246438443660736,0.1448902040719986
train,906.0,5,0.13329754769802094,0.14279477298259735,0.14338837563991547,0.14301912486553192,0.15140071511268616,0.14245444536209106,0.1436450332403183
train,908.0,5,0.13404449820518494,0.14255642890930176,0.14131884276866913,0.1426617056131363,0.1488153040409088,0.14513516426086426,0.14546816051006317
train,910.0,5,0.1325809806585312,0.1459028571844101,0.14046113193035126,0.14378124475479126,0.15319570899009705,0.14001843333244324,0.14405976235866547
train,911.0,5,0.13574646413326263,0.14318107068538666,0.14264217019081116,0.14193721115589142,0.14976181089878082,0.14142516255378723,0.14530609548091888
train,913.0,5,0.13557317852973938,0.14149782061576843,0.143918976187706,0.14479921758174896,0.15042762458324432,0.14080719649791718,0.14297600090503693
train,914.0,4,0.15090416371822357,0.14891816675662994,0.13856667280197144,0.15803049504756927,0.12943345308303833,0.13594596087932587,0.13820099830627441
train,917.0,1,0.15286998450756073,0.13394561409950256,0.13850456476211548,0.13816408812999725,0.14516472816467285,0.14963416755199432,0.14171694219112396
train,918.0,1,0.15138530731201172,0.13464750349521637,0.13938689231872559,0.13363152742385864,0.14943166077136993,0.1486739069223404,0.14284320175647736
train,919.0,1,0.15204475820064545,0.13681137561798096,0.13681840896606445,0.13576000928878784,0.1476348340511322,0.1511150449514389,0.1398155838251114
train,920.0,1,0.1517920047044754,0.13539773225784302,0.13891282677650452,0.13547790050506592,0.14753684401512146,0.15103110671043396,0.13985151052474976
train,921.0,2,0.14085805416107178,0.15190482139587402,0.14024344086647034,0.14052189886569977,0.14651265740394592,0.1479075700044632,0.1320515275001526
train,924.0,5,0.13710908591747284,0.14154961705207825,0.13945654034614563,0.1432591676712036,0.15186087787151337,0.14277197420597076,0.14399264752864838
train,925.0,4,0.1516098827123642,0.146554633975029,0.13640917837619781,0.15710902214050293,0.13068194687366486,0.13873735070228577,0.13889794051647186
train,926.0,3,0.13986216485500336,0.13793741166591644,0.1532229781150818,0.14228856563568115,0.14265377819538116,0.13989375531673431,0.14414139091968536
train,927.0,1,0.15546633303165436,0.1439877450466156,0.13721106946468353,0.14286702871322632,0.1386309117078781,0.12968985736370087,0.15214703977108002
train,929.0,1,0.15348996222019196,0.1449444591999054,0.13679228723049164,0.14117372035980225,0.1390768438577652,0.1322047859430313,0.1523178517818451
train,930.0,2,0.1411762684583664,0.15368373692035675,0.12648534774780273,0.14311926066875458,0.1367672234773636,0.14823006093502045,0.15053807199001312
train,932.0,1,0.15241986513137817,0.138951376080513,0.1489803045988083,0.13603627681732178,0.13901957869529724,0.15011940896511078,0.13447318971157074
train,933.0,5,0.135849729180336,0.141961470246315,0.14256729185581207,0.1415053755044937,0.15593020617961884,0.1394120156764984,0.14277400076389313
train,934.0,7,0.13784441351890564,0.13135813176631927,0.14671336114406586,0.14543960988521576,0.1432759016752243,0.14396309852600098,0.1514054536819458
train,936.0,2,0.1437876671552658,0.1515485644340515,0.1412336826324463,0.13929946720600128,0.14530780911445618,0.13795460760593414,0.14086824655532837
train,938.0,4,0.1471904218196869,0.13180583715438843,0.14465166628360748,0.15022464096546173,0.13683101534843445,0.14323553442955017,0.1460607796907425
train,939.0,2,0.14696091413497925,0.1503755748271942,0.14061422646045685,0.1404326856136322,0.14075154066085815,0.13766026496887207,0.14320474863052368
train,940.0,1,0.14604757726192474,0.1422700732946396,0.1417349874973297,0.14187511801719666,0.14366042613983154,0.14241325855255127,0.14199866354465485
train,942.0,4,0.1388227641582489,0.14037145674228668,0.14427384734153748,0.1492341309785843,0.1423644721508026,0.14250391721725464,0.14242935180664062
train,943.0,5,0.13265900313854218,0.14375610649585724,0.14771048724651337,0.14441612362861633,0.1494377702474594,0.14335918426513672,0.13866128027439117
train,944.0,5,0.1463470757007599,0.13705317676067352,0.13813084363937378,0.14378401637077332,0.14714251458644867,0.14551974833011627,0.1420225352048874
train,945.0,5,0.1440151035785675,0.1374371498823166,0.1378595381975174,0.14477482438087463,0.14705848693847656,0.1460007280111313,0.14285409450531006
train,946.0,6,0.1443367749452591,0.14030258357524872,0.13718032836914062,0.1431291401386261,0.1467689424753189,0.14728699624538422,0.14099523425102234
train,947.0,2,0.14272283017635345,0.15086254477500916,0.14328236877918243,0.13994933664798737,0.14234408736228943,0.14208471775054932,0.13875412940979004
train,948.0,1,0.1502619832754135,0.14466245472431183,0.14009027183055878,0.14186979830265045,0.13768082857131958,0.14561496675014496,0.13981980085372925
train,949.0,1,0.14534485340118408,0.14440427720546722,0.14287924766540527,0.14172984659671783,0.14490622282028198,0.13814213871955872,0.1425934135913849
train,950.0,5,0.13305960595607758,0.14738932251930237,0.14565807580947876,0.14505983889102936,0.15184924006462097,0.14161667227745056,0.13536719977855682
train,951.0,2,0.13955986499786377,0.15304936468601227,0.14307479560375214,0.13811944425106049,0.1460590809583664,0.14375609159469604,0.13638129830360413
train,952.0,2,0.1382456123828888,0.15181852877140045,0.1432603895664215,0.14054825901985168,0.14487922191619873,0.1415860801935196,0.13966187834739685
train,954.0,4,0.14246968924999237,0.13635608553886414,0.1431313008069992,0.14679975807666779,0.14560557901859283,0.14512234926223755,0.14051522314548492
train,956.0,4,0.14179907739162445,0.14189724624156952,0.14097020030021667,0.14478474855422974,0.1437349021434784,0.14315639436244965,0.14365749061107635
train,957.0,2,0.14070166647434235,0.1473398357629776,0.1444244533777237,0.1462177336215973,0.1381833553314209,0.14180418848991394,0.14132873713970184
train,958.0,5,0.1357438862323761,0.14022523164749146,0.13340581953525543,0.1414734423160553,0.15171970427036285,0.14702259004116058,0.1504092514514923
train,959.0,5,0.1366308331489563,0.1413847655057907,0.13562560081481934,0.14049755036830902,0.15613038837909698,0.14392156898975372,0.14580918848514557
train,960.0,6,0.14103928208351135,0.1433994621038437,0.14011821150779724,0.14099019765853882,0.14440369606018066,0.14672455191612244,0.1433245837688446
train,962.0,2,0.1401301622390747,0.15297101438045502,0.13983909785747528,0.13950863480567932,0.1451069712638855,0.14280778169631958,0.1396363526582718
train,963.0,2,0.14538227021694183,0.14691497385501862,0.136090949177742,0.14381153881549835,0.14199446141719818,0.14638495445251465,0.13942086696624756
train,964.0,1,0.14832980930805206,0.13629667460918427,0.1466609537601471,0.1449221521615982,0.14354531466960907,0.14030282199382782,0.13994213938713074
train,965.0,5,0.14096970856189728,0.1420428305864334,0.1342153251171112,0.14046533405780792,0.15397857129573822,0.14105893671512604,0.14726929366588593
train,966.0,5,0.13507772982120514,0.14474336802959442,0.1452978253364563,0.14252664148807526,0.1509130448102951,0.14330534636974335,0.13813599944114685
train,967.0,1,0.14980635046958923,0.14591585099697113,0.13477951288223267,0.14735721051692963,0.13785973191261292,0.1444399505853653,0.13984142243862152
train,968.0,2,0.13664017617702484,0.15845850110054016,0.1379205733537674,0.14580225944519043,0.13972751796245575,0.1458171010017395,0.13563382625579834
train,969.0,2,0.13923567533493042,0.1565721184015274,0.13786333799362183,0.1463550329208374,0.13660594820976257,0.1435147225856781,0.13985306024551392
train,970.0,2,0.1408705860376358,0.15108069777488708,0.14165443181991577,0.14399155974388123,0.14275909960269928,0.1409253031015396,0.13871830701828003
train,971.0,7,0.14455585181713104,0.13477779924869537,0.1419500708580017,0.14466725289821625,0.1422077715396881,0.1442963033914566,0.1475449800491333
train,972.0,6,0.14462359249591827,0.13684244453907013,0.13952936232089996,0.1460767686367035,0.13842634856700897,0.14822594821453094,0.14627566933631897
train,973.0,5,0.13375318050384521,0.14324383437633514,0.14541538059711456,0.14610472321510315,0.1467846930027008,0.1431386023759842,0.1415596604347229
train,974.0,3,0.14780199527740479,0.14633697271347046,0.14947442710399628,0.1422150731086731,0.1350744664669037,0.13800102472305298,0.14109604060649872
train,977.0,7,0.14258308708667755,0.14061148464679718,0.14255668222904205,0.1432989090681076,0.1430882215499878,0.14221806824207306,0.14564354717731476
train,978.0,6,0.1437859684228897,0.124884694814682,0.1482594758272171,0.13994476199150085,0.1465834528207779,0.149260014295578,0.147281676530838
train,979.0,6,0.1449131965637207,0.12408574670553207,0.14660052955150604,0.1425098180770874,0.14507804811000824,0.14852997660636902,0.14828264713287354
train,980.0,6,0.1377023607492447,0.14472602307796478,0.1427290290594101,0.1363537609577179,0.14915524423122406,0.1506424844264984,0.13869112730026245
train,981.0,7,0.14611703157424927,0.13788215816020966,0.14012768864631653,0.1467016190290451,0.13715647161006927,0.1437409222126007,0.14827415347099304
train,985.0,1,0.1480536162853241,0.14202561974525452,0.1442074030637741,0.14606830477714539,0.14095541834831238,0.13775520026683807,0.14093448221683502
train,986.0,2,0.14400021731853485,0.1491273045539856,0.1388152837753296,0.14616605639457703,0.14406099915504456,0.13739712536334991,0.14043298363685608
train,987.0,7,0.1427779346704483,0.1350465565919876,0.14555585384368896,0.14088350534439087,0.14067083597183228,0.14282986521720886,0.15223529934883118
train,988.0,3,0.14638350903987885,0.14465714991092682,0.14983513951301575,0.13994623720645905,0.13550956547260284,0.1397094577550888,0.1439589411020279
train,989.0,3,0.14665035903453827,0.1468716561794281,0.14915381371974945,0.13983318209648132,0.13546821475028992,0.13743770122528076,0.14458510279655457
train,990.0,2,0.14642658829689026,0.1490720808506012,0.1483992487192154,0.14022377133369446,0.1348956823348999,0.13787978887557983,0.143102765083313
train,991.0,3,0.1460713893175125,0.14649449288845062,0.14835409820079803,0.14062854647636414,0.13236039876937866,0.14166608452796936,0.14442507922649384
train,992.0,6,0.12986373901367188,0.13292521238327026,0.1403139978647232,0.15043440461158752,0.14700399339199066,0.1512976884841919,0.14816103875637054
train,993.0,5,0.13079611957073212,0.13470983505249023,0.13951700925827026,0.15025849640369415,0.15182635188102722,0.1474633365869522,0.1454288512468338
train,994.0,6,0.1452588587999344,0.13821576535701752,0.14081597328186035,0.14419962465763092,0.1383528858423233,0.14677172899246216,0.14638525247573853
train,995.0,1,0.1473473608493805,0.13780391216278076,0.1417160928249359,0.145017609000206,0.13570445775985718,0.14599435031414032,0.14641627669334412
train,997.0,6,0.14659112691879272,0.12495018541812897,0.14731773734092712,0.14011986553668976,0.1453234851360321,0.14886662364006042,0.1468309760093689
train,998.0,6,0.1454152762889862,0.12303651124238968,0.14582842588424683,0.14446040987968445,0.14411236345767975,0.14889875054359436,0.14824819564819336
train,999.0,6,0.14707833528518677,0.12209980934858322,0.14691250026226044,0.14086538553237915,0.14809675514698029,0.14840543270111084,0.1465417742729187
train,1000.0,7,0.14524471759796143,0.12292434275150299,0.14545495808124542,0.14181959629058838,0.14726541936397552,0.14779067039489746,0.14950020611286163
train,1004.0,2,0.1385311633348465,0.14726577699184418,0.1436808854341507,0.1425950974225998,0.14558644592761993,0.13785310089588165,0.14448748528957367
train,1005.0,7,0.1408948451280594,0.14278219640254974,0.14491064846515656,0.14172318577766418,0.1420036256313324,0.14218074083328247,0.14550478756427765
train,1006.0,2,0.143032044172287,0.1468961536884308,0.14257290959358215,0.14147444069385529,0.1441125124692917,0.14222170412540436,0.13969020545482635
train,1008.0,3,0.1363823264837265,0.14488281309604645,0.14776545763015747,0.14727433025836945,0.13963153958320618,0.14426223933696747,0.13980144262313843
train,1009.0,4,0.13515876233577728,0.14477340877056122,0.14374114573001862,0.14624860882759094,0.14588360488414764,0.14153032004833221,0.14266403019428253
train,1010.0,4,0.13553601503372192,0.14434154331684113,0.1438813954591751,0.1468576341867447,0.14235812425613403,0.14629584550857544,0.14072954654693604
train,1012.0,2,0.13944493234157562,0.14949274063110352,0.14814512431621552,0.14396989345550537,0.13918697834014893,0.14452646672725677,0.13523389399051666
train,1013.0,5,0.13141301274299622,0.1330844908952713,0.14061881601810455,0.1486959606409073,0.14936169981956482,0.14817167818546295,0.14865440130233765
train,1015.0,1,0.1461273580789566,0.14426715672016144,0.14332184195518494,0.14583154022693634,0.14042380452156067,0.14022663235664368,0.13980166614055634
train,1016.0,6,0.13015294075012207,0.1326090395450592,0.1414680778980255,0.14797218143939972,0.14811787009239197,0.15068842470645905,0.14899149537086487
train,1017.0,2,0.13865125179290771,0.1511586755514145,0.1434890776872635,0.13883626461029053,0.14520029723644257,0.14211291074752808,0.14055153727531433
train,1018.0,2,0.14143434166908264,0.14939790964126587,0.1404767632484436,0.13775011897087097,0.14130915701389313,0.14384746551513672,0.14578431844711304
train,1019.0,5,0.14358697831630707,0.13936462998390198,0.1390068084001541,0.143202543258667,0.1474362164735794,0.14677082002162933,0.14063206315040588
train,1020.0,3,0.1450974941253662,0.1421453356742859,0.14520873129367828,0.1403278261423111,0.14331533014774323,0.14134272933006287,0.14256256818771362
train,1021.0,4,0.1298658698797226,0.1354013979434967,0.14349080622196198,0.14922726154327393,0.14750097692012787,0.14729870855808258,0.1472148895263672
train,1022.0,3,0.13402196764945984,0.1338946372270584,0.15509000420570374,0.13707511126995087,0.1471148282289505,0.14562363922595978,0.14717979729175568
train,1024.0,5,0.1324366331100464,0.14612865447998047,0.1444244086742401,0.14574627578258514,0.15146353840827942,0.14111533761024475,0.1386851668357849
train,1025.0,3,0.1332840621471405,0.13327956199645996,0.1542029231786728,0.1376524120569229,0.14696232974529266,0.1467774510383606,0.147841215133667
train,1026.0,1,0.14671063423156738,0.13998019695281982,0.13916921615600586,0.14408963918685913,0.14496058225631714,0.1458950787782669,0.13919469714164734
train,1027.0,5,0.1415417641401291,0.14021258056163788,0.14100050926208496,0.14612019062042236,0.14677004516124725,0.14509695768356323,0.13925784826278687
train,1029.0,4,0.1396537572145462,0.14384028315544128,0.14374959468841553,0.14567828178405762,0.1416114717721939,0.14340166747570038,0.1420648694038391
train,1030.0,1,0.1461491584777832,0.13721643388271332,0.14467956125736237,0.14566628634929657,0.14457561075687408,0.14186657965183258,0.13984636962413788
train,1031.0,1,0.14787162840366364,0.13522584736347198,0.14566871523857117,0.14237910509109497,0.14440520107746124,0.14367567002773285,0.14077381789684296
train,1032.0,2,0.13934974372386932,0.15020160377025604,0.14201703667640686,0.13786207139492035,0.1428079903125763,0.14336749911308289,0.14439406991004944
train,1033.0,2,0.13826774060726166,0.15061429142951965,0.1418183594942093,0.13748224079608917,0.14261476695537567,0.1435612589120865,0.14564132690429688
train,1034.0,6,0.14155881106853485,0.142897367477417,0.1420418918132782,0.14350752532482147,0.14121955633163452,0.14542841911315918,0.14334629476070404
train,1035.0,3,0.13219992816448212,0.14771698415279388,0.1485646665096283,0.14233393967151642,0.14825119078159332,0.14214351773262024,0.13878974318504333
train,1036.0,5,0.13398544490337372,0.14537563920021057,0.14675965905189514,0.1426118016242981,0.151736781001091,0.14465680718421936,0.13487376272678375
train,1038.0,3,0.13478729128837585,0.13315539062023163,0.1526259481906891,0.13732489943504333,0.1473265439271927,0.14606873691082,0.14871127903461456
train,1039.0,3,0.13419638574123383,0.1309807002544403,0.15358451008796692,0.13801147043704987,0.14662638306617737,0.14604681730270386,0.15055374801158905
train,1040.0,5,0.1453007608652115,0.13804200291633606,0.14012128114700317,0.14496706426143646,0.14670446515083313,0.14598308503627777,0.13888128101825714
train,1042.0,5,0.14221031963825226,0.14291353523731232,0.14278624951839447,0.1409318447113037,0.1444864124059677,0.14439748227596283,0.1422741562128067
train,1043.0,6,0.14040745794773102,0.14301621913909912,0.14438699185848236,0.1439831256866455,0.13884271681308746,0.1476827710866928,0.14168080687522888
train,1044.0,3,0.14626862108707428,0.13357719779014587,0.14727714657783508,0.14690469205379486,0.14659340679645538,0.14209172129631042,0.13728725910186768
train,1045.0,1,0.14672823250293732,0.13615533709526062,0.1459120810031891,0.1454765945672989,0.1440642923116684,0.14224736392498016,0.13941608369350433
train,1046.0,2,0.14052867889404297,0.1499706655740738,0.1379908323287964,0.1360577791929245,0.14466136693954468,0.14724284410476685,0.14354786276817322
train,1047.0,2,0.13907909393310547,0.14956802129745483,0.13984499871730804,0.13481290638446808,0.14451654255390167,0.14459306001663208,0.14758548140525818
train,1048.0,2,0.14219817519187927,0.14581286907196045,0.14494596421718597,0.14074350893497467,0.1424606889486313,0.14045029878616333,0.1433885544538498
train,1049.0,6,0.13989132642745972,0.1482778936624527,0.13870316743850708,0.14468581974506378,0.13986991345882416,0.1490868330001831,0.13948501646518707
train,1050.0,5,0.14069676399230957,0.1441449373960495,0.14227908849716187,0.1420629769563675,0.14721083641052246,0.14253541827201843,0.14107012748718262
train,1051.0,1,0.14812853932380676,0.14673036336898804,0.1362076699733734,0.14315131306648254,0.1415630429983139,0.14279229938983917,0.1414266973733902
train,1053.0,2,0.1437576711177826,0.14427314698696136,0.14349010586738586,0.14410774409770966,0.14304395020008087,0.14014843106269836,0.14117898046970367
train,1054.0,7,0.14555397629737854,0.1406003087759018,0.14343926310539246,0.13598652184009552,0.14481289684772491,0.14403201639652252,0.14557501673698425
train,1056.0,1,0.15157394111156464,0.14470763504505157,0.13755762577056885,0.14495977759361267,0.1397724747657776,0.14466333389282227,0.13676513731479645
train,1057.0,2,0.1404007375240326,0.14793448150157928,0.14013153314590454,0.1339712291955948,0.14621363580226898,0.1476537138223648,0.143694669008255
train,1058.0,5,0.13467906415462494,0.14591969549655914,0.14502941071987152,0.14334231615066528,0.148483008146286,0.14446982741355896,0.1380767524242401
train,1061.0,2,0.13971155881881714,0.15771453082561493,0.13848549127578735,0.14583620429039001,0.1375705897808075,0.1408010572195053,0.13988058269023895
train,1062.0,2,0.141629159450531,0.1497778594493866,0.1426997035741806,0.1403798609972,0.14528152346611023,0.14302295446395874,0.13720904290676117
train,1063.0,3,0.14234939217567444,0.1447717547416687,0.14615681767463684,0.14112350344657898,0.1433737576007843,0.13987672328948975,0.14234809577465057
train,1064.0,3,0.1358029693365097,0.14709430932998657,0.1471700370311737,0.14501824975013733,0.1417352855205536,0.14187882840633392,0.14130030572414398
train,1065.0,2,0.13247956335544586,0.14772698283195496,0.1471230834722519,0.145621195435524,0.142179936170578,0.14430153369903564,0.14056773483753204
train,1066.0,2,0.13843934237957,0.15301848948001862,0.14528678357601166,0.1420505791902542,0.13925904035568237,0.14428438246250153,0.1376613974571228
train,1067.0,5,0.13070914149284363,0.13453377783298492,0.14265386760234833,0.14775031805038452,0.14979837834835052,0.14685188233852386,0.1477026790380478
train,1068.0,6,0.14445364475250244,0.14275988936424255,0.14456917345523834,0.13985122740268707,0.1417766511440277,0.14461569488048553,0.14197370409965515
train,1069.0,5,0.14050672948360443,0.14152012765407562,0.1420002430677414,0.14282037317752838,0.14499163627624512,0.14317870140075684,0.14498209953308105
train,1070.0,2,0.1399075835943222,0.15261130034923553,0.14122286438941956,0.14416946470737457,0.13935616612434387,0.1428183913230896,0.13991421461105347
train,1071.0,1,0.1454167515039444,0.1419783979654312,0.1431630700826645,0.14338304102420807,0.14143887162208557,0.1392163783311844,0.14540359377861023
train,1072.0,4,0.14461134374141693,0.13711735606193542,0.13894236087799072,0.14853110909461975,0.1391989141702652,0.1470114141702652,0.14458750188350677
train,1073.0,7,0.14494174718856812,0.13598422706127167,0.13987058401107788,0.14620453119277954,0.13834220170974731,0.1459999829530716,0.14865675568580627
train,1074.0,4,0.1354639232158661,0.14619490504264832,0.14484156668186188,0.1466643512248993,0.14097455143928528,0.14455944299697876,0.14130130410194397
train,1075.0,6,0.14394237101078033,0.1386283040046692,0.14183107018470764,0.14529961347579956,0.13947968184947968,0.14734290540218353,0.14347605407238007
train,1076.0,3,0.13903674483299255,0.1468103677034378,0.14733290672302246,0.14268732070922852,0.13988322019577026,0.14498308300971985,0.13926628232002258
train,1077.0,2,0.13912013173103333,0.14759771525859833,0.14536152780056,0.14254069328308105,0.13896776735782623,0.14552614092826843,0.1408860683441162
train,1078.0,3,0.13382884860038757,0.1446361541748047,0.14535436034202576,0.14516068994998932,0.14451177418231964,0.14324885606765747,0.14325925707817078
train,1079.0,3,0.14767958223819733,0.14823532104492188,0.1486264318227768,0.13832683861255646,0.13630929589271545,0.14132831990718842,0.13949428498744965
train,1080.0,5,0.14520195126533508,0.136249840259552,0.1457337886095047,0.14244987070560455,0.1460050642490387,0.14380332827568054,0.14055617153644562
train,1081.0,6,0.1459021121263504,0.12339960783720016,0.14775146543979645,0.1409572958946228,0.14565441012382507,0.15029364824295044,0.14604149758815765
train,1082.0,6,0.14438779652118683,0.12429402023553848,0.14724840223789215,0.13964921236038208,0.14747518301010132,0.14900684356689453,0.1479385793209076
train,1083.0,3,0.14717841148376465,0.12091577053070068,0.15017084777355194,0.14112430810928345,0.14593012630939484,0.146999329328537,0.1476811021566391
train,1086.0,2,0.1410759836435318,0.14817266166210175,0.14301195740699768,0.14125102758407593,0.14682158827781677,0.141739621758461,0.13792714476585388
train,1087.0,2,0.14496682584285736,0.14529015123844147,0.14160433411598206,0.13883467018604279,0.14492474496364594,0.14281095564365387,0.14156831800937653
train,1089.0,1,0.14776284992694855,0.1397610902786255,0.13731329143047333,0.1402767151594162,0.1459863781929016,0.14276601374149323,0.14613373577594757
train,1090.0,1,0.14886894822120667,0.13612185418605804,0.13854320347309113,0.1469993144273758,0.13937833905220032,0.1449240893125534,0.14516423642635345
train,1091.0,4,0.13400161266326904,0.14495843648910522,0.146412655711174,0.14770062267780304,0.14132627844810486,0.14241516590118408,0.14318525791168213
train,1092.0,3,0.13394740223884583,0.14413349330425262,0.14989842474460602,0.14281444251537323,0.14778052270412445,0.13849572837352753,0.14292989671230316
train,1093.0,4,0.14453904330730438,0.14464925229549408,0.1420145332813263,0.14780275523662567,0.14319376647472382,0.13948768377304077,0.1383129060268402
train,1094.0,6,0.13207371532917023,0.1334514170885086,0.1421624720096588,0.14592689275741577,0.14860492944717407,0.14935678243637085,0.14842383563518524
train,1095.0,6,0.14272817969322205,0.13559585809707642,0.14005358517169952,0.14376351237297058,0.1408763825893402,0.14965274930000305,0.14732976257801056
train,1096.0,3,0.1460278481245041,0.12334202229976654,0.14898885786533356,0.14298830926418304,0.14316056668758392,0.1486816108226776,0.146810844540596
train,1098.0,2,0.13454745709896088,0.1463477611541748,0.1456756293773651,0.14424924552440643,0.1434197723865509,0.1436060220003128,0.14215411245822906
train,1099.0,3,0.13412216305732727,0.14489327371120453,0.1491706371307373,0.1449401080608368,0.14161047339439392,0.14504554867744446,0.14021766185760498
train,1100.0,2,0.13864099979400635,0.1486169546842575,0.1449814736843109,0.14602960646152496,0.14132778346538544,0.1430036872625351,0.13739964365959167
train,1101.0,3,0.1453152596950531,0.14351841807365417,0.14801253378391266,0.14280489087104797,0.1364821344614029,0.1385890394449234,0.14527775347232819
train,1102.0,5,0.13155609369277954,0.1337132304906845,0.14336760342121124,0.14660821855068207,0.1496211290359497,0.14711786806583405,0.1480158567428589
train,1103.0,3,0.1487192064523697,0.1464143544435501,0.1491376757621765,0.14060819149017334,0.1352657973766327,0.1381448358297348,0.14170995354652405
train,1104.0,1,0.15152300894260406,0.1458202600479126,0.1370265930891037,0.14448034763336182,0.14060750603675842,0.14340730011463165,0.1371350735425949
train,1105.0,6,0.144435852766037,0.1397441178560257,0.13844934105873108,0.14340439438819885,0.14612939953804016,0.14870138466358185,0.13913555443286896
train,1107.0,3,0.14753632247447968,0.1366710662841797,0.147651806473732,0.14254672825336456,0.14635808765888214,0.13977225124835968,0.13946375250816345
train,1108.0,5,0.1324486881494522,0.13401636481285095,0.13962002098560333,0.14627625048160553,0.1508120745420456,0.1462884545326233,0.15053816139698029
train,1109.0,4,0.14220453798770905,0.14341092109680176,0.14552649855613708,0.14622139930725098,0.13494178652763367,0.14208151400089264,0.14561322331428528
train,1110.0,1,0.14724084734916687,0.14136086404323578,0.14212094247341156,0.14435996115207672,0.14406652748584747,0.14279119670391083,0.138059601187706
train,1111.0,6,0.13751506805419922,0.1473371684551239,0.13817717134952545,0.14429648220539093,0.14589765667915344,0.14954546093940735,0.1372309923171997
train,1112.0,7,0.15440256893634796,0.1332036852836609,0.1358824372291565,0.13317669928073883,0.14400027692317963,0.14292167127132416,0.15641260147094727
train,1113.0,5,0.14342285692691803,0.14124996960163116,0.14466530084609985,0.1417681872844696,0.14655466377735138,0.1407051384449005,0.14163382351398468
train,1115.0,6,0.1383216381072998,0.1504349410533905,0.14013899862766266,0.14207801222801208,0.1434738039970398,0.15186245739459991,0.13369016349315643
train,1116.0,3,0.14403000473976135,0.14036333560943604,0.15277515351772308,0.14195135235786438,0.13853302597999573,0.14982402324676514,0.13252311944961548
train,1118.0,6,0.14233624935150146,0.14464505016803741,0.1407262086868286,0.1432901918888092,0.14107432961463928,0.1447807252407074,0.14314723014831543
train,1119.0,1,0.14890509843826294,0.14250221848487854,0.14534522593021393,0.1426403671503067,0.14033694565296173,0.14192506670951843,0.1383451372385025
train,1120.0,3,0.14667336642742157,0.14288973808288574,0.15240710973739624,0.14133736491203308,0.14012208580970764,0.14226312935352325,0.13430717587471008
train,1121.0,1,0.15234164893627167,0.14460910856723785,0.1378745436668396,0.1415644884109497,0.14420069754123688,0.13845086097717285,0.14095857739448547
train,1122.0,1,0.1500522643327713,0.14554688334465027,0.13770104944705963,0.14036503434181213,0.14333917200565338,0.13850156962871552,0.14449413120746613
train,1123.0,2,0.1461855173110962,0.14670807123184204,0.13903070986270905,0.14031121134757996,0.14581862092018127,0.13855482637882233,0.14339107275009155
train,1124.0,3,0.14177218079566956,0.13934506475925446,0.1567458063364029,0.14178793132305145,0.13932707905769348,0.14890176057815552,0.13212008774280548
train,1127.0,7,0.13558708131313324,0.14701732993125916,0.13669930398464203,0.14637921750545502,0.14424365758895874,0.1421346366405487,0.1479387730360031
train,1128.0,5,0.14067281782627106,0.14209802448749542,0.14402209222316742,0.144708514213562,0.14471480250358582,0.1425686776638031,0.14121505618095398
train,1130.0,2,0.14319564402103424,0.14800900220870972,0.14364898204803467,0.14623932540416718,0.13810007274150848,0.1460103690624237,0.13479657471179962
train,1131.0,1,0.14943666756153107,0.13610774278640747,0.1451893001794815,0.14329233765602112,0.14002366364002228,0.14525195956230164,0.14069834351539612
train,1132.0,1,0.14726662635803223,0.13197988271713257,0.1460232138633728,0.14368975162506104,0.14063365757465363,0.14468654990196228,0.1457202434539795
train,1133.0,3,0.14615628123283386,0.13607971370220184,0.14744789898395538,0.14339032769203186,0.1395377814769745,0.14254653453826904,0.14484143257141113
train,1134.0,4,0.14285032451152802,0.14170010387897491,0.14172253012657166,0.1444273144006729,0.1443345993757248,0.14238953590393066,0.14257562160491943
train,1135.0,2,0.14292241632938385,0.14534687995910645,0.14311708509922028,0.14235419034957886,0.14049024879932404,0.14410172402858734,0.14166735112667084
train,1136.0,2,0.1450086534023285,0.1521439403295517,0.13874484598636627,0.1463293582201004,0.14080524444580078,0.1414927989244461,0.13547515869140625
train,1137.0,2,0.14285267889499664,0.14921852946281433,0.14147110283374786,0.14588938653469086,0.13895267248153687,0.1438189595937729,0.13779662549495697
train,1138.0,2,0.13956604897975922,0.15162664651870728,0.14092375338077545,0.14507675170898438,0.1401519924402237,0.14204399287700653,0.14061076939105988
train,1139.0,2,0.13913269340991974,0.15078599750995636,0.14125925302505493,0.14431950449943542,0.14192403852939606,0.14225709438323975,0.14032143354415894
train,1140.0,4,0.13797149062156677,0.14530587196350098,0.13906218111515045,0.14870496094226837,0.14037781953811646,0.14142751693725586,0.14715012907981873
train,1142.0,3,0.1471860259771347,0.14762380719184875,0.14779964089393616,0.1353403478860855,0.1392747461795807,0.13931527733802795,0.14346018433570862
train,1143.0,3,0.14501798152923584,0.14559882879257202,0.15111517906188965,0.13837234675884247,0.13903579115867615,0.13940982520580292,0.1414501667022705
train,1146.0,1,0.14819392561912537,0.13678225874900818,0.1473366767168045,0.1425752341747284,0.13929510116577148,0.14446452260017395,0.14135238528251648
train,1147.0,7,0.14602726697921753,0.13478276133537292,0.14441117644309998,0.14323872327804565,0.13986091315746307,0.14483436942100525,0.1468447893857956
train,1148.0,1,0.14620660245418549,0.1331559121608734,0.14571714401245117,0.14451640844345093,0.14165395498275757,0.14341047406196594,0.14533962309360504
train,1149.0,7,0.15388649702072144,0.13252143561840057,0.135878786444664,0.13414229452610016,0.13994437456130981,0.14447267353534698,0.1591539829969406
train,1150.0,1,0.14664515852928162,0.14612959325313568,0.1394742727279663,0.1393190324306488,0.1455821841955185,0.13892237842082977,0.14392733573913574
train,1151.0,1,0.1480867564678192,0.13500460982322693,0.14491069316864014,0.14399167895317078,0.13997569680213928,0.14553819596767426,0.14249244332313538
train,1152.0,1,0.1481616199016571,0.14550833404064178,0.13870733976364136,0.13995401561260223,0.14452537894248962,0.13899242877960205,0.14415088295936584
train,1153.0,1,0.14499212801456451,0.14009808003902435,0.14005006849765778,0.14404918253421783,0.1420682817697525,0.14398442208766937,0.14475783705711365
train,1154.0,2,0.13869011402130127,0.15105795860290527,0.1381644755601883,0.14254730939865112,0.14504468441009521,0.14999881386756897,0.1344965696334839
train,1155.0,6,0.14337491989135742,0.13752628862857819,0.15043731033802032,0.14235550165176392,0.1395743042230606,0.15108732879161835,0.1356443464756012
train,1156.0,7,0.15347880125045776,0.13401789963245392,0.13183839619159698,0.13359667360782623,0.14299176633358002,0.1461157649755478,0.15796072781085968
train,1159.0,1,0.1521623730659485,0.14111661911010742,0.1462482511997223,0.1437988132238388,0.13826152682304382,0.14108288288116455,0.13732962310314178
train,1160.0,7,0.15538641810417175,0.13375462591648102,0.13413609564304352,0.13149042427539825,0.14380645751953125,0.1436031013727188,0.157822847366333
train,1162.0,6,0.1465037614107132,0.13791890442371368,0.14185543358325958,0.14410893619060516,0.14194223284721375,0.14877286553382874,0.13889773190021515
train,1163.0,2,0.14623621106147766,0.14796346426010132,0.14727771282196045,0.13727515935897827,0.1374063342809677,0.13813799619674683,0.14570312201976776
train,1164.0,3,0.14399515092372894,0.13980108499526978,0.14959852397441864,0.14331454038619995,0.1407792568206787,0.1434679627418518,0.13904334604740143
train,1165.0,7,0.1443496197462082,0.14285577833652496,0.13962297141551971,0.14068874716758728,0.13995623588562012,0.14005491137504578,0.15247169137001038
train,1166.0,2,0.13912342488765717,0.14572368562221527,0.14296670258045197,0.14289091527462006,0.14171138405799866,0.14414888620376587,0.14343500137329102
train,1167.0,2,0.1439986228942871,0.1459951400756836,0.14533457159996033,0.14210106432437897,0.13841412961483002,0.14501430094242096,0.13914214074611664
train,1168.0,6,0.14438757300376892,0.1441301852464676,0.14362762868404388,0.14373941719532013,0.13860011100769043,0.14684541523456573,0.1386697143316269
train,1169.0,1,0.14486606419086456,0.1438669115304947,0.14398916065692902,0.13658444583415985,0.144807830452919,0.14113181829452515,0.14475376904010773
train,1171.0,2,0.13662807643413544,0.14612603187561035,0.14005111157894135,0.14562180638313293,0.14367839694023132,0.14195415377616882,0.14594049751758575
train,1172.0,7,0.13748759031295776,0.14631287753582,0.13954678177833557,0.14405478537082672,0.14189714193344116,0.14314956963062286,0.1475512683391571
train,1173.0,3,0.14801132678985596,0.13437753915786743,0.14957106113433838,0.14206354320049286,0.13986341655254364,0.14732101559638977,0.13879212737083435
train,1174.0,1,0.14974449574947357,0.13572804629802704,0.14661264419555664,0.14025871455669403,0.143224835395813,0.14441293478012085,0.1400183141231537
train,1175.0,3,0.14729046821594238,0.13522109389305115,0.14738650619983673,0.14361980557441711,0.14003926515579224,0.14399780333042145,0.14244504272937775
train,1176.0,1,0.1486574411392212,0.13608285784721375,0.14654994010925293,0.1432872712612152,0.140029177069664,0.14399340748786926,0.14139989018440247
train,1177.0,6,0.14735981822013855,0.13813334703445435,0.1442352682352066,0.1428077667951584,0.14279131591320038,0.14880329370498657,0.13586917519569397
train,1179.0,1,0.14811544120311737,0.13587522506713867,0.14487770199775696,0.14469216763973236,0.13960033655166626,0.142967090010643,0.14387212693691254
train,1180.0,2,0.14334362745285034,0.15349102020263672,0.14047691226005554,0.1430550366640091,0.13976459205150604,0.140752911567688,0.13911589980125427
train,1181.0,3,0.14329776167869568,0.14427635073661804,0.1445082575082779,0.14136186242103577,0.14272868633270264,0.14423370361328125,0.1395934671163559
train,1182.0,1,0.15564323961734772,0.13232553005218506,0.1336459219455719,0.1334736943244934,0.143637552857399,0.14786039292812347,0.1534138023853302
train,1183.0,3,0.14543943107128143,0.1463744044303894,0.1480359137058258,0.13531328737735748,0.1404251754283905,0.13745200634002686,0.14695988595485687
train,1185.0,1,0.15081867575645447,0.13482193648815155,0.14458875358104706,0.1434614360332489,0.13932353258132935,0.14297939836978912,0.14400626718997955
train,1186.0,3,0.14326585829257965,0.13797171413898468,0.15367275476455688,0.14178019762039185,0.13928894698619843,0.1493750512599945,0.13464555144309998
train,1187.0,2,0.13659843802452087,0.14780549705028534,0.14307986199855804,0.1453949362039566,0.14139260351657867,0.14387695491313934,0.14185167849063873
train,1189.0,2,0.14496952295303345,0.1467556655406952,0.14511936902999878,0.14372576773166656,0.1395334005355835,0.144192174077034,0.13570405542850494
train,1191.0,1,0.14922237396240234,0.1347147524356842,0.14692088961601257,0.14183644950389862,0.13971303403377533,0.14535680413246155,0.14223575592041016
train,1192.0,7,0.14565245807170868,0.14024333655834198,0.1452035903930664,0.14045478403568268,0.14051322638988495,0.1403673142194748,0.14756527543067932
test,11.0,1,0.1611558198928833,0.13569208979606628,0.14346003532409668,0.15749222040176392,0.1365818828344345,0.14354953169822693,0.12206843495368958
test,24.0,2,0.15001986920833588,0.15132048726081848,0.14253948628902435,0.14155720174312592,0.1329299360513687,0.1431901901960373,0.13844290375709534
test,32.0,4,0.143214613199234,0.14339250326156616,0.14256957173347473,0.14446373283863068,0.14260606467723846,0.1426880955696106,0.14106544852256775
test,45.0,7,0.14588478207588196,0.1386270970106125,0.14248991012573242,0.14510056376457214,0.13914281129837036,0.13968998193740845,0.14906476438045502
test,50.0,1,0.14750957489013672,0.14248719811439514,0.1409572958946228,0.1442488580942154,0.14436441659927368,0.13765519857406616,0.14277750253677368
test,52.0,5,0.13782896101474762,0.14591345191001892,0.14568734169006348,0.1452500820159912,0.1465083658695221,0.14246933162212372,0.13634243607521057
test,55.0,1,0.14840875566005707,0.1452782303094864,0.1426258236169815,0.14312416315078735,0.13990479707717896,0.1423182189464569,0.138340026140213
test,57.0,2,0.14302906394004822,0.14339332282543182,0.1432444304227829,0.1429113745689392,0.1431831568479538,0.14312700927257538,0.1411115974187851
test,59.0,2,0.14011815190315247,0.14436186850070953,0.1438799649477005,0.1436469405889511,0.14410218596458435,0.14422756433486938,0.13966335356235504
test,60.0,1,0.1433359682559967,0.1430523544549942,0.1423383504152298,0.1433180868625641,0.14285263419151306,0.1433008909225464,0.14180171489715576
test,64.0,5,0.14343063533306122,0.13609319925308228,0.1413489580154419,0.14310146868228912,0.14671194553375244,0.14358335733413696,0.14573045074939728
test,71.0,7,0.1390889585018158,0.14374086260795593,0.1426442265510559,0.1382472664117813,0.14233335852622986,0.1464765965938568,0.147468701004982
test,77.0,2,0.14306707680225372,0.14376957714557648,0.14328092336654663,0.14264823496341705,0.14304450154304504,0.142945796251297,0.14124396443367004
test,82.0,5,0.14343063533306122,0.13609319925308228,0.1413489580154419,0.14310146868228912,0.14671194553375244,0.14358335733413696,0.14573045074939728
test,84.0,7,0.14419911801815033,0.1399775892496109,0.13842082023620605,0.1440097689628601,0.14489611983299255,0.14045046269893646,0.14804618060588837
test,87.0,4,0.14821429550647736,0.13490940630435944,0.14389275014400482,0.15011940896511078,0.14091645181179047,0.1448151022195816,0.13713262975215912
test,89.0,4,0.1422756463289261,0.14018000662326813,0.14430741965770721,0.1505793035030365,0.14234939217567444,0.13871003687381744,0.1415981948375702
test,97.0,4,0.14321468770503998,0.14117485284805298,0.13910065591335297,0.14606228470802307,0.1419324278831482,0.14486467838287354,0.14365042746067047
test,102.0,7,0.1390889585018158,0.14374086260795593,0.1426442265510559,0.1382472664117813,0.14233335852622986,0.1464765965938568,0.147468701004982
test,108.0,3,0.1428302377462387,0.1397446244955063,0.14767488837242126,0.14636938273906708,0.1451381891965866,0.14269514381885529,0.13554741442203522
test,110.0,5,0.13800989091396332,0.14791816473007202,0.14179262518882751,0.1406552791595459,0.14863130450248718,0.14297416806221008,0.14001858234405518
test,114.0,5,0.14255893230438232,0.14261017739772797,0.142904132604599,0.14285685122013092,0.14353421330451965,0.1428016722202301,0.14273391664028168
test,129.0,1,0.14856937527656555,0.147213414311409,0.13964109122753143,0.1382087916135788,0.14335554838180542,0.14519751071929932,0.1378142088651657
test,130.0,6,0.14282318949699402,0.14289875328540802,0.14278866350650787,0.1428835541009903,0.14274193346500397,0.14295096695423126,0.14291301369667053
test,139.0,4,0.14229698479175568,0.14281898736953735,0.14302407205104828,0.1444866806268692,0.14197970926761627,0.142736554145813,0.14265702664852142
test,140.0,3,0.1423569917678833,0.14310318231582642,0.1436270773410797,0.14353591203689575,0.14310438930988312,0.14312782883644104,0.14114470779895782
test,141.0,3,0.14282751083374023,0.14319366216659546,0.14326316118240356,0.14244766533374786,0.14289996027946472,0.14296792447566986,0.14240019023418427
test,142.0,3,0.14282751083374023,0.14319366216659546,0.14326316118240356,0.14244766533374786,0.14289996027946472,0.14296792447566986,0.14240019023418427
test,156.0,1,0.1447240114212036,0.14369407296180725,0.14327862858772278,0.14392508566379547,0.14097192883491516,0.14310264587402344,0.1403036266565323
test,157.0,1,0.1447240114212036,0.14369407296180725,0.14327862858772278,0.14392508566379547,0.14097192883491516,0.14310264587402344,0.1403036266565323
test,159.0,4,0.14242635667324066,0.14329083263874054,0.1432161182165146,0.14339123666286469,0.1431400626897812,0.14233346283435822,0.14220193028450012
test,164.0,7,0.14283543825149536,0.14285965263843536,0.14279520511627197,0.1428644061088562,0.14283087849617004,0.1428949385881424,0.1429193764925003
test,169.0,3,0.1428302377462387,0.1397446244955063,0.14767488837242126,0.14636938273906708,0.1451381891965866,0.14269514381885529,0.13554741442203522
test,171.0,3,0.14103347063064575,0.13918522000312805,0.14759454131126404,0.14499855041503906,0.14703752100467682,0.14393006265163422,0.13622069358825684
test,175.0,5,0.13800989091396332,0.14791816473007202,0.14179262518882751,0.1406552791595459,0.14863130450248718,0.14297416806221008,0.14001858234405518
test,193.0,4,0.14350681006908417,0.1435631513595581,0.14206339418888092,0.14456188678741455,0.14303776621818542,0.14229251444339752,0.1409744918346405
test,200.0,3,0.14262554049491882,0.14297471940517426,0.14337515830993652,0.14294074475765228,0.14264310896396637,0.14311708509922028,0.14232362806797028
test,201.0,7,0.14777985215187073,0.12566135823726654,0.1428823620080948,0.14377561211585999,0.14855578541755676,0.14213858544826508,0.14920654892921448
test,210.0,1,0.14563487470149994,0.14342345297336578,0.14148502051830292,0.1425894945859909,0.13691462576389313,0.1448686569929123,0.14508388936519623
test,211.0,3,0.1427217572927475,0.14321830868721008,0.14322662353515625,0.1427854746580124,0.14258745312690735,0.1426512897014618,0.14280906319618225
test,212.0,4,0.14303970336914062,0.142687126994133,0.142519012093544,0.14322982728481293,0.1429613083600998,0.14307913184165955,0.1424838751554489
test,220.0,5,0.13903848826885223,0.12756645679473877,0.14805325865745544,0.145577073097229,0.15416176617145538,0.14453382790088654,0.14106908440589905
test,222.0,7,0.14228306710720062,0.14257435500621796,0.1433362066745758,0.14289796352386475,0.1426035612821579,0.1429576277732849,0.14334729313850403
test,226.0,4,0.14349937438964844,0.12874382734298706,0.14855307340621948,0.15017403662204742,0.13879767060279846,0.14553935825824738,0.1446927785873413
test,233.0,1,0.14801274240016937,0.1426900029182434,0.1427520513534546,0.1461816132068634,0.1398131251335144,0.14239773154258728,0.13815276324748993
test,235.0,4,0.14947788417339325,0.14375433325767517,0.1438334882259369,0.1510847955942154,0.13565000891685486,0.14728710055351257,0.12891240417957306
test,242.0,2,0.14500784873962402,0.14908356964588165,0.1422172635793686,0.14816971123218536,0.14219850301742554,0.1379651576280594,0.1353580355644226
test,245.0,6,0.14185336232185364,0.1375311017036438,0.14233021438121796,0.14308159053325653,0.14506906270980835,0.14758694171905518,0.14254771173000336
test,246.0,6,0.14248117804527283,0.14261320233345032,0.14296956360340118,0.14319144189357758,0.1432727575302124,0.1433253288269043,0.14214648306369781
test,263.0,4,0.14246559143066406,0.14252150058746338,0.14295066893100739,0.14325755834579468,0.14275763928890228,0.14304186403751373,0.14300517737865448
test,268.0,3,0.1346524953842163,0.1432584673166275,0.1526568979024887,0.14473044872283936,0.1417643129825592,0.14208078384399414,0.14085653424263
test,273.0,2,0.1438826024532318,0.14957256615161896,0.13732416927814484,0.14607393741607666,0.1457512527704239,0.14561955630779266,0.13177582621574402
test,277.0,4,0.1422806680202484,0.14350469410419464,0.14360015094280243,0.1450611799955368,0.14329271018505096,0.14340484142303467,0.1388557404279709
test,280.0,6,0.13892988860607147,0.1380215287208557,0.14215019345283508,0.1466602385044098,0.1427449733018875,0.14713969826698303,0.14435352385044098
test,289.0,4,0.1427745670080185,0.14297091960906982,0.143015518784523,0.14352239668369293,0.14291901886463165,0.14277608692646027,0.14202144742012024
test,292.0,5,0.14267924427986145,0.14110103249549866,0.142610102891922,0.1418982297182083,0.14571498334407806,0.1442490965127945,0.14174731075763702
test,293.0,2,0.1438826024532318,0.14957256615161896,0.13732416927814484,0.14607393741607666,0.1457512527704239,0.14561955630779266,0.13177582621574402
test,295.0,2,0.14274391531944275,0.14318543672561646,0.1430685818195343,0.14287516474723816,0.14277946949005127,0.14311622083187103,0.1422313153743744
test,297.0,6,0.14308729767799377,0.14292074739933014,0.14298638701438904,0.14323893189430237,0.14282271265983582,0.14352060854434967,0.14142338931560516
test,299.0,3,0.1386929303407669,0.13532228767871857,0.15084153413772583,0.14325056970119476,0.14883485436439514,0.14139240980148315,0.14166542887687683
test,309.0,4,0.14347587525844574,0.1431250274181366,0.14322225749492645,0.1445266306400299,0.1422351598739624,0.14390625059604645,0.13950873911380768
test,311.0,4,0.14297501742839813,0.143601655960083,0.14284159243106842,0.14383241534233093,0.1421463042497635,0.1429198831319809,0.14168299734592438
test,312.0,4,0.14297501742839813,0.143601655960083,0.14284159243106842,0.14383241534233093,0.1421463042497635,0.1429198831319809,0.14168299734592438
test,322.0,3,0.1428089141845703,0.14289414882659912,0.14290973544120789,0.14290089905261993,0.14279702305793762,0.14286251366138458,0.14282678067684174
test,324.0,6,0.14290709793567657,0.14224739372730255,0.14324341714382172,0.14299367368221283,0.14344991743564606,0.14367547631263733,0.14148306846618652
test,326.0,2,0.14000533521175385,0.15228843688964844,0.13911676406860352,0.1431136578321457,0.1429719626903534,0.1435314416885376,0.13897249102592468
test,330.0,6,0.14626383781433105,0.14262980222702026,0.14130899310112,0.14602696895599365,0.1338658481836319,0.14894771575927734,0.1409568190574646
test,331.0,3,0.14215226471424103,0.1419639140367508,0.14359687268733978,0.14288204908370972,0.14328519999980927,0.14313368499279022,0.14298616349697113
test,334.0,3,0.1386929303407669,0.13532228767871857,0.15084153413772583,0.14325056970119476,0.14883485436439514,0.14139240980148315,0.14166542887687683
test,335.0,2,0.14000533521175385,0.15228843688964844,0.13911676406860352,0.1431136578321457,0.1429719626903534,0.1435314416885376,0.13897249102592468
test,336.0,2,0.14000533521175385,0.15228843688964844,0.13911676406860352,0.1431136578321457,0.1429719626903534,0.1435314416885376,0.13897249102592468
test,347.0,2,0.14162017405033112,0.15308044850826263,0.1399300992488861,0.14189381897449493,0.14716432988643646,0.1460069715976715,0.13030414283275604
test,355.0,3,0.14283977448940277,0.14235861599445343,0.14417080581188202,0.14246828854084015,0.14222122728824615,0.14189079403877258,0.14405053853988647
test,358.0,4,0.1431073248386383,0.14255666732788086,0.14304319024085999,0.14378537237644196,0.14278541505336761,0.14326779544353485,0.14145416021347046
test,364.0,6,0.1387353092432022,0.14270058274269104,0.1469094455242157,0.1455325037240982,0.1396157294511795,0.14734113216400146,0.13916531205177307
test,365.0,7,0.14260967075824738,0.14260590076446533,0.14173772931098938,0.14321492612361908,0.14214803278446198,0.14343564212322235,0.14424815773963928
test,370.0,7,0.14247938990592957,0.14291729032993317,0.14298495650291443,0.14255113899707794,0.14303213357925415,0.14275386929512024,0.14328116178512573
test,374.0,5,0.14253132045269012,0.14327402412891388,0.14151689410209656,0.14298363029956818,0.1448386162519455,0.14197008311748505,0.14288540184497833
test,379.0,4,0.14239193499088287,0.14268285036087036,0.14272542297840118,0.14361777901649475,0.14324313402175903,0.14238202571868896,0.1429569572210312
test,380.0,4,0.14294499158859253,0.14265941083431244,0.14293807744979858,0.14332225918769836,0.14274784922599792,0.143230602145195,0.14215688407421112
test,383.0,3,0.14094717800617218,0.14388814568519592,0.1517268270254135,0.14280785620212555,0.1400914490222931,0.13823311030864716,0.14230547845363617
test,385.0,3,0.14094717800617218,0.14388814568519592,0.1517268270254135,0.14280785620212555,0.1400914490222931,0.13823311030864716,0.14230547845363617
test,393.0,5,0.13500908017158508,0.1431952267885208,0.14211349189281464,0.14317038655281067,0.15135835111141205,0.14227938652038574,0.14287406206130981
test,397.0,2,0.14182505011558533,0.14366959035396576,0.14320775866508484,0.14217329025268555,0.14301294088363647,0.143290176987648,0.14282117784023285
test,401.0,2,0.15001986920833588,0.15132048726081848,0.14253948628902435,0.14155720174312592,0.1329299360513687,0.1431901901960373,0.13844290375709534
test,413.0,4,0.1422756463289261,0.14018000662326813,0.14430741965770721,0.1505793035030365,0.14234939217567444,0.13871003687381744,0.1415981948375702
test,423.0,6,0.1426936239004135,0.13580606877803802,0.14084948599338531,0.1459406167268753,0.14680668711662292,0.14694169163703918,0.14096195995807648
test,426.0,3,0.1346524953842163,0.1432584673166275,0.1526568979024887,0.14473044872283936,0.1417643129825592,0.14208078384399414,0.14085653424263
test,427.0,2,0.14169754087924957,0.1452791839838028,0.1424141377210617,0.14156563580036163,0.1438409388065338,0.14168454706668854,0.1435180902481079
test,428.0,6,0.1429661214351654,0.14289705455303192,0.14269989728927612,0.14326687157154083,0.14314651489257812,0.14357316493988037,0.14145036041736603
test,432.0,2,0.14000533521175385,0.15228843688964844,0.13911676406860352,0.1431136578321457,0.1429719626903534,0.1435314416885376,0.13897249102592468
test,435.0,7,0.14279936254024506,0.142918661236763,0.1428438425064087,0.1429212987422943,0.14252251386642456,0.1428680419921875,0.14312618970870972
test,444.0,4,0.14413957297801971,0.14090412855148315,0.14331719279289246,0.14499890804290771,0.14367076754570007,0.14415666460990906,0.13881270587444305
test,452.0,1,0.14521358907222748,0.14297793805599213,0.1438750922679901,0.14191538095474243,0.1430213302373886,0.1405387669801712,0.14245794713497162
test,456.0,4,0.14413957297801971,0.14090412855148315,0.14331719279289246,0.14499890804290771,0.14367076754570007,0.14415666460990906,0.13881270587444305
test,458.0,4,0.14145709574222565,0.1421610563993454,0.1418575793504715,0.14654427766799927,0.1404382586479187,0.14427681267261505,0.1432650238275528
test,463.0,4,0.14174792170524597,0.14464813470840454,0.14385125041007996,0.14668065309524536,0.14363528788089752,0.14380702376365662,0.1356297731399536
test,466.0,1,0.1611558198928833,0.13569208979606628,0.14346003532409668,0.15749222040176392,0.1365818828344345,0.14354953169822693,0.12206843495368958
test,470.0,4,0.14145709574222565,0.1421610563993454,0.1418575793504715,0.14654427766799927,0.1404382586479187,0.14427681267261505,0.1432650238275528
test,482.0,5,0.14524507522583008,0.14017440378665924,0.14464987814426422,0.14288917183876038,0.1459842175245285,0.14244885742664337,0.13860847055912018
test,487.0,2,0.13762275874614716,0.15763750672340393,0.14081449806690216,0.1376894861459732,0.1428818553686142,0.14019976556301117,0.14315426349639893
test,490.0,2,0.13762275874614716,0.15763750672340393,0.14081449806690216,0.1376894861459732,0.1428818553686142,0.14019976556301117,0.14315426349639893
test,495.0,5,0.14579126238822937,0.14199532568454742,0.13839668035507202,0.14222989976406097,0.14775295555591583,0.14462445676326752,0.13920944929122925
test,499.0,5,0.141815647482872,0.12425081431865692,0.1488412320613861,0.14676931500434875,0.14912573993206024,0.1483994424343109,0.14079777896404266
test,519.0,4,0.14415419101715088,0.1382712721824646,0.1406431496143341,0.14725351333618164,0.14551077783107758,0.1438797265291214,0.1402873992919922
test,527.0,3,0.1428302377462387,0.1397446244955063,0.14767488837242126,0.14636938273906708,0.1451381891965866,0.14269514381885529,0.13554741442203522
test,528.0,2,0.14304527640342712,0.14574836194515228,0.14337030053138733,0.14373484253883362,0.14100955426692963,0.14397265017032623,0.13911888003349304
test,533.0,7,0.14209389686584473,0.14362092316150665,0.14236386120319366,0.14348815381526947,0.13983795046806335,0.14415520429611206,0.14444005489349365
test,537.0,2,0.1428760141134262,0.14293761551380157,0.1428476870059967,0.14283618330955505,0.14283668994903564,0.14288771152496338,0.14277809858322144
test,538.0,4,0.14321653544902802,0.1428951770067215,0.14297355711460114,0.1435137838125229,0.1434292495250702,0.14309242367744446,0.14087924361228943
test,539.0,2,0.14295580983161926,0.14347752928733826,0.14336611330509186,0.14278589189052582,0.14283537864685059,0.14296267926692963,0.14161668717861176
test,553.0,3,0.14519552886486053,0.1406967043876648,0.14567139744758606,0.1443953812122345,0.14383283257484436,0.14389364421367645,0.13631446659564972
test,554.0,3,0.14593768119812012,0.13602039217948914,0.14620770514011383,0.14244608581066132,0.14422474801540375,0.14067703485488892,0.1444864571094513
test,565.0,1,0.14801274240016937,0.1426900029182434,0.1427520513534546,0.1461816132068634,0.1398131251335144,0.14239773154258728,0.13815276324748993
test,566.0,4,0.14947788417339325,0.14375433325767517,0.1438334882259369,0.1510847955942154,0.13565000891685486,0.14728710055351257,0.12891240417957306
test,571.0,3,0.14294935762882233,0.1406947374343872,0.1489022970199585,0.143729105591774,0.13825803995132446,0.14459234476089478,0.14087411761283875
test,572.0,5,0.14267924427986145,0.14110103249549866,0.142610102891922,0.1418982297182083,0.14571498334407806,0.1442490965127945,0.14174731075763702
test,575.0,3,0.14519552886486053,0.1406967043876648,0.14567139744758606,0.1443953812122345,0.14383283257484436,0.14389364421367645,0.13631446659564972
test,577.0,3,0.14593768119812012,0.13602039217948914,0.14620770514011383,0.14244608581066132,0.14422474801540375,0.14067703485488892,0.1444864571094513
test,590.0,3,0.14593768119812012,0.13602039217948914,0.14620770514011383,0.14244608581066132,0.14422474801540375,0.14067703485488892,0.1444864571094513
test,593.0,6,0.14057140052318573,0.14552372694015503,0.13886898756027222,0.14411313831806183,0.14054250717163086,0.1464070975780487,0.14397311210632324
test,594.0,6,0.14057140052318573,0.14552372694015503,0.13886898756027222,0.14411313831806183,0.14054250717163086,0.1464070975780487,0.14397311210632324
test,598.0,3,0.14593768119812012,0.13602039217948914,0.14620770514011383,0.14244608581066132,0.14422474801540375,0.14067703485488892,0.1444864571094513
test,603.0,1,0.15345585346221924,0.13825705647468567,0.14287668466567993,0.14403453469276428,0.13873909413814545,0.13808006048202515,0.1445567011833191
test,607.0,1,0.14348644018173218,0.14333468675613403,0.1427089124917984,0.14316578209400177,0.14178435504436493,0.1431145966053009,0.14240527153015137
test,610.0,3,0.14519552886486053,0.1406967043876648,0.14567139744758606,0.1443953812122345,0.14383283257484436,0.14389364421367645,0.13631446659564972
test,622.0,1,0.15280283987522125,0.1430322825908661,0.1425946056842804,0.1418997049331665,0.1438589096069336,0.14480766654014587,0.13100415468215942
test,623.0,1,0.14298607409000397,0.14298200607299805,0.14289700984954834,0.14285704493522644,0.14293088018894196,0.14281263947486877,0.14253413677215576
test,625.0,1,0.14546798169612885,0.14062577486038208,0.1438692808151245,0.14338012039661407,0.14387120306491852,0.14287789165973663,0.13990779221057892
test,626.0,4,0.1422806680202484,0.14350469410419464,0.14360015094280243,0.1450611799955368,0.14329271018505096,0.14340484142303467,0.1388557404279709
test,635.0,3,0.14294935762882233,0.1406947374343872,0.1489022970199585,0.143729105591774,0.13825803995132446,0.14459234476089478,0.14087411761283875
test,639.0,3,0.14519552886486053,0.1406967043876648,0.14567139744758606,0.1443953812122345,0.14383283257484436,0.14389364421367645,0.13631446659564972
test,641.0,3,0.14593768119812012,0.13602039217948914,0.14620770514011383,0.14244608581066132,0.14422474801540375,0.14067703485488892,0.1444864571094513
test,648.0,5,0.1426081508398056,0.14075149595737457,0.1394987553358078,0.14191706478595734,0.14792342483997345,0.14736799895763397,0.13993310928344727
test,649.0,6,0.14057140052318573,0.14552372694015503,0.13886898756027222,0.14411313831806183,0.14054250717163086,0.1464070975780487,0.14397311210632324
test,655.0,5,0.1426081508398056,0.14075149595737457,0.1394987553358078,0.14191706478595734,0.14792342483997345,0.14736799895763397,0.13993310928344727
test,657.0,3,0.13974063098430634,0.1397070288658142,0.14952269196510315,0.1410161405801773,0.1414518654346466,0.14301565289497375,0.14554600417613983
test,665.0,3,0.13913635909557343,0.14047718048095703,0.14639611542224884,0.14233514666557312,0.14511524140834808,0.14191627502441406,0.1446237564086914
test,671.0,1,0.15349750220775604,0.1442713439464569,0.13836947083473206,0.1431727111339569,0.1376846432685852,0.13182567059993744,0.15117862820625305
test,672.0,1,0.15349750220775604,0.1442713439464569,0.13836947083473206,0.1431727111339569,0.1376846432685852,0.13182567059993744,0.15117862820625305
test,676.0,2,0.14067183434963226,0.15163134038448334,0.12773722410202026,0.14439897239208221,0.13781920075416565,0.14789274334907532,0.14984866976737976
test,680.0,3,0.14005184173583984,0.13681906461715698,0.1516096293926239,0.14378070831298828,0.14391712844371796,0.1384691298007965,0.1453525722026825
test,683.0,4,0.14200545847415924,0.14216989278793335,0.14378158748149872,0.14381207525730133,0.14271429181098938,0.1431059092283249,0.14241085946559906
test,687.0,1,0.15340085327625275,0.1347239911556244,0.13861219584941864,0.14648489654064178,0.1439344435930252,0.1453448385000229,0.13749872148036957
test,693.0,5,0.14372456073760986,0.12706924974918365,0.13864871859550476,0.14104008674621582,0.15282002091407776,0.14893914759159088,0.14775829017162323
test,719.0,1,0.15349750220775604,0.1442713439464569,0.13836947083473206,0.1431727111339569,0.1376846432685852,0.13182567059993744,0.15117862820625305
test,721.0,1,0.15349750220775604,0.1442713439464569,0.13836947083473206,0.1431727111339569,0.1376846432685852,0.13182567059993744,0.15117862820625305
test,723.0,1,0.15349750220775604,0.1442713439464569,0.13836947083473206,0.1431727111339569,0.1376846432685852,0.13182567059993744,0.15117862820625305
test,727.0,1,0.15349750220775604,0.1442713439464569,0.13836947083473206,0.1431727111339569,0.1376846432685852,0.13182567059993744,0.15117862820625305
test,728.0,1,0.15349750220775604,0.1442713439464569,0.13836947083473206,0.1431727111339569,0.1376846432685852,0.13182567059993744,0.15117862820625305
test,732.0,2,0.14067183434963226,0.15163134038448334,0.12773722410202026,0.14439897239208221,0.13781920075416565,0.14789274334907532,0.14984866976737976
test,736.0,2,0.14067183434963226,0.15163134038448334,0.12773722410202026,0.14439897239208221,0.13781920075416565,0.14789274334907532,0.14984866976737976
test,748.0,3,0.14387251436710358,0.1457199603319168,0.14732354879379272,0.13419674336910248,0.1450681835412979,0.13909931480884552,0.14471977949142456
test,757.0,1,0.15340085327625275,0.1347239911556244,0.13861219584941864,0.14648489654064178,0.1439344435930252,0.1453448385000229,0.13749872148036957
test,758.0,7,0.13884244859218597,0.13138753175735474,0.14407038688659668,0.1463727205991745,0.1445428431034088,0.14220783114433289,0.1525762975215912
test,759.0,5,0.14225822687149048,0.1427844613790512,0.14239680767059326,0.14351728558540344,0.14364522695541382,0.14325927197933197,0.14213865995407104
test,761.0,2,0.14162017405033112,0.15308044850826263,0.1399300992488861,0.14189381897449493,0.14716432988643646,0.1460069715976715,0.13030414283275604
test,765.0,5,0.13500908017158508,0.1431952267885208,0.14211349189281464,0.14317038655281067,0.15135835111141205,0.14227938652038574,0.14287406206130981
test,769.0,5,0.13500908017158508,0.1431952267885208,0.14211349189281464,0.14317038655281067,0.15135835111141205,0.14227938652038574,0.14287406206130981
test,785.0,1,0.15200074017047882,0.1354115605354309,0.138205885887146,0.1360408067703247,0.14787884056568146,0.14934313297271729,0.14111918210983276
test,794.0,3,0.13411793112754822,0.1423492431640625,0.14791062474250793,0.14640039205551147,0.1417253464460373,0.14742279052734375,0.14007361233234406
test,801.0,1,0.15349750220775604,0.1442713439464569,0.13836947083473206,0.1431727111339569,0.1376846432685852,0.13182567059993744,0.15117862820625305
test,806.0,3,0.14426739513874054,0.14331546425819397,0.14721550047397614,0.1407751888036728,0.13788406550884247,0.14060962200164795,0.14593274891376495
test,808.0,3,0.14005184173583984,0.13681906461715698,0.1516096293926239,0.14378070831298828,0.14391712844371796,0.1384691298007965,0.1453525722026825
test,812.0,1,0.15340085327625275,0.1347239911556244,0.13861219584941864,0.14648489654064178,0.1439344435930252,0.1453448385000229,0.13749872148036957
test,816.0,2,0.14162017405033112,0.15308044850826263,0.1399300992488861,0.14189381897449493,0.14716432988643646,0.1460069715976715,0.13030414283275604
test,821.0,5,0.13500908017158508,0.1431952267885208,0.14211349189281464,0.14317038655281067,0.15135835111141205,0.14227938652038574,0.14287406206130981
test,825.0,5,0.13500908017158508,0.1431952267885208,0.14211349189281464,0.14317038655281067,0.15135835111141205,0.14227938652038574,0.14287406206130981
test,831.0,6,0.14226017892360687,0.1368636190891266,0.14280496537685394,0.1431080549955368,0.1418866664171219,0.14942388236522675,0.14365261793136597
test,837.0,5,0.14372456073760986,0.12706924974918365,0.13864871859550476,0.14104008674621582,0.15282002091407776,0.14893914759159088,0.14775829017162323
test,838.0,2,0.14067183434963226,0.15163134038448334,0.12773722410202026,0.14439897239208221,0.13781920075416565,0.14789274334907532,0.14984866976737976
test,842.0,1,0.15340085327625275,0.1347239911556244,0.13861219584941864,0.14648489654064178,0.1439344435930252,0.1453448385000229,0.13749872148036957
test,852.0,4,0.14768187701702118,0.13176389038562775,0.14365005493164062,0.15061646699905396,0.13644392788410187,0.1438489407300949,0.1459948718547821
test,855.0,4,0.14768187701702118,0.13176389038562775,0.14365005493164062,0.15061646699905396,0.13644392788410187,0.1438489407300949,0.1459948718547821
test,857.0,4,0.14768187701702118,0.13176389038562775,0.14365005493164062,0.15061646699905396,0.13644392788410187,0.1438489407300949,0.1459948718547821
test,858.0,4,0.14768187701702118,0.13176389038562775,0.14365005493164062,0.15061646699905396,0.13644392788410187,0.1438489407300949,0.1459948718547821
test,864.0,1,0.15349750220775604,0.1442713439464569,0.13836947083473206,0.1431727111339569,0.1376846432685852,0.13182567059993744,0.15117862820625305
test,880.0,2,0.14067183434963226,0.15163134038448334,0.12773722410202026,0.14439897239208221,0.13781920075416565,0.14789274334907532,0.14984866976737976
test,890.0,1,0.15349750220775604,0.1442713439464569,0.13836947083473206,0.1431727111339569,0.1376846432685852,0.13182567059993744,0.15117862820625305
test,893.0,1,0.15349750220775604,0.1442713439464569,0.13836947083473206,0.1431727111339569,0.1376846432685852,0.13182567059993744,0.15117862820625305
test,894.0,7,0.14254724979400635,0.14175204932689667,0.14293381571769714,0.1432221680879593,0.14236144721508026,0.14275088906288147,0.1444324404001236
test,897.0,1,0.15340085327625275,0.1347239911556244,0.13861219584941864,0.14648489654064178,0.1439344435930252,0.1453448385000229,0.13749872148036957
test,907.0,5,0.13500908017158508,0.1431952267885208,0.14211349189281464,0.14317038655281067,0.15135835111141205,0.14227938652038574,0.14287406206130981
test,909.0,5,0.13500908017158508,0.1431952267885208,0.14211349189281464,0.14317038655281067,0.15135835111141205,0.14227938652038574,0.14287406206130981
test,912.0,5,0.13500908017158508,0.1431952267885208,0.14211349189281464,0.14317038655281067,0.15135835111141205,0.14227938652038574,0.14287406206130981
test,915.0,1,0.15200074017047882,0.1354115605354309,0.138205885887146,0.1360408067703247,0.14787884056568146,0.14934313297271729,0.14111918210983276
test,916.0,1,0.15200074017047882,0.1354115605354309,0.138205885887146,0.1360408067703247,0.14787884056568146,0.14934313297271729,0.14111918210983276
test,922.0,5,0.13500908017158508,0.1431952267885208,0.14211349189281464,0.14317038655281067,0.15135835111141205,0.14227938652038574,0.14287406206130981
test,923.0,5,0.13500908017158508,0.1431952267885208,0.14211349189281464,0.14317038655281067,0.15135835111141205,0.14227938652038574,0.14287406206130981
test,928.0,1,0.15349750220775604,0.1442713439464569,0.13836947083473206,0.1431727111339569,0.1376846432685852,0.13182567059993744,0.15117862820625305
test,931.0,1,0.15340085327625275,0.1347239911556244,0.13861219584941864,0.14648489654064178,0.1439344435930252,0.1453448385000229,0.13749872148036957
test,935.0,2,0.14162017405033112,0.15308044850826263,0.1399300992488861,0.14189381897449493,0.14716432988643646,0.1460069715976715,0.13030414283275604
test,937.0,2,0.14067183434963226,0.15163134038448334,0.12773722410202026,0.14439897239208221,0.13781920075416565,0.14789274334907532,0.14984866976737976
test,941.0,4,0.1425054371356964,0.13651207089424133,0.1431681364774704,0.14661256968975067,0.14546124637126923,0.1450446993112564,0.140695720911026
test,953.0,6,0.1405324786901474,0.14305070042610168,0.1442892849445343,0.14394523203372955,0.13907770812511444,0.14735054969787598,0.1417541205883026
test,955.0,1,0.14713004231452942,0.1358894258737564,0.1462799608707428,0.1446312516927719,0.1449088603258133,0.14168548583984375,0.1394750475883484
test,961.0,5,0.14451682567596436,0.13903109729290009,0.1389084905385971,0.14418049156665802,0.14660336077213287,0.14638768136501312,0.14037209749221802
test,975.0,3,0.1468622386455536,0.14644017815589905,0.1488272249698639,0.14058881998062134,0.13522280752658844,0.13912321627140045,0.14293551445007324
test,976.0,5,0.13105417788028717,0.13385827839374542,0.14148704707622528,0.14810271561145782,0.14914491772651672,0.14824678003787994,0.1481061428785324
test,982.0,3,0.1348351389169693,0.14580273628234863,0.14647160470485687,0.14602944254875183,0.14166411757469177,0.14403580129146576,0.14116112887859344
test,983.0,2,0.13898912072181702,0.1490827351808548,0.14617128670215607,0.14346858859062195,0.13975679874420166,0.1444389969110489,0.13809257745742798
test,984.0,2,0.13898912072181702,0.1490827351808548,0.14617128670215607,0.14346858859062195,0.13975679874420166,0.1444389969110489,0.13809257745742798
test,996.0,5,0.1451650708913803,0.13646602630615234,0.14556044340133667,0.14249980449676514,0.145844966173172,0.14373740553855896,0.14072640240192413
test,1001.0,5,0.14277762174606323,0.14184671640396118,0.14356213808059692,0.1416163444519043,0.14412818849086761,0.14230211079120636,0.14376679062843323
test,1002.0,5,0.14277762174606323,0.14184671640396118,0.14356213808059692,0.1416163444519043,0.14412818849086761,0.14230211079120636,0.14376679062843323
test,1003.0,5,0.14305533468723297,0.14232654869556427,0.14290261268615723,0.14289700984954834,0.14306366443634033,0.1429618000984192,0.14279301464557648
test,1007.0,7,0.14558885991573334,0.13648103177547455,0.13988056778907776,0.14651630818843842,0.1391555219888687,0.14567996561527252,0.14669786393642426
test,1011.0,6,0.14387279748916626,0.13869839906692505,0.14198899269104004,0.14523357152938843,0.13968613743782043,0.1470784842967987,0.1434417963027954
test,1014.0,6,0.14565013349056244,0.12343759089708328,0.14744071662425995,0.14146079123020172,0.14586110413074493,0.1486525982618332,0.14749710261821747
test,1023.0,5,0.14451682567596436,0.13903109729290009,0.1389084905385971,0.14418049156665802,0.14660336077213287,0.14638768136501312,0.14037209749221802
test,1028.0,5,0.14451682567596436,0.13903109729290009,0.1389084905385971,0.14418049156665802,0.14660336077213287,0.14638768136501312,0.14037209749221802
test,1037.0,5,0.13349634408950806,0.14584219455718994,0.14618301391601562,0.14372575283050537,0.15024638175964355,0.14296935498714447,0.13753698766231537
test,1041.0,5,0.14451682567596436,0.13903109729290009,0.1389084905385971,0.14418049156665802,0.14660336077213287,0.14638768136501312,0.14037209749221802
test,1052.0,2,0.1385623663663864,0.15743182599544525,0.13820144534111023,0.14592058956623077,0.13804641366004944,0.1433483511209488,0.13848888874053955
test,1055.0,1,0.14546096324920654,0.14067548513412476,0.14338800311088562,0.136344775557518,0.1447044014930725,0.143974170088768,0.14545224606990814
test,1059.0,4,0.14246335625648499,0.14277426898479462,0.1429484486579895,0.14355546236038208,0.14271356165409088,0.1429184377193451,0.1426265686750412
test,1060.0,5,0.14451682567596436,0.13903109729290009,0.1389084905385971,0.14418049156665802,0.14660336077213287,0.14638768136501312,0.14037209749221802
test,1084.0,5,0.14277762174606323,0.14184671640396118,0.14356213808059692,0.1416163444519043,0.14412818849086761,0.14230211079120636,0.14376679062843323
test,1085.0,2,0.1430147886276245,0.1467479020357132,0.14242003858089447,0.1405523717403412,0.14523306488990784,0.1422645002603531,0.13976743817329407
test,1088.0,2,0.1430147886276245,0.1467479020357132,0.14242003858089447,0.1405523717403412,0.14523306488990784,0.1422645002603531,0.13976743817329407
test,1097.0,7,0.14097139239311218,0.14275746047496796,0.14476832747459412,0.14176104962825775,0.14209552109241486,0.1422501653432846,0.14539611339569092
test,1106.0,7,0.14528852701187134,0.1419934630393982,0.14318691194057465,0.14332808554172516,0.1414703130722046,0.13943511247634888,0.14529763162136078
test,1114.0,7,0.14554397761821747,0.1403101533651352,0.1450699269771576,0.14053525030612946,0.14063110947608948,0.14053235948085785,0.14737728238105774
test,1117.0,7,0.14340580999851227,0.14203526079654694,0.14207673072814941,0.14115677773952484,0.14243164658546448,0.14274442195892334,0.1461494266986847
test,1125.0,7,0.14427857100963593,0.14285019040107727,0.13980822265148163,0.14074820280075073,0.14006735384464264,0.14022725820541382,0.1520201861858368
test,1126.0,2,0.14413446187973022,0.14620240032672882,0.14442117512226105,0.14393050968647003,0.13872219622135162,0.14547032117843628,0.13711890578269958
test,1129.0,3,0.14253100752830505,0.14230363070964813,0.14356139302253723,0.14321182668209076,0.14288343489170074,0.1432100087404251,0.14229868352413177
test,1141.0,3,0.14334945380687714,0.14262528717517853,0.14363379776477814,0.14220000803470612,0.1426454484462738,0.14293219149112701,0.14261384308338165
test,1144.0,3,0.14593401551246643,0.1468493789434433,0.1484585404396057,0.13664932548999786,0.13908609747886658,0.13866372406482697,0.14435885846614838
test,1145.0,2,0.14346566796302795,0.14413908123970032,0.14305679500102997,0.14341355860233307,0.14225368201732635,0.14269672334194183,0.14097453653812408
test,1157.0,7,0.14287909865379333,0.1428052932024002,0.142398402094841,0.14242422580718994,0.142765074968338,0.14268270134925842,0.14404529333114624
test,1158.0,1,0.14343975484371185,0.1425536870956421,0.14289136230945587,0.1430390626192093,0.14292451739311218,0.14291039109230042,0.14224126935005188
test,1161.0,1,0.14914602041244507,0.1421806663274765,0.14787788689136505,0.14261026680469513,0.1396532654762268,0.14180271327495575,0.13672927021980286
test,1170.0,7,0.13698449730873108,0.1461619734764099,0.13890084624290466,0.14613103866577148,0.14255328476428986,0.1421780288219452,0.14709033071994781
test,1178.0,4,0.1427449733018875,0.14264515042304993,0.14311498403549194,0.14313653111457825,0.14291121065616608,0.1430382877588272,0.14240899682044983
test,1184.0,7,0.14275333285331726,0.1423785537481308,0.1425395905971527,0.1423211544752121,0.1431875228881836,0.14286506175994873,0.14395472407341003
test,1188.0,2,0.14413446187973022,0.14620240032672882,0.14442117512226105,0.14393050968647003,0.13872219622135162,0.14547032117843628,0.13711890578269958
test,1190.0,2,0.14197704195976257,0.15139169991016388,0.14061275124549866,0.1449078768491745,0.1403464823961258,0.1420896053314209,0.13867446780204773
